id,user_id,iban,pan,pin,cvv,track1,track2,expiring_date,card_type,card_renewal_flag
CcU-2938,275,CA137550525951024363769804,5424465566813633,3257,984,%B8383712448554646^WovsxejDpwiev^86041142?7,%B7653863056044187=8007163336?3,04/27/28,credit,1
CcU-2945,274,CA657195557325315948524978,5142423821948828,9080,887,%B4621311609958661^UftuyfsSeimxn^0610628241?7,%B4149568437843501=5107140330?1,01/27/28,premium_credit,1
CcU-2952,273,CA749863982219203741201012,4556 453 55 5287,4598,438,%B2183285104307501^CddyytcUxwfdq^5907955430?9,%B6778580257827162=69068597400?7,08/29/28,credit,1
CcU-2959,272,CA164763652898476863375896,372461377349375,3583,667,%B7281111956795320^XocddijBckecd^09016253?3,%B4246154489281853=2805223916?8,08/29/28,credit,1
CcU-2966,271,CA913060993220307056913286,448566 886747 7265,4900,130,%B4728932322756223^JhlgvsuFbmwgj^72022894943?7,%B2318571115599881=8908215784?5,04/26/28,credit,1
CcU-2973,270,CA365825223870062682219085,544 58654 54343 384,8760,887,%B4761405253275637^HjnnipoBlejrl^7108515632?1,%B7816169831446746=13102772?9,01/25/28,premium_credit,1
CcU-2980,269,CA341582939756635827639269,402400 7145845969,5075,596,%B7320483593870549^OokzqxrHpased^49017394?3,%B2474313962214151=0412219131?5,05/27/28,credit,1
CcU-2987,268,CA318727359178676930266209,3763 747687 76666,2298,797,%B4750646345146674^PjmlyrfGwwtrf^83051712?6,%B5441935173418615=4103704536?7,10/29/28,debit,1
CcU-2994,267,CA630367980332608711706826,344283273252593,7545,595,%B1583759784015674^GmqoyhtUtoqrn^25078511?7,%B4141467473024349=65068009550?4,01/28/28,credit,1
CcU-3001,266,CA822904201942585117759608,511722 924833 2244,9562,867,%B6227288756728648^AwxilfcFmgvdy^2808804611?8,%B3429355750963453=5305268305?3,01/26/28,debit,1
CcU-3008,265,CA947632339973413620775691,4485744464433884,1856,740,%B7182449430529226^MkoutyhTfdvpo^1708175473?5,%B6235123731781366=9405638166?8,04/25/28,prepaid,1
CcU-3015,264,CA252565035793627037931133,3784 662233 17389,3246,822,%B5776250106724742^QvvzkrcCwrovm^53058424897?4,%B3561372148267521=1905473166?7,01/27/28,credit,1
CcU-3022,263,CA416527702414928039582246,5164 1379 4842 3951,5610,342,%B8456622214332875^XmwxhenXwoxbt^0508295738?5,%B7761154174374063=2304233429?4,04/25/28,debit,1
CcU-3029,262,CA394659123485026764978680,3429 279566 77631,9708,505,%B9882354238385082^HrmhqsnRprjpm^1902708608?3,%B4377026757181186=5802453819?6,08/28/28,credit,1
CcU-3036,261,CA495723663827736300015941,3768 451556 48766,2232,565,%B4814576454466431^IcstszwEpqgfk^9205914186?8,%B7259434322726515=5305460495?3,10/25/28,debit,1
CcU-3043,260,CA868364428945296889946257,455676 6437463635,5969,196,%B6524853618888394^VjjxpyyCbiopy^4406795711?4,%B5469323811685837=24038685?7,06/25/28,credit,1
CcU-3050,259,CA746281218312395429776204,4024007123722,4834,126,%B7784177223537930^NhuwoziEexiwa^9105743857?8,%B2727867073512632=7403690244?5,07/26/28,credit,1
CcU-3057,258,CA976431483157186144645822,3484 621767 21237,6805,848,%B4513246318178918^EbmpsehXroiiy^7102534491?5,%B1725272041127802=5202769798?2,09/25/28,debit,1
CcU-3064,257,CA945921114401136248480847,3467 732741 26810,3865,498,%B7675544533775797^XlxvwhuPwqeek^51032796460?7,%B2536323414661722=08123392228? ,06/25/28,credit,1
CcU-3071,256,CA281284489236174028470667,3464 789562 23352,6625,661,%B8981277622416587^EhdwdwlMapqxc^28062004?3,%B8150826795832177=47081653206?1,08/28/28,premium_credit,1
CcU-3078,255,CA225813131027434554584532,4539 322 74 2377,9405,720,%B8805395627676929^YnqcruwOohnno^6909501308?3,%B7847385332697301=5104451894?1,01/26/28,prepaid,1
CcU-3085,254,CA103460001848465124357723,5266 3346 1135 1687,7241,413,%B8242982826686377^VnaovghMajfgu^7806966887?1,%B2848502349754061=46089897?9,05/28/28,credit,1
CcU-3092,253,CA159915657874799871126878,3488 754223 46253,9417,594,%B2804123689465462^DolminrDnylkw^61072975534?3,%B1237574406214788=4008213842?7,12/28/28,prepaid,1
CcU-3099,252,CA205570115614530298518379,448 55418 98863 789,5612,564,%B5875431253326368^SdyavpeXpeeuj^8403498607?8,%B7204024880651978=6509974687?4,04/28/28,credit,1
CcU-3106,251,CA617314077203880656677913,349547146395283,9733,209,%B1491494879325988^FhfgvwhNxaoik^7001543563?4,%B9821795210722817=03037207?7,01/24/28,credit,1
CcU-3113,250,CA677221078874085674566107,341834822877471,9011,287,%B9356731333359126^KwphyxlApsdpm^5512580246?1,%B3438596027194536=5306586553?2,12/26/28,credit,1
CcU-3120,249,CA839574469485674379802365,527646 533375 6577,7658,265,%B3818528147385482^IckpiwyJqrhxw^7006549231?7,%B6498697042095238=65091653?3,06/26/28,credit,1
CcU-3127,248,CA235211930919133066999079,4716 443 46 4368,8038,924,%B3061281355691188^XboirwxZppjpw^25063952?5,%B3251465561823891=72101965788?1,04/26/28,debit,1
CcU-3134,247,CA746537162262473661799854,5146 3453 9766 2168,7260,935,%B3134742282305614^IlelbtiVdryvp^9010905502? ,%B3656418879463739=76028361?5,08/25/28,prepaid,1
CcU-3141,246,CA769257917017649184738961,3775 626726 45261,2923,330,%B8611377716725740^CpqmvnuHoewpf^77113999494?4,%B5039905628783030=7506189198?6,01/27/28,debit,1
CcU-3148,245,CA738186647651510849937462,3733 238351 51810,2326,333,%B3850894620577086^LgcvdbzRtlitx^1111781657?5,%B7764681783461623=27121409691?9,05/29/28,prepaid,1
CcU-3155,244,CA830735984608535426213648,4532263578421,3015,779,%B3064783482720541^DfnufmsBsqnbl^1211335810?2,%B2405777428231362=70034329610?7,08/26/28,prepaid,1
CcU-3162,243,CA868103312240877210590488,455666 645685 4443,5898,603,%B5498898698181167^CccnoobIzefpf^4803809435?3,%B1576755550592858=82019964?3,09/28/28,credit,1
CcU-3169,242,CA236348669684520170964573,5396 2876 7721 4764,6102,420,%B2095731937263340^JqaoaeoWwjksf^7512910582?1,%B5846971757782788=63068377?7,11/27/28,credit,1
CcU-3176,241,CA117671238450339779578400,448538 587842 4778,4457,707,%B3465683739461216^RsaykcsTilvoy^3810405405?4,%B3564884486261123=98107061?1,12/25/28,debit,1
CcU-3183,240,CA633921270364105428214875,516318 373677 5641,6198,327,%B4574614077652221^AmbjrxwNmvepq^5009969935?5,%B6484301514841592=50121627?6,04/26/28,credit,1
CcU-3190,239,CA498027549121062667049860,4532 563 85 3433,4359,849,%B2774082824266692^EtjzluwVvaecc^66013048?5,%B8128372435316418=0611115983?2,07/26/28,credit,1
CcU-3197,238,CA227078843387996238702911,402 40071 75272 977,6921,562,%B5826658223264966^TjkaxjbGubeaw^68052983639? ,%B8277321581360179=3502153702? ,10/25/28,credit,1
CcU-3204,237,CA265306711035433966161304,4716486677272,5714,175,%B1529799845863921^KogvladLylxwa^94092176631?7,%B4534345047865612=76024825?2,12/27/28,debit,1
CcU-3211,236,CA927574676349558915215344,556665 6465764236,8013,321,%B3861369456354747^GpqpygjEihkry^07037757? ,%B8219512439498654=6708277213?6,12/28/28,debit,1
CcU-3218,235,CA240530044963836445742517,3423 966328 58736,9417,701,%B3457864142704154^RvsutefRhgvqg^5203723360?8,%B8251120257487471=28125082598?2,07/26/28,debit,1
CcU-3225,234,CA634562409430607919458654,453918 9241769620,1809,732,%B8424323650238236^RpygrngUmdwfl^0502319130?8,%B2711523186311753=01068234?8,05/27/28,premium_credit,1
CcU-3232,233,CA258476708027005452995175,5188 1243 7228 3277,2896,688,%B8505646511661282^GysvzejEqqjxl^58075922?2,%B4361892351770433=24028398?7,01/26/28,premium_credit,1
CcU-3239,232,CA506225804002232537070060,375218464485646,9547,702,%B8066214687634615^OehiifhZmcsqs^5204499803?4,%B2338361461828466=46026166825?1,11/25/28,debit,1
CcU-3246,231,CA421115370939484239605707,516153 4426684869,6641,318,%B8433817221137711^UdykspyMufsyy^46085981419?1,%B2383486112828523=12044482?6,01/26/28,credit,1
CcU-3253,230,CA172092524861063656324223,3774 685179 94338,4304,779,%B4687708115026558^DkveukkHoszsf^71024368914?1,%B2556333784219635=21105444?7,07/29/28,premium_credit,1
CcU-3260,229,CA376109052674417909800063,3787 654694 79443,7542,558,%B9337287983253315^PqbutbgWemund^60019317?2,%B8853683935456356=03127071216?1,03/25/28,credit,1
CcU-3267,228,CA659631718488773313352171,516836 8543385453,8444,501,%B8774686585611611^WbmlitqBvhmto^5608770864?6,%B7582518437494766=90048221745?8,07/27/28,debit,1
CcU-3274,227,CA554746568296921630555102,5191242916828483,6963,355,%B3522384022610138^MyqgzopPnrsau^9802135283?4,%B7651868374185594=7806435566?8,10/25/28,credit,1
CcU-3281,226,CA554994849539031926607607,453 96588 74883 221,9664,388,%B1579779380524750^YrfxkreIbpegx^5803270775?8,%B5132218188809446=44129237702?2,06/29/28,credit,1
CcU-3288,225,CA856549110877045194589092,347669879358478,5235,957,%B7202757458756504^DhvgecbTvvtso^92047755?3,%B4971035880886883=5708373469?6,10/25/28,credit,1
CcU-3295,224,CA670645711222321852833766,5218 2833 5642 3285,6016,227,%B6341788671276086^ZmjxqygZobrqo^2008143932?5,%B8751185716171531=26053623135?1,01/27/28,debit,1
CcU-3302,223,CA813782698016160245882736,5363 8827 4698 5185,6691,847,%B6548673154494666^BgkkawfKsvexl^5809306720?6,%B2327973732357702=72114995?2,07/26/28,credit,1
CcU-3309,222,CA333886422883094793993886,371268842998970,7452,540,%B7231652502251767^VvpweycXufrxo^02083787810? ,%B2461429062997963=57119299088?9,07/27/28,credit,1
CcU-3316,221,CA722626432737929854421506,5223 3547 5234 2529,9892,480,%B8896417102936757^VnhdflwPuoxua^7410377172?8,%B7483379369384859=60052084385?3,06/26/28,prepaid,1
CcU-3323,220,CA523254604111892343349885,4716 5927 4626 2576,8319,860,%B3897618670151179^UreeswmSufikr^7710979677?6,%B6533767855669965=2004196305? ,01/28/28,debit,1
CcU-3330,219,CA823255187501368949109046,3426 166473 78887,1254,631,%B3831787816377204^TynvkbmEhbogz^0505772993?4,%B2738299479832127=59092915?3,10/25/28,debit,1
CcU-3337,218,CA893029333483880483431911,5526 8745 4379 5697,1497,842,%B9867441747275294^VgvubnbHdxpxn^0112366929?9,%B2240218651342312=01078046?4,06/28/28,debit,1
CcU-3344,217,CA219030328078603903210565,558282 528672 3529,5776,864,%B7482617783480901^HjkomixEfrfyq^9704709327?3,%B4824901639680953=7511520396?3,11/28/28,prepaid,1
CcU-3351,216,CA568040685158287679526394,374884327643662,6695,251,%B5872335421667273^HxznpudLobqih^0205518983?1,%B4278447342422748=26073285?8,02/27/28,prepaid,1
CcU-3358,215,CA232109559755066986738072,527947 395589 2842,8149,818,%B6752339510216910^KnxwfcuPxowjl^9711383788?6,%B4753865135037426=13101461415?2,03/27/28,debit,1
CcU-3365,214,CA852872174809241233808850,379272817627343,8133,544,%B9297376116274411^UmvggnlRipqwf^41041175885?6,%B7379790218638467=8602981744?5,05/28/28,credit,1
CcU-3372,213,CA240074791398256201966096,4716272885378349,1687,615,%B5131517728453576^NwpkpbcErsgrr^32087016501?2,%B4188946818145658=3812680141?9,05/26/28,debit,1
CcU-3379,212,CA215660947722635891152016,552 68987 43664 734,4899,738,%B2060750778248426^SycnbtnHohsil^89045746?8,%B6406417148827878=9404284538?3,11/26/28,debit,1
CcU-3386,211,CA687331002568487027835381,375233562287679,7448,433,%B5310605594141993^MmgbtjdSpymcj^98054237964?4,%B5295095558758785=44078786?3,01/25/28,debit,1
CcU-3393,210,CA567970950561878933707668,4338 849 61 6580,7375,763,%B3767361120135239^LnwkewsJxsbje^9106985955? ,%B6692703783112343=3005764544?2,02/27/28,credit,1
CcU-3400,209,CA669610064349959501235817,377471145232444,9482,780,%B9365436673032853^MjtmjmwBpzylg^98027724?7,%B3568079786742479=67112998?7,10/25/28,credit,1
CcU-3407,208,CA271798717228883674085229,524567 7675544688,6453,746,%B3201354922172583^FhtqlibOrruhb^8908276846?5,%B2382782968441017=76065781?6,06/25/28,debit,1
CcU-3414,207,CA268577868805798318872412,453928 528538 8655,6737,851,%B2678375443746302^VhtwkcxMfonti^0805178323?4,%B9171341445072367=3309528150?2,11/27/28,credit,1
CcU-3421,206,CA315568341534657597362088,4556742876247,3060,487,%B6628623057261452^OvhqjbbIabssk^7712834411? ,%B7495731166566787=22027893?7,03/28/28,debit,1
CcU-3428,205,CA349560209003664514685932,495148 173557 2886,9659,191,%B3123010395841971^SozfyoqLaldxf^03036463422?6,%B2151466644132584=84077337314?5,08/25/28,debit,1
CcU-3435,204,CA946742217072819850498563,348822148472492,9572,595,%B8114055465458318^NtilrxeRkjrrv^12054495519?4,%B2278848422615381=43089489?2,06/28/28,prepaid,1
CcU-3442,203,CA686128812801192929177718,453 27768 65882 270,7645,286,%B8327224258632241^UnucpvmFksdks^75072208?1,%B9722585332456618=8511793132?5,10/25/28,credit,1
CcU-3449,202,CA298158510246992893912424,376837365486897,5720,934,%B6496488245616756^OottbidNnehpy^5806976390?1,%B6656384177721252=7511444348?5,08/27/28,credit,1
CcU-3456,201,CA985738542443529066381026,3748 253331 42587,6168,581,%B6615563584179707^WgjkrevAwbyjn^28044255?3,%B6871516764500852=46103086141?8,03/26/28,debit,1
CcU-3463,200,GB342482040761846307025771,4485654846578,7658,260,%B5335456358287213^InmqbbjXvcisj^8103586557?7,%B6362905383324727=08089971811?8,01/25/28,premium_credit,1
CcU-3470,199,GB790969238508847678194725,346299466774779,7613,275,%B2418740408024788^VsxhfqpPozgav^4004113222?5,%B2593473887677756=28087816?9,02/28/28,credit,1
CcU-3477,198,GB432778725802175971567842,4024 007 19 5290,9147,416,%B2867811785182661^QqqkiroGmwkfj^4009877939?6,%B2731317231885858=27037828555?7,03/25/28,credit,1
CcU-3484,197,GB431270525274384377730139,5429842764757330,5536,285,%B1013933368897398^IqekixeYwdcyc^7202722418?2,%B6058063452682448=62011367085?5,06/29/28,credit,1
CcU-3491,196,GB248886302739917698145119,372752331656560,6110,183,%B7343119278215380^MhtwzeoZpccnm^8510202367?7,%B3737758760907151=6102867888?3,03/28/28,debit,1
CcU-3498,195,GB338329708387228238326509,371276755132362,9838,326,%B6724418678698728^LymcfchCcncqr^05107556248?8,%B6789634576656606=8602150829?4,05/28/28,debit,1
CcU-3505,194,GB893556443569908768293651,5347 8838 5513 8245,8682,179,%B8060241587016262^QzsktwtNpnbyu^56035497?5,%B3858688149813553=71127952? ,05/24/28,credit,1
CcU-3512,193,GB318679206718398271204309,526 14367 47427 870,9702,951,%B8412918170547219^RbctrjfDmjtwg^33109689074?5,%B9418658134253104=10043651996?4,09/26/28,prepaid,1
CcU-3519,192,GB141685741300515092817556,511276 848777 3886,7144,284,%B4410350028646272^HgnmzuaQfwnix^02046928?7,%B4768295201841769=66114419796?4,09/25/28,debit,1
CcU-3526,191,GB223573465339304764206234,513337 2217813834,5933,268,%B5717274367224252^MgzmvnnIyivtf^8608492697?6,%B2733560508671263=02128201? ,08/25/28,credit,1
CcU-3533,190,GB608290090116873129487289,443 99226 84354 893,7730,869,%B5364759121062764^UrugmijSuriaq^7109694442?3,%B4167493255237202=44045678?6,07/26/28,debit,1
CcU-3540,189,GB743351649555979397830206,511 33327 92698 731,8311,443,%B6115717266262828^OpgrlevSiidtq^88096962233?3,%B1651272536934888=2502361836?9,01/27/28,prepaid,1
CcU-3547,188,GB411046274447117899137139,491667 268693 3630,5033,568,%B4949624508751515^RfkjinoMebfzs^85065396387?5,%B6805663813448106=8412610599?5,01/28/28,debit,1
CcU-3554,187,GB461600136343385256673057,557849 466856 6869,7812,912,%B4214517533551376^KcbprpmUsxinf^87025958? ,%B7424524345767412=17078406032?8,05/24/28,debit,1
CcU-3561,186,GB373754892683992080184388,375757353392355,8154,222,%B5842671181348268^VwxdyjbMjknxf^6312335165?5,%B1839132511428220=66041111?3,03/25/28,prepaid,1
CcU-3568,185,GB989515515554640821957131,4916483397665390,2746,228,%B1747486311567228^QnhgulfTtgpmg^0103715208?5,%B5130165312832337=33124796076?6,03/26/28,credit,1
CcU-3575,184,GB411914460151395694754355,5171546679238191,4460,169,%B7752627814708621^PwqyoudCysrtd^9010553334?4,%B2172860994256526=3803204229?7,04/25/28,credit,1
CcU-3582,183,GB580056545284199620284623,448 57136 53842 361,9315,211,%B3971485758182714^PghazpvWjjbto^90112709575?1,%B6344752904448726=8303931291?8,07/26/28,credit,1
CcU-3589,182,GB653144159302896508805619,5547 2595 1345 8648,3357,269,%B4849183164926369^CdaepvoHvimjv^0808483858?9,%B6958369372461821=7308352452?5,10/25/28,credit,1
CcU-3596,181,GB432115652475167301361516,546793 9179522284,7783,788,%B8737606548474664^AdxtuovOijnmq^19034551292?5,%B7281388186848655=60102118569?9,11/25/28,debit,1
CcU-3603,180,GB593486723631958107002489,376495785724718,3355,862,%B8213382423731002^LokizaxHxtsxm^7601897652?6,%B6496785181978055=5802941418?4,01/25/28,debit,1
CcU-3610,179,GB517999188121565221147584,4556296895569,2949,337,%B4189755808555333^GfqgowuVyplmr^3607937218?4,%B5133227053543391=39088439266?3,01/26/28,debit,1
CcU-3617,178,GB384044415419759283267600,5541642144568453,8587,621,%B2193628536295295^EcdqbklNescgk^23017452387?3,%B9156593850768545=5510551717?4,11/25/28,debit,1
CcU-3624,177,GB652723962373833406880523,455626 9762898616,4283,227,%B4578738165421127^KedcsxrIyzyrk^5210562766?4,%B4173433946867178=71071437124?8,10/27/28,debit,1
CcU-3631,176,GB885091696207996970210429,341445795282738,5945,575,%B6050588765037496^DyfrecfKsqmff^8004534811?5,%B9615288631322540=87073349?2,09/27/28,credit,1
CcU-3638,175,GB535988518125141324569783,455677 668771 8786,1256,575,%B6712264633568681^VywxnfmYcvnpt^1405276359?8,%B1413173387957387=6508376502?8,10/25/28,credit,1
CcU-3645,174,GB851599744705985639085239,345444856288771,3688,415,%B9559712618102636^HzbqvoaHgwgol^73107984263?8,%B3149752822434615=62038713931?5,09/27/28,credit,1
CcU-3652,173,GB248344217989848312040061,453 98346 22735 456,7566,957,%B4896043756103563^BftbrgyQsulrz^3904289901?5,%B3472893144577105=9912843896?5,09/25/28,credit,1
CcU-3659,172,GB797922388485779633586447,518373 357275 7826,1706,437,%B2139468361455035^VwepoqiSnzqud^2905815416?7,%B7516498419279851=26041496?1,10/27/28,debit,1
CcU-3666,171,GB375019292115630563583939,4556 7844 3557 4824,4798,930,%B3084289588971881^MckkssdAwkroe^4605896361?5,%B3288133931561196=6108898192?9,08/25/28,debit,1
CcU-3673,170,GB169180447555302954904103,534184 7628924765,6865,733,%B9656202584055171^BsmsfgxVikdmy^98104268?1,%B8946933419657633=50113726642?4,11/24/28,credit,1
CcU-3680,169,GB228228630695242749951782,5426 4337 3314 6889,8556,690,%B4117962041553164^NjcyaeoLqgkbo^1409933936?6,%B8387758556663694=6109552473?5,11/25/28,credit,1
CcU-3687,168,GB467477246451745091385719,5534 7744 3362 9230,2688,857,%B6281637118852877^DxlisteLgrmjk^89062283?5,%B5443116355223372=57013411855?2,10/28/28,credit,1
CcU-3694,167,GB483908162136682659669486,542 54285 91467 261,3204,490,%B2320002452106841^VxslvyeBtmhkq^9007161657?4,%B8435353358092199=7703933141?4,01/26/28,premium_credit,1
CcU-3701,166,GB184749281239033871656345,5151 8299 6379 6361,7846,835,%B3851622643488683^FtioeebHwepkf^3003345713?1,%B6780236148500848=14095889?1,01/25/28,credit,1
CcU-3708,165,GB583485314775073106133901,5383428743855876,2311,277,%B6717222004873756^XkbhkjvNqjvdg^7906490839?1,%B4047278992744437=6405339190?5,01/27/28,debit,1
CcU-3715,164,GB817396915560011401523043,4532 634 73 5833,7294,780,%B8655738813648518^CwdmhvuDndwiu^0912165577?6,%B4892317536668636=6608862226?6,01/25/28,credit,1
CcU-3722,163,GB154048411984793133895954,4716688698622567,3785,295,%B8240864719714747^DjsswrrGrclxw^26097535?8,%B5332824474511706=4711722924?4,10/29/28,debit,1
CcU-3729,162,GB594573436953537271570589,402400 7128955884,8571,350,%B3815801168979956^YxcuneyQevnky^09037174106?7,%B8335388713237439=13071353776?4,03/25/28,credit,1
CcU-3736,161,GB835063858031538200884187,521 84328 88538 272,9593,777,%B9567173472771212^GdnoamlPldvfy^84036837?6,%B6340536258078673=0811944484?1,05/27/28,credit,1
CcU-3743,160,GB334363999847532501634901,345537652543545,9314,656,%B5526048787874257^PweoiqtSjfduy^0810634126?9,%B9415736377671711=14118904338?5,06/28/28,credit,1
CcU-3750,159,GB604274674726761759236205,5175965455218886,5633,429,%B8767722776433754^DpiurdiLiksun^1110849271?1,%B4603709725882339=0103319153?4,03/25/28,debit,1
CcU-3757,158,GB812533991336476987809248,491666 857248 5677,8557,789,%B5548438293545354^DtdstxbOjmvab^55095887?3,%B2546136462036384=2206743676?2,10/27/28,debit,1
CcU-3764,157,GB745344333101605312655775,535 23847 59612 247,6546,194,%B7633657814281284^GcmskueBnlmel^39021828? ,%B6313986872548687=5006703616?4,02/29/28,credit,1
CcU-3771,156,GB483655293487259029661265,493513 2859765811,6253,637,%B2313343826317820^EjqypalMnsdvo^56038977923?3,%B4414512857098263=0502269944?5,05/25/28,debit,1
CcU-3778,155,GB863986418688946429778512,343488771836851,9170,487,%B7128525682511621^ZdneyeuYuginh^35045641459?6,%B2258031125695063=28052276835?9,12/26/28,credit,1
CcU-3785,154,GB579501775215095868148685,5112727325633686,1755,987,%B8479681549428866^AumjvtaSjzpuh^25054676402?9,%B1076421423347997=49047296?6,08/25/28,credit,1
CcU-3792,153,GB720013865043482372284906,343236737828888,4715,132,%B4378188474084736^LucjlqaMqkibj^75024456? ,%B5143887777796148=2107774402?3,06/28/28,credit,1
CcU-3799,152,GB769806967570083259893846,4712967296877185,3394,153,%B2678356552582874^ZbuuenjReruxl^8309327357?4,%B1697626756337970=86013038?6,03/26/28,debit,1
CcU-3806,151,GB647588705332810923350013,4024007167557377,1657,873,%B7887612785711165^KyrfgjzNciwsr^5102168230? ,%B6048032751732838=1206970897?6,10/24/28,credit,1
CcU-3813,150,US724598085340674179698383,3721 543253 57141,3666,459,%B4707942223385736^VznjucjEixjpd^27039352?3,%B6894893274477547=09021428158?8,07/28/28,credit,1
CcU-3820,149,US802771119650106511176033,5237 8846 5276 4657,6211,176,%B7644468246343428^FvvticpPasvwc^2211572303?8,%B2338072594269332=5607449316?2,10/25/28,premium_credit,1
CcU-3827,148,US630301192755871508338240,491628 4555196727,3455,253,%B5272985556170790^CrxcdjjJpfvmr^32094845?7,%B4898288355167616=43095066737?4,07/25/28,credit,1
CcU-3834,147,US639591713281263520531694,4929753568393,6319,737,%B5068654544389264^NkkscynFxumen^96097359455?3,%B1891816163951777=94108414281?9,04/25/28,credit,1
CcU-3841,146,US795835604391116356819845,4716767637524,8884,391,%B2412361508483629^YwaxufdFgubqo^18065835323?1,%B2525772504887442=81109611546?7,02/25/28,credit,1
CcU-3848,145,US289667412857740568119041,3724 884241 65462,8885,530,%B8853600681628785^WldradjQibucx^6012510820?2,%B7968147213394861=75092083311?2,08/25/28,debit,1
CcU-3855,144,US618916297338260691585203,402400 7173189785,8304,626,%B2684766320740833^EytquhlLklwgr^5406254664?4,%B9775671628132628=10087412462?7,03/29/28,credit,1
CcU-3862,143,US796966185100033802271539,4024 007 11 4630,5069,794,%B2445625547822856^OcogchsYhxfsb^2611412670?3,%B6571122973213534=1907134862?3,10/27/28,debit,1
CcU-3869,142,US640205205471747933935388,448 56527 58385 670,6328,278,%B8493677573564285^VmuwpwnXyhfgg^0801213720?3,%B8050020023698373=15074506?4,09/27/28,credit,1
CcU-3876,141,US261294496770020097081868,547 25687 75283 521,4059,874,%B5448991898865323^XgekriiIvnumw^04021434?4,%B5692267516525260=74024999418?5,09/26/28,debit,1
CcU-3883,140,US248541170796642666122389,5293346436977121,5182,127,%B6827751712556348^DbxpuuqWlpfyl^79089448?4,%B6815328112443728=8101694641?7,07/26/28,credit,1
CcU-3890,139,US476630241699694950337106,3459 722445 78883,3581,181,%B7652925735402708^DkiwkgtFcjxjf^7511933152?3,%B2718253234514686=3006838762?4,12/26/28,debit,1
CcU-3897,138,US191180524763791645296610,553364 973385 8484,5510,320,%B1159256887773381^GxtcfboPmmnnv^71043466?6,%B6743763342447290=66059125?7,08/25/28,credit,1
CcU-3904,137,US772372512083561789141465,3448 483212 86718,5432,242,%B6312218017823727^LujsmntWlmbgi^3504903777?7,%B5993373308753874=51064707144?8,10/28/28,debit,1
CcU-3911,136,US396980268469634170126564,378578567864345,5551,365,%B3310560832827671^YqkcnzoOjcpkh^09036001276?3,%B4458623587123013=67072489?6,10/25/28,debit,1
CcU-3918,135,US359617522425178629391841,5567675343638684,5616,230,%B8075164763517864^XtqntcqWwgdtn^99114534?1,%B7836573341392606=18091736?4,03/27/28,credit,1
CcU-3925,134,US626023164079631615066339,448 56746 54875 257,6038,485,%B2502049982462232^BukkcjnPpbwmi^00059715?8,%B7651786285643734=69093465100?7,01/26/28,credit,1
CcU-3932,133,US178280636953376355013550,546 77862 58793 264,6111,868,%B1111862411881777^RtcgdigPxmcvf^9805422340?1,%B8849325663152186=9005309997?6,11/26/28,premium_credit,1
CcU-3939,132,US104979680551759894654532,549 36446 86553 362,1498,726,%B2382322888822610^KstwntfMzktlj^6905403369?5,%B8725834557374858=6603424592?4,05/28/28,credit,1
CcU-3946,131,US161878381089767089885313,4532 5355 8673 7332,9541,201,%B4323851741186260^WaylzsyDjlcoe^8602462247? ,%B6385642315733182=0102770390?7,12/27/28,credit,1
CcU-3953,130,US964234089938304824220118,4556 5568 8483 8623,5511,662,%B8247965803812207^KcjdoscIidmba^12056994926?1,%B7853433393518519=0308640708?5,04/26/28,credit,1
CcU-3960,129,US449108736223193927182399,4485 6453 7433 6648,9507,802,%B5559114675582584^GwfdsctEpbiss^3409594609?5,%B4262139945851884=52012513151?9,03/28/28,debit,1
CcU-3967,128,US463037512633476840355894,4627729464768,8446,662,%B5673113006053847^UwlegsgPjtopz^9505505707?7,%B2666673634590047=24043272313?7,06/28/28,credit,1
CcU-3974,127,US197542045552321767560943,512786 265851 7231,7779,355,%B7689111768823554^VvghcmjPwxtfm^80052273132?2,%B8606893327800320=7204606125?9,06/29/28,credit,1
CcU-3981,126,US117915224669066551222185,4916227354254973,8688,228,%B4448311601659268^XbitpobXvqyko^2407181850?1,%B7395689191756897=6510610406?5,09/29/28,debit,1
CcU-3988,125,US865527851022740364959318,529354 796597 4583,5062,646,%B8483713604008747^WbdncxyPmgwlk^5107175126?1,%B6784481367234043=33026953?6,07/28/28,debit,1
CcU-3995,124,US372560440390066262193926,543 68966 74594 655,7719,542,%B3278354168561734^XynosbkAoated^49035542618?8,%B8729241646751198=3312379175?5,12/27/28,credit,1
CcU-4002,123,US225174296147002265631190,345886217197283,3898,227,%B9637673628172854^HtkbazsSwudny^90016432340?6,%B7232699387346022=39118727?2,12/25/28,debit,1
CcU-4009,122,US729212642816955651428791,547689 878486 9655,4268,820,%B1163507051857888^AtlkbudUzhydw^4004656990?5,%B8845110293750447=8810832181?6,07/26/28,debit,1
CcU-4016,121,US183391626605377230916689,5587 6912 1246 7242,5703,258,%B4731888416848536^DxmtjtsSjkxsq^5406500622?6,%B4628786898167185=94088204101?1,07/25/28,premium_credit,1
CcU-4023,120,US517863353677719111343436,455644 7854383438,5475,149,%B9232428889144365^JtblsecEfjvtn^17051666?6,%B2403861357028164=81015253842?6,08/24/28,debit,1
CcU-4030,119,US630109925950546561068162,526462 632862 7750,2679,665,%B4536836573670010^RrmiibkNguclx^4412347940?2,%B2937163373212685=0209575469?5,08/25/28,credit,1
CcU-4037,118,US989417765070717936475402,4539772524226,9334,902,%B3220956364419700^QtwlsghDqlotj^8905246183?4,%B8442191012396745=73098244?7,02/25/28,credit,1
CcU-4044,117,US575401483820596394320594,556686 371762 7423,4161,279,%B2798061854541137^IkeyqfpFeglch^5702954919?4,%B5875186348486686=9806405883?3,03/28/28,debit,1
CcU-4051,116,US230459404902103149090936,4539 643 69 6583,5626,578,%B2740721858521348^TtweumlElwsgb^9808904564?7,%B3124944814775761=34035321677?9,07/25/28,credit,1
CcU-4058,115,US775516575891640231602814,533842 4553898680,8620,218,%B6537538165446365^WmstlvhXpcbrq^6904289685?7,%B3132485804383192=2509250492?3,05/28/28,credit,1
CcU-4065,114,US500102773586112798289749,453 28425 45663 249,7800,738,%B3546276261682571^EhatnqvQlnhvz^58055402112?8,%B9142948828992156=7509692570?4,06/27/28,credit,1
CcU-4072,113,US796731912706518412669093,526 82288 83662 623,4558,376,%B9818891126178798^UtqcpcsHdklox^5506600472?4,%B2882827703403325=5103298452?5,05/26/28,credit,1
CcU-4079,112,US817770771867136560763079,543 59449 45541 757,1833,741,%B2650507836471136^QoknaduLbiyxl^89017753?8,%B9546245466947246=65044537770?3,03/27/28,debit,1
CcU-4086,111,US639288337645257982721434,453227 751157 4585,9440,291,%B7545355254165374^JdzdebqPrtoyt^9508792387?7,%B4139806809435815=1306973232?7,05/29/28,credit,1
CcU-4093,110,US240351108213508875317632,3427 813242 45583,4688,893,%B3238857223373653^HuflqyjFkwesc^0610725552?6,%B8767277534971742=76031389800?6,02/26/28,debit,0
CcU-4100,109,US146201998669778177443411,3728 223277 76753,3676,571,%B5527511153146692^NyhrhehNpxcte^75106639404?5,%B8332523745408812=2708116430?3,02/27/28,debit,1
CcU-4107,108,US281913169014183800038760,3484 346723 58533,5757,946,%B3022545666562312^TkrrpivSpmxva^81084236?9,%B2342642389462101=7311119702?7,09/25/28,debit,1
CcU-4114,107,US605593040044615194394177,512331 2837574483,3928,548,%B3953443856442633^QnkkxuhJcksxv^01077622?2,%B1163457990342931=83083765?4,12/26/28,premium_credit,1
CcU-4121,106,US214723378268132738003229,348328885683457,1657,311,%B5766837413501194^FulskbjMknbjk^87101905?4,%B1782766327812935=6107375348?3,10/28/28,credit,1
CcU-4128,105,US137079218445366850898460,531 84477 67369 689,9543,493,%B1137461485350515^XwzkjucStcnhh^7906382933? ,%B3168257771814865=7308836410?4,02/25/28,debit,1
CcU-4135,104,US985359628701198880628720,342656568883952,7949,702,%B4253574111215564^BicekgfAosulo^3011433157?4,%B1385722467458118=11091701?6,05/26/28,debit,1
CcU-4142,103,US285593195945686394584461,373527374237224,9253,997,%B7708767525077352^KqmoyyqYnwjwe^56127421?8,%B5937062110228451=71014336?7,03/28/28,debit,1
CcU-4149,102,US711254411026468510098553,4539936624499831,5459,477,%B3283292261363021^XrivrqxKmuerd^90039597?6,%B6285782227347801=6512516975? ,12/25/28,debit,1
CcU-4156,101,US392275680184308838904034,471688 264545 8288,6064,990,%B2251761666435859^SuhjmwxOxmxog^08045074620?5,%B9147287223341758=4108692863?4,03/25/28,premium_credit,1
CcU-4163,100,US622904113336079895359650,4556 776 96 5734,7098,953,%B8157441949696177^WgtetroNyctim^3511351446?6,%B6742379644653824=1808987969?7,11/26/28,premium_credit,1
CcU-4170,99,US348395647274051682933324,3487 517469 44737,3568,805,%B4977764256135850^XscfwvnIxgxyf^7510650330?6,%B3727668581213605=58059132?6,10/25/28,credit,1
CcU-4177,98,US938916464570040298657753,373956257411822,9267,304,%B2345165269524308^QetxifxQvgyrv^53067963?7,%B7880848469681777=06043431?1,02/26/28,premium_credit,1
CcU-4184,97,US191508560744566408583123,3757 268529 84889,3305,348,%B4838246660131885^WgnnwobYrjpie^7909261331?8,%B6574125442743756=01081485997?5,12/27/28,credit,1
CcU-4191,96,US445364482934067582148009,4633651727248,9911,640,%B6987988216811704^BpyjgbpDtoecr^08064827?2,%B4656138393178448=48024474?3,08/28/28,credit,1
CcU-4198,95,US907730654357528234199151,471 69767 74983 544,7564,787,%B2158691923532611^FrpfdqrUjdxgu^7003308578?3,%B8618056896371474=22095802433? ,06/26/28,credit,1
CcU-4205,94,US450950742400388023162002,537441 4887327535,1907,466,%B4532217414447203^HjoieflVconyy^6904519837?1,%B1773600326367533=74059974144?6,10/26/28,debit,1
CcU-4212,93,US257679568581115127738707,517964 861324 5258,9992,951,%B8671117375982580^OcuiysqSshhob^96032758?6,%B9343195233862163=9608809183?8,05/26/28,credit,1
CcU-4219,92,US143956937785316922231429,4916521244969,6190,374,%B8552907120277656^XronyxkDqojpp^1501220300?3,%B2992337113376927=16088917021?5,09/25/28,debit,1
CcU-4226,91,US688955298342477750959687,492924 3966325775,3580,659,%B3931076457916566^SxgmystUyukyc^4208351929?7,%B6308236456246332=6008746904?6,02/26/28,credit,1
CcU-4233,90,US950151939257514585940944,349284173298327,7910,380,%B8133538912701851^JofkbflSuermf^32055207?9,%B2211149249773016=65108706?8,02/27/28,credit,1
CcU-4240,89,US674537813778208022806160,343482733331820,4428,165,%B4887316434666823^TfffpnsGxwlbd^62029898271?7,%B7403334583355778=82024338842?9,07/27/28,debit,1
CcU-4247,88,US221272087374209453626060,5122584253556449,2803,451,%B3621727717238756^VlpxfduQvcvgc^7203933807?2,%B5151369827776581=5304713662?1,10/27/28,premium_credit,1
CcU-4254,87,US731130313388046341269630,542585 4594298827,3535,150,%B5868706813128165^TejujqgLcqsst^9909559160?6,%B5566455351834699=1609296633?7,10/25/28,debit,1
CcU-4261,86,US335688949225062466802871,4716 5331 5225 2735,2203,258,%B5740935273627661^HlnkxpcXqcqzm^9403681207?8,%B5763354701833115=41012952?7,11/25/28,debit,1
CcU-4268,85,US328358402829134668717742,5182647149891853,3855,130,%B5827507612178537^GjtujmsPfclbe^87031641?2,%B5267554940262574=69013213745?4,07/25/28,debit,1
CcU-4275,84,US485897243049603587129462,448 59926 15713 833,6420,468,%B7484582116791157^QtpvtnnMhrybn^7402500495?6,%B4522554235494353=2003462295?2,05/29/28,credit,1
CcU-4282,83,US533781835637970792497533,3779 817833 37651,7841,330,%B5084324546067885^FoysyjsDydufq^65084128?1,%B5534688248423461=3104601186?2,11/27/28,premium_credit,1
CcU-4289,82,US109767375276943092177443,557488 568223 6518,1424,319,%B7647053137378507^MsdqppkXklhhq^9209434381?9,%B9813481644728016=11077541?2,05/29/28,credit,1
CcU-4296,81,US683282713041001485327203,3774 962276 33714,4122,443,%B4639056035337698^MeqlgmzCdrdpz^60079416?6,%B4362372588193715=3311493576?2,04/28/28,prepaid,1
CcU-4303,80,US494477380444782872131341,3427 495828 22724,5972,604,%B9481821615481275^NkgcvsnQvhmph^79113125?3,%B3626729469366351=36066995?3,12/24/28,credit,1
CcU-4310,79,US291211565587754816563861,3425 589947 37358,3109,291,%B6759448331367563^QsohtdvNwgich^9407783876?4,%B6314028082541088=4802393901?5,01/26/28,prepaid,1
CcU-4317,78,US712047681775217534488771,491637 9834296569,3842,642,%B4690183144317851^UdeylmvCdzsgr^9003210953?1,%B6742961824137192=6510892589? ,01/27/28,premium_credit,1
CcU-4324,77,US446754700029554641306333,548381 497234 7694,7811,822,%B2940847985366779^MwtmtglZhxfey^7406499364?6,%B2184914896545804=1509738572?2,05/28/28,prepaid,1
CcU-4331,76,US203575593865015040264900,3785 952493 68487,7606,377,%B3937644942464445^YsbpszlGfefis^04054117616?6,%B4761852332580963=34021897?5,01/28/28,debit,1
CcU-4338,75,US395293329548828230481391,479 13433 42278 329,4232,865,%B2972234242695317^OcdkpbnEadtqf^9109470265?6,%B9738366765360077=16121797?8,03/28/28,credit,1
CcU-4345,74,US705564502844716864536032,3762 911284 78975,5552,514,%B8525148983214623^KalgesaJwqsth^7507215361?8,%B6743114647215258=75049296? ,09/25/28,credit,1
CcU-4352,73,US210186510161276836016159,521 57929 38862 722,7982,282,%B8438539536516848^GehfltcHijkmq^25111136?8,%B2619932929762910=73091712112?6,08/25/28,debit,1
CcU-4359,72,US444960784573197145455228,5558 8675 3467 2892,6718,224,%B7663852732163643^GxqonvtYpgohh^90127936456?5,%B4545182137752206=73125628?5,01/26/28,debit,0
CcU-4366,71,US399930541502325304487747,346585482855422,6375,349,%B8676743439786631^SevbeulLxhqqk^3401237666?1,%B9864694085664765=4906992278?3,07/25/28,credit,1
CcU-4373,70,US267287153259819994536161,491673 846381 7575,7674,321,%B2124646343640132^DbwenmhFubrae^74042937614?3,%B7738977678822066=95087154?8,07/28/28,debit,1
CcU-4380,69,US267038495240751338842057,554456 4937879326,3190,325,%B2364361814568771^VfoponcQkidmd^98046497?4,%B4177489335423933=9808579720?3,12/25/28,debit,1
CcU-4387,68,US156121577087885207926952,5224 7471 9335 6850,6810,735,%B8774142060813284^DkmqwyyPusggp^8609977452?8,%B3057283311281724=6012774688?4,07/29/28,debit,1
CcU-4394,67,US100743088489867039938299,448 53887 88766 825,5960,931,%B6256214242640333^SptmuldSghutm^2706774664?5,%B4656861666365521=20129926926?4,09/29/28,credit,1
CcU-4401,66,US924638552994953246510445,5488857588723472,7165,913,%B1534557758767505^LewzfpiPvzhmu^72036277?4,%B2818330497204547=5909574795?1,12/25/28,debit,1
CcU-4408,65,US213391752027323313830004,377867313281636,5401,227,%B3827767733242811^UqpqlvsKjhsmu^0809232433?1,%B8268423112987242=85025816?7,03/25/28,credit,1
CcU-4415,64,US895809577249308411630416,3748 648746 49239,2145,221,%B2840656282563957^XqmmsxoFqacqb^95077544610?6,%B9368884322546575=27037134739?7,10/25/28,credit,1
CcU-4422,63,US321576818326441553467542,3741 529436 82138,2135,781,%B2353789338181375^GdokyxsHghogp^32037647226?6,%B5696299245733541=85052815290? ,12/27/28,debit,1
CcU-4429,62,US249933724418388188158316,342834817654827,9690,765,%B4493400554728587^DoopymcUbnvun^8510467359?2,%B6217244547719443=17089667?8,02/29/28,debit,1
CcU-4436,61,US493032694211477413659641,3476 295845 56451,8975,606,%B4258622442263584^FcvcgrePhxhrd^7111625844?4,%B7368558289639723=2806772317?8,11/26/28,premium_credit,1
CcU-4443,60,US811762363860038340133955,491 65266 67312 570,2283,141,%B2759365205699185^PrestnmOyhkwu^4908858595?2,%B8464736876528474=39087154437?3,01/25/28,credit,1
CcU-4450,59,US890533082490720950243652,491 63321 35675 379,3978,672,%B3187103836894373^BpwmoliGbykoh^1609408914?3,%B6757546553788090=37053424170?9,01/26/28,debit,1
CcU-4457,58,US746017010465557496289252,3758 893912 84425,1715,931,%B2346156768530141^TdowykbDqlyav^2905453581?3,%B4014044764544113=82036091915?2,02/26/28,prepaid,1
CcU-4464,57,US278726343863716075488288,446157 5546574669,6717,250,%B5840367572873582^AbxzrckIdjdyp^9511446648?6,%B2461466471765558=02099784649?4,02/25/28,prepaid,1
CcU-4471,56,US233435173724262781264961,3477 376225 51465,4959,234,%B3269409974626884^GskavulMihhqw^08028292?4,%B2470558752786016=47017055?2,07/28/28,debit,1
CcU-4478,55,US850470666021414436951368,5451685219226844,3161,939,%B9453762951691116^AnacgmqVhjhku^48101312?4,%B2671336378147588=24125621?3,01/25/28,debit,1
CcU-4485,54,US126596859223997987913317,3443 989324 57829,6206,963,%B6777498848349615^VjkqhtjJvbqxv^1102519248?4,%B2553542805713742=37043914076?3,08/25/28,credit,1
CcU-4492,53,US432242326293118009021248,5494485246476242,1606,508,%B9235255577195119^NcgoftcUnxgrx^74019701?2,%B8868932357968634=3606794273?5,06/28/28,credit,1
CcU-4499,52,US805265640226243360672235,527 75588 27196 562,4302,639,%B5135698538571552^EqrblpjWutlan^70128425?8,%B5771522688864233=20119879619?5,01/28/28,credit,1
CcU-4506,51,US736100954092688520291474,377866463541856,7038,118,%B9773211812701913^RnupfevRwctsg^33079035?4,%B4858131516288535=49066924?6,12/29/28,debit,1
CcU-4513,50,US714946776210582488631130,532787 5824467386,1146,847,%B4488523265222877^HoprqffYcmtde^61083055049?7,%B4055943798055627=7011892768?3,07/26/28,premium_credit,1
CcU-4520,49,US535648113330348224952097,4716 7284 4346 4665,9548,556,%B3188501052950243^PkppmpwLbwndf^56083675282?9,%B7973387641834341=5910372985?8,06/29/28,debit,1
CcU-4527,48,US483851628570152054854000,5233822643465574,2635,573,%B8287385340571781^BevlnnuSllewr^26108585?4,%B5129587636786435=0806224275?3,04/26/28,credit,1
CcU-4534,47,US944377431642889702131703,374615172136380,3746,956,%B2335679348811832^FexjdeiYumufm^34074878?2,%B2326662194567625=32037108359?8,11/24/28,premium_credit,1
CcU-4541,46,US788111972997693675524914,453 97739 96445 724,8963,269,%B9146874356366655^MlovddsHqpytd^12054798246?2,%B3043454348345954=63078644508?2,02/27/28,debit,1
CcU-4548,45,US345835890703236889090832,372445517264156,2813,879,%B7828627118554697^RivvfvdSftrlq^5805150611?2,%B3062172681317506=1112649234?1,11/25/28,debit,1
CcU-4555,44,US436977680124337760930422,512549 6577286826,4144,250,%B7588348085311767^JwqeyoyBntnze^84043759475?3,%B4742330214937640=20011621499?7,01/28/28,credit,1
CcU-4562,43,US251587713707275610523821,343266869577557,5732,570,%B4164487399836253^EdeuqcoXosvjg^2003601480?3,%B2549416652378182=3809337350?2,05/27/28,prepaid,1
CcU-4569,42,US106661697714585959958960,3744 663534 34891,4318,836,%B7184507915161853^CxwljtmDogbcn^10119919568?4,%B7147525387820862=3105358888?4,11/28/28,credit,1
CcU-4576,41,US602662108928395695055429,4532 573 68 7334,9888,140,%B5747615797051046^TdctfyhKmotij^1706905653?1,%B2663427980148723=60046728?9,02/28/28,debit,1
CcU-4583,40,US152269685690616284671065,527 46161 75318 130,3024,563,%B8476010131867577^JnhmghfKuchcl^7305377309?4,%B4566497243417477=4104169944?8,08/28/28,debit,1
CcU-4590,39,US242583505283635619575130,3443 187254 34777,1669,147,%B4276625869227617^FxdonqdHiwqku^66124059620?8,%B3139727492060028=93102623628?7,02/25/28,credit,1
CcU-4597,38,US714774754343027662857723,3754 737136 28831,5882,284,%B8325162927157354^PnscvjtCmbvdp^02122107? ,%B4535569051780346=9005726945?1,10/25/28,debit,1
CcU-4604,37,US116143816660714146543770,544734 7842782720,7169,619,%B9758799286251202^AdvmsmgTdiicj^28034197?3,%B5097887830188358=21059757?4,11/26/28,credit,1
CcU-4611,36,US139736640936417171430792,374238243234835,4050,882,%B2201893104284396^AdhikxbEbwejv^18078779977?6,%B5636588295618834=0104912196?9,03/25/28,debit,1
CcU-4618,35,US319357633494079422364044,5267481137212858,1606,377,%B8828657314323465^XjmdjtpWflhvx^85045208?9,%B8554316164555419=3512276397?1,04/25/28,credit,1
CcU-4625,34,US891130602965647530153266,5298 3644 7749 2491,5500,351,%B6658376545441924^PwfhtiiDjgytd^18044779097?1,%B3046665858069468=0010492741?7,11/28/28,debit,1
CcU-4632,33,US250969022919435136020189,448 55874 86627 789,7878,763,%B7104016767085744^FuyvvrmVecmfh^1303738906? ,%B6884647647728275=3804623634?1,11/26/28,credit,1
CcU-4639,32,US513372315835315636721419,373693321855284,6606,367,%B9056573361288784^JbrtsfsOdkeic^62065242706?1,%B4361611864093882=6809807423?5,12/24/28,debit,1
CcU-4646,31,US525753210114803969272714,4485 8278 9259 2981,1686,987,%B4539812337700467^TmkqcvfZodgwy^9006637665? ,%B5287310982186573=98037217?6,01/25/28,debit,1
CcU-4653,30,US954985100616039349061178,4716 862 33 7962,3850,916,%B4361244634514336^RoxuploYrlptk^77112033?9,%B5518426241563514=0409429237?2,09/25/28,debit,1
CcU-4660,29,US906728332780103966543769,492948 3588749370,3290,114,%B9145084864476761^GpudkkcDdxfdg^22048431152?7,%B6808334883876450=69088007022?6,11/26/28,credit,1
CcU-4667,28,US647514450724629546921323,3745 466677 72837,2301,738,%B2182338028548468^ZkodeyjDjuvlq^88071675570?8,%B5411887395854896=24097709?8,05/29/28,credit,1
CcU-4674,27,US136462625759248758189958,3437 391826 27572,4022,581,%B7445387416285435^DhpdsepMtxmfd^7011862696?3,%B5853473685126705=69076775809?6,06/29/28,debit,1
CcU-4681,26,US321109135666342079689344,448 57826 38974 722,6486,707,%B4464239986715867^WqudxmhTmmpyr^3409958728?6,%B8411745518864116=7908797861?8,04/27/28,debit,1
CcU-4688,25,US287609598608283876383053,347635882232257,3159,350,%B4387334195135200^XtjxkevUuebfj^4310620898?3,%B2377266149440523=2308872278?8,01/26/28,credit,0
CcU-4695,24,US578524775440135607083658,376558773427717,8297,734,%B5161732511638438^LsdpymuVboenf^0809785276?8,%B2636487003858134=2203577436?7,11/28/28,debit,1
CcU-4702,23,US876460980470616685366318,348642676875332,3880,445,%B5294537108705095^QacobchVehfcr^68035066?8,%B8314328586292262=7308427709? ,11/25/28,debit,1
CcU-4709,22,US544089749599759326160948,453233 846716 4597,4796,233,%B6307504368234301^UbdrkphEdzdsw^5911555985?5,%B5746230625815227=59038128?1,11/25/28,debit,1
CcU-4716,21,US650788736065407900277647,546684 833417 5543,4252,997,%B1134886718536553^RxtoffmBfsheo^01091865?3,%B8184214222898953=54066769354?1,08/25/28,debit,1
CcU-4723,20,US763046018461666481317084,3414 376437 29598,7936,243,%B3808628590171653^XljvtazIstgbb^36069746?1,%B7585847930700765=40064945?7,05/28/28,debit,1
CcU-4730,19,US903027118440575631058941,373396765877539,5988,988,%B7256344964264366^FwonynuXxhqne^79113467?2,%B7766755436329855=8412543147?4,03/25/28,debit,1
CcU-4737,18,US957869770816994300207291,3426 555216 37521,9048,509,%B6474275681960977^LtefunxBngqkj^0511605128?2,%B3417262078136365=80061172913?6,09/29/28,debit,1
CcU-4744,17,US443115483401244392805693,5256255735951122,6209,606,%B6062718174617606^UfbirjnIdajvd^11045975?4,%B5225313184436348=6311787663?7,11/25/28,credit,1
CcU-4751,16,US749860649687517376371856,3436 372241 88142,6392,760,%B2781782494382801^SitqnkuGipxgs^19062241746?2,%B4699147227475326=35064445? ,11/25/28,prepaid,1
CcU-4758,15,US466084269799266398004298,378486693428441,5241,571,%B2558446687136763^TdprmluFllanp^5511477222?5,%B2852157356984972=3605497233?8,12/26/28,credit,1
CcU-4765,14,US343844871609821332143471,448 51353 39347 393,1667,153,%B2794354072675355^IsvaafeBjukgf^3905761784?7,%B5817571788647481=5503923892?5,11/29/28,debit,1
CcU-4772,13,US404174992639597017698175,455 63485 32288 611,1201,552,%B8429847712626185^XgyktdaBqghji^50042094873?1,%B7561542986052342=16022024?9,12/29/28,credit,1
CcU-4779,12,US716853403928532374047312,513 92416 26288 645,8788,131,%B4791103447264101^ItpdwnsPwkhvv^2512313525?4,%B5213223695789136=50017703?7,02/26/28,debit,1
CcU-4786,11,US224293722799669169926377,557 97688 75435 755,9002,199,%B6302122225387488^GilibwoHnilso^9811821243?5,%B4973370588330241=7905565576?7,03/28/28,credit,1
CcU-4793,10,US793101694821316957413013,471662 767641 7624,7216,848,%B7755121567434815^PfzygoiMkrjql^8602212204?1,%B7412375289135315=3904360375?5,03/28/28,credit,1
CcU-4800,9,US869189774258767354172478,5455 7952 5528 3322,3745,886,%B6267823435548784^HrfdddcLhnrap^51114661494?7,%B1811225531223836=1204762463?8,10/26/28,credit,1
CcU-4807,8,US211667740332724155770419,4539 4326 8269 4216,8596,626,%B8875994714521289^BdmgotvEiicnz^3602201929?8,%B2436382423563134=4107745914?5,05/27/28,credit,1
CcU-4814,7,US117075752749465862489107,374471619343357,8790,124,%B7721393967157957^AdlwfddGdtmcq^41022188?6,%B6168514385624483=94081315?2,04/26/28,credit,1
CcU-4821,6,US356620313710296556722976,453987 7873842836,9000,867,%B4662497837622681^PswpvvvQntnth^67027185?3,%B4538665274571178=1909171131?1,02/25/28,debit,1
CcU-4828,5,US395705125135455784555130,4485252735942,2789,942,%B7763464626517588^KmqoxvwFiovcv^5003339322?4,%B4651147303850314=2105859161?2,09/27/28,credit,1
CcU-4835,4,US800515527363054887617259,3723 677744 22550,1149,680,%B6221188915952608^EnfmdemGugvnr^58053479562?5,%B8187762874317668=9107919781?6,07/26/28,premium_credit,1
CcU-4842,3,US794318663451333666614914,3774 636724 83250,4655,750,%B2216216733758821^CsszvisPjqcfh^95081856902?1,%B2517312164209886=54047891?9,11/24/28,debit,1
CcU-4849,2,US405439876088562460048604,5223363813491514,9992,779,%B8844154447682199^JunfxuiCzhsrj^3805344275?5,%B2623983651705584=0207551226?9,03/25/28,credit,1
CcU-4856,1,US919482036014803244914849,349528235713651,9086,974,%B4251431580521172^BjkklirXqdide^2001250289?6,%B8171116145537298=7502852926?7,07/28/28,premium_credit,1
CcS-4857,276,ES415679416676968711699208,2314242385113924,1819,467,%B2314242385113924^LWCBUDLWCBUD^2206000000000000000?,%B2314242385113924=2410101518363164?,09/25/28,debit,1
CcS-4858,277,NL252053037609851262242244,6582720299715533,3964,817,%B6582720299715533^TIQMVITIQMVI^2404000000000000000?,%B6582720299715533=2411101104546272?,12/28/28,debit,0
CcS-4859,278,SE720084318584364771497262,8861684536289642,4983,277,%B8861684536289642^COFBGDCOFBGD^2802000000000000000?,%B8861684536289642=2502101761665371?,11/26/28,credit,0
CcS-4860,279,ES165574078045314365283427,2481155515498459,6876,661,%B2481155515498459^TIUJTUTIUJTU^3104000000000000000?,%B2481155515498459=2602101514414395?,07/27/28,prepaid,0
CcS-4861,280,SE656762210431025196620841,1308930301149557,5710,398,%B1308930301149557^HPOBNZHPOBNZ^3301000000000000000?,%B1308930301149557=2805101751305028?,04/26/28,credit,0
CcS-4862,281,NL949396429710439685071325,6715617009807829,4042,174,%B6715617009807829^LDMWTDLDMWTD^3308000000000000000?,%B6715617009807829=2210101702370428?,11/26/28,credit,0
CcS-4863,282,FR628211851201116231488674,3140879819451394,5969,449,%B3140879819451394^OXXJODOXXJOD^2309000000000000000?,%B3140879819451394=3210101158648599?,12/29/28,debit,0
CcS-4864,283,SE455021683679162752728201,5793672133649114,8481,139,%B5793672133649114^NHWBYRNHWBYR^3002000000000000000?,%B5793672133649114=2306101806367101?,02/26/28,debit,0
CcS-4865,284,PL151333089612763384460219,5101552687251312,7847,903,%B5101552687251312^MJODHKMJODHK^3302000000000000000?,%B5101552687251312=3010101664862710?,11/28/28,debit,0
CcS-4866,285,ES185905913522238333641620,8080768801072613,9271,961,%B8080768801072613^MEBGOZMEBGOZ^3210000000000000000?,%B8080768801072613=2810101715885695?,02/25/28,debit,1
CcS-4867,286,NL760008759553492296474321,7761849537661098,4820,862,%B7761849537661098^LDRSOLLDRSOL^2811000000000000000?,%B7761849537661098=2206101710411371?,11/25/28,credit,1
CcS-4868,287,DE604023930989318335747030,4160419663151801,6860,549,%B4160419663151801^KQUCOIKQUCOI^2705000000000000000?,%B4160419663151801=2508101278587927?,08/25/28,credit,1
CcS-4869,288,IT280405825351365860527091,5892930716233310,4775,448,%B5892930716233310^DNSCAVDNSCAV^2507000000000000000?,%B5892930716233310=2403101253758128?,09/25/28,premium_credit,1
CcS-4870,289,DE312678675102861012587987,2227240879956178,5872,715,%B2227240879956178^NNZJTRNNZJTR^3401000000000000000?,%B2227240879956178=3411101430032222?,01/25/28,debit,1
CcS-4871,290,NL841882812537051501857688,6944143455556838,7992,643,%B6944143455556838^FRFEEUFRFEEU^2707000000000000000?,%B6944143455556838=3212101363716238?,07/26/28,credit,0
CcS-4872,291,PT694639039284374217174740,5035418997919459,3642,191,%B5035418997919459^ISXYXZISXYXZ^3308000000000000000?,%B5035418997919459=2812101790314055?,12/26/28,credit,0
CcS-4873,292,ES561527429673850446657169,3270329845604923,1038,177,%B3270329845604923^XQTOZDXQTOZD^2806000000000000000?,%B3270329845604923=3112101515908414?,04/26/28,credit,0
CcS-4874,293,IT939133562902807152613985,5388631654216752,2445,846,%B5388631654216752^UTUPBJUTUPBJ^3404000000000000000?,%B5388631654216752=3411101437145559?,09/27/28,credit,0
CcS-4875,294,FR148381647733726779389375,9468568875132901,2205,142,%B9468568875132901^FKXWAHFKXWAH^2906000000000000000?,%B9468568875132901=2210101523538851?,08/28/28,debit,0
CcS-4876,295,PL784067828949508857344666,5168089932433587,7774,998,%B5168089932433587^ZDVLQLZDVLQL^2710000000000000000?,%B5168089932433587=3007101403329246?,03/29/28,credit,0
CcS-4877,296,PL570051231969021872425419,8978310882386072,7838,689,%B8978310882386072^FXMJMHFXMJMH^2801000000000000000?,%B8978310882386072=2712101454860469?,10/29/28,premium_credit,0
CcS-4878,297,PT292041189650916215771546,7438501298486440,5783,281,%B7438501298486440^DXXVSADXXVSA^2405000000000000000?,%B7438501298486440=3006101329421316?,08/25/28,debit,1
CcS-4879,298,SE851928978446604761719022,3499352943774436,2858,850,%B3499352943774436^XQMLRSXQMLRS^3402000000000000000?,%B3499352943774436=3411101296429621?,08/26/28,premium_credit,0
CcS-4880,299,FR767280226431626961659347,9021332908595388,7773,742,%B9021332908595388^FQOYJMFQOYJM^2304000000000000000?,%B9021332908595388=3010101193176946?,03/25/28,debit,1
CcS-4881,300,ES675673705528406929935738,0820412523956472,6243,914,%B0820412523956472^NFWJBVNFWJBV^3309000000000000000?,%B0820412523956472=2505101372454271?,07/29/28,debit,0
CcS-4882,301,DE606714674254788533837845,6309975737499818,9181,183,%B6309975737499818^YEQVIAYEQVIA^3306000000000000000?,%B6309975737499818=3412101595450410?,08/26/28,credit,0
CcS-4883,302,FR444195867182946367993424,8549014693900613,5405,636,%B8549014693900613^HZOZHNHZOZHN^2608000000000000000?,%B8549014693900613=2406101283717471?,12/26/28,debit,0
CcS-4884,303,ES334901208843434671376845,3404972410065597,5126,533,%B3404972410065597^JLSEPQJLSEPQ^2806000000000000000?,%B3404972410065597=2607101956327875?,02/27/28,debit,0
CcS-4885,304,PL184837247960311622550056,7864138190940581,1259,895,%B7864138190940581^MWOGERMWOGER^2412000000000000000?,%B7864138190940581=2201101275473405?,04/27/28,debit,0
CcS-4886,305,NL409523804621104260817935,3255614336770584,5905,551,%B3255614336770584^NOLFTMNOLFTM^2903000000000000000?,%B3255614336770584=2412101738318921?,08/25/28,debit,1
CcS-4887,306,SE956180122934507598463553,7778692479466276,1492,760,%B7778692479466276^HRBSTVHRBSTV^2901000000000000000?,%B7778692479466276=2406101590652221?,03/26/28,premium_credit,0
CcS-4888,307,ES454183369953526520949166,0809060005182689,4811,834,%B0809060005182689^MEUUKHMEUUKH^2812000000000000000?,%B0809060005182689=2606101435205703?,11/29/28,debit,0
CcS-4889,308,FR211513398966042253737324,8973748500024184,2648,200,%B8973748500024184^AZWWEYAZWWEY^2611000000000000000?,%B8973748500024184=3207101359989092?,08/29/28,debit,0
CcS-4890,309,DE279907779389265833572776,9190677832076859,3019,992,%B9190677832076859^UJHBSAUJHBSA^2911000000000000000?,%B9190677832076859=2508101471725428?,07/29/28,credit,0
CcS-4891,310,FR451975720518449752893931,1861618656576726,4641,715,%B1861618656576726^KYDBRXKYDBRX^2602000000000000000?,%B1861618656576726=2804101689011668?,11/26/28,credit,0
CcS-4892,311,IT982779137003107132172894,5543861232932912,5055,987,%B5543861232932912^ZWYJKVZWYJKV^3205000000000000000?,%B5543861232932912=3007101368384799?,04/27/28,debit,0
CcS-4893,312,PL374958711444374094030550,6796284313393121,3107,283,%B6796284313393121^ZBKETQZBKETQ^2301000000000000000?,%B6796284313393121=2507101274537421?,12/28/28,debit,0
CcS-4894,313,IT183102699746135451678560,1147800451849910,2866,523,%B1147800451849910^NNXRPSNNXRPS^3309000000000000000?,%B1147800451849910=3107101357282385?,04/26/28,debit,0
CcS-4895,314,NL723980120116958489818228,7796374950297905,2029,883,%B7796374950297905^WKYINZWKYINZ^3406000000000000000?,%B7796374950297905=3212101590803166?,08/26/28,premium_credit,0
CcS-4896,315,NL497687314131450714742500,7441181337526554,2410,420,%B7441181337526554^LJQHNALJQHNA^2404000000000000000?,%B7441181337526554=2910101331135112?,07/25/28,prepaid,1
CcS-4897,316,NL199927709611146338986937,8235761056105519,9391,388,%B8235761056105519^OTGWUEOTGWUE^2612000000000000000?,%B8235761056105519=2309101638930978?,01/29/28,credit,0
CcS-4898,317,PL346833002683155837218579,2129055416012210,8794,662,%B2129055416012210^QGXIUGQGXIUG^2205000000000000000?,%B2129055416012210=3403101627402075?,07/27/28,debit,0
CcS-4899,318,IT180486612319846845370049,0050434234097272,7167,873,%B0050434234097272^WBFMHIWBFMHI^2501000000000000000?,%B0050434234097272=3007101397522613?,02/27/28,credit,0
CcS-4900,319,DE372742554451512100834961,2872259229684511,5557,392,%B2872259229684511^FDVGRQFDVGRQ^3412000000000000000?,%B2872259229684511=3206101128833177?,06/27/28,credit,0
CcS-4901,320,SE728399073628442821889339,7372755130190799,9964,711,%B7372755130190799^FPEQXVFPEQXV^2411000000000000000?,%B7372755130190799=3108101227860501?,07/25/28,credit,1
CcS-4902,321,IT375879256528318254108268,8500277365196681,6545,281,%B8500277365196681^OMEDSWOMEDSW^2711000000000000000?,%B8500277365196681=2802101196081342?,08/25/28,credit,1
CcS-4903,322,PT905782546680543903963090,8517804882209121,1595,352,%B8517804882209121^XDGFZFXDGFZF^2201000000000000000?,%B8517804882209121=3410101983665069?,04/29/28,debit,0
CcS-4904,323,NL524687183944350133783533,9463626171346392,7523,131,%B9463626171346392^NGVIQTNGVIQT^2607000000000000000?,%B9463626171346392=3406101601093924?,01/25/28,debit,1
CcS-4905,324,SE633582660147562582564977,8332406192098361,5166,415,%B8332406192098361^LIXENCLIXENC^3203000000000000000?,%B8332406192098361=2401101358592527?,02/26/28,credit,0
CcS-4906,325,IT156639329642555196693533,2991864257150502,4375,140,%B2991864257150502^JGJTZNJGJTZN^2604000000000000000?,%B2991864257150502=2802101964726273?,07/27/28,debit,0
CcS-4907,326,DE496154577285686980028004,9231074363221992,4033,355,%B9231074363221992^YIQTMXYIQTMX^2501000000000000000?,%B9231074363221992=2805101655605428?,07/26/28,debit,0
CcS-4908,327,IT875033885793972154709269,8579544247773341,9762,469,%B8579544247773341^OHCWIPOHCWIP^2301000000000000000?,%B8579544247773341=3102101532344078?,06/25/28,credit,1
CcS-4909,328,FR149470068379614882216546,7848139121873719,9415,685,%B7848139121873719^EGAQHCEGAQHC^2702000000000000000?,%B7848139121873719=3208101479444857?,08/28/28,debit,0
CcS-4910,329,NL908351285741651570301055,8329211082149157,7488,536,%B8329211082149157^MKUPRTMKUPRT^3411000000000000000?,%B8329211082149157=3312101852336463?,07/29/28,credit,0
CcS-4911,330,PT603751439374293059351487,7924948120511056,1545,976,%B7924948120511056^JTRUVSJTRUVS^2306000000000000000?,%B7924948120511056=2405101636279255?,03/26/28,credit,0
CcS-4912,331,PL409272410944518114835138,9185896274940438,7125,697,%B9185896274940438^LHDSUFLHDSUF^3309000000000000000?,%B9185896274940438=2703101105532604?,02/29/28,debit,0
CcS-4913,332,NL920330321937687011738130,4582742810071487,8553,904,%B4582742810071487^SHYFQZSHYFQZ^2210000000000000000?,%B4582742810071487=3306101570342622?,12/25/28,debit,1
CcS-4914,333,IT130416347124934287503694,8253038594284233,2506,651,%B8253038594284233^ILSJWLILSJWL^2604000000000000000?,%B8253038594284233=3412101244308465?,10/27/28,credit,0
CcS-4915,334,PT892536005968689876224696,5801667527002109,1639,583,%B5801667527002109^XXRMMWXXRMMW^2810000000000000000?,%B5801667527002109=2510101956900242?,09/28/28,debit,0
CcS-4916,335,DE980314533631360357784121,7790215440817581,9958,639,%B7790215440817581^MTLCIMMTLCIM^2911000000000000000?,%B7790215440817581=3204101922290247?,09/29/28,debit,0
CcS-4917,336,SE530266426452567115740098,9881350761258759,9878,929,%B9881350761258759^PLZUESPLZUES^2308000000000000000?,%B9881350761258759=2307101725939410?,02/26/28,debit,0
CcS-4918,337,SE857110080563433905996676,8063131719036462,7325,568,%B8063131719036462^KJYHNLKJYHNL^2809000000000000000?,%B8063131719036462=2304101313194568?,10/28/28,debit,0
CcS-4919,338,SE462823957295444868855371,9947491090999749,7206,964,%B9947491090999749^AJVUEGAJVUEG^2604000000000000000?,%B9947491090999749=3201101162313959?,09/29/28,debit,0
CcS-4920,339,PL171051346904369673394424,6051250274394388,3510,365,%B6051250274394388^QRRJPYQRRJPY^3112000000000000000?,%B6051250274394388=2702101888303104?,08/28/28,debit,0
CcS-4921,340,FR504178105205785504268546,7979918290876966,1893,588,%B7979918290876966^YFZEUZYFZEUZ^3311000000000000000?,%B7979918290876966=3209101936945993?,04/27/28,debit,0
CcS-4922,341,DE514934623817846507890725,4837600502277290,2973,140,%B4837600502277290^EFHHAUEFHHAU^3401000000000000000?,%B4837600502277290=2709101984534023?,06/28/28,credit,0
CcS-4923,342,NL737666855856617536709339,4648538991118415,7941,309,%B4648538991118415^QYQQSJQYQQSJ^2710000000000000000?,%B4648538991118415=2208101837246175?,02/27/28,debit,0
CcS-4924,343,FR335307844977435947808859,6031641970084206,5633,700,%B6031641970084206^KZOCUVKZOCUV^2908000000000000000?,%B6031641970084206=3107101561981229?,11/26/28,credit,0
CcS-4925,344,ES929270641174206261313471,2145116653906059,6978,926,%B2145116653906059^DHLGJPDHLGJP^2503000000000000000?,%B2145116653906059=3003101134711300?,05/25/28,prepaid,1
CcS-4926,345,PT374894839483443345650162,8568073353892804,9900,818,%B8568073353892804^ATYVMNATYVMN^3412000000000000000?,%B8568073353892804=2209101274492696?,08/29/28,debit,0
CcS-4927,346,PT431534520225361375929120,7645869651023739,9167,586,%B7645869651023739^IDWCOHIDWCOH^3008000000000000000?,%B7645869651023739=2309101833864068?,06/26/28,credit,0
CcS-4928,347,FR248786646340321170785096,8931899494368935,7393,372,%B8931899494368935^JSWYVSJSWYVS^3101000000000000000?,%B8931899494368935=2911101342109029?,12/29/28,debit,0
CcS-4929,348,FR508641318111087114317733,3490879288724775,1224,561,%B3490879288724775^OXEWXAOXEWXA^3309000000000000000?,%B3490879288724775=3404101767435615?,02/27/28,credit,0
CcS-4930,349,SE949821721774854268362105,7708511675967713,1418,861,%B7708511675967713^YIBOMPYIBOMP^2605000000000000000?,%B7708511675967713=2405101817377240?,04/25/28,debit,1
CcS-4931,350,SE502826068769731823617974,8261874621430806,5441,812,%B8261874621430806^INEOOQINEOOQ^2211000000000000000?,%B8261874621430806=2812101927692005?,07/26/28,credit,0
CcS-4932,351,NL500848899276691111361468,3449341307630974,6195,180,%B3449341307630974^ZNYQYAZNYQYA^3105000000000000000?,%B3449341307630974=3309101719397420?,07/27/28,debit,0
CcS-4933,352,DE130965109335487896828185,5156946824050474,4999,994,%B5156946824050474^LVXRXLLVXRXL^2912000000000000000?,%B5156946824050474=2202101238084480?,04/29/28,debit,0
CcS-4934,353,NL461924862317524404599129,0411121419172688,3000,184,%B0411121419172688^HOUFHIHOUFHI^2203000000000000000?,%B0411121419172688=2506101666713406?,10/29/28,debit,0
CcS-4935,354,NL232447987202082752872641,9010726614244382,5965,562,%B9010726614244382^JWXAERJWXAER^2810000000000000000?,%B9010726614244382=3103101870795464?,02/29/28,credit,0
CcS-4936,355,IT230339430691924797185832,9913202267193831,6882,273,%B9913202267193831^NAIGYUNAIGYU^2306000000000000000?,%B9913202267193831=2510101613607127?,05/25/28,debit,1
CcS-4937,356,FR394367486673954081572463,8388415028616913,1591,840,%B8388415028616913^JXMPKJJXMPKJ^3210000000000000000?,%B8388415028616913=2601101362308499?,09/27/28,premium_credit,0
CcS-4938,357,DE430369699354076499692741,8518237258903360,2643,141,%B8518237258903360^NZYEDBNZYEDB^2506000000000000000?,%B8518237258903360=2609101857344376?,05/25/28,credit,1
CcS-4939,358,IT249381535989888282924580,9466699281253084,2946,382,%B9466699281253084^MEZJKFMEZJKF^2905000000000000000?,%B9466699281253084=2611101868381146?,11/25/28,debit,1
CcS-4940,359,IT453965563524128521494026,5873935222042963,2072,545,%B5873935222042963^QWOGKAQWOGKA^3304000000000000000?,%B5873935222042963=3007101383202501?,11/25/28,debit,1
CcS-4941,360,SE479866790344021642700503,7359274083166157,5755,212,%B7359274083166157^GKQZHBGKQZHB^3206000000000000000?,%B7359274083166157=3307101215260445?,07/28/28,debit,0
CcS-4942,361,SE258388560429953863512639,7946787312886453,2217,295,%B7946787312886453^UCPKCRUCPKCR^2409000000000000000?,%B7946787312886453=2605101146953072?,12/25/28,debit,1
CcS-4943,362,PL704045171812750342028106,6259280188624339,5103,463,%B6259280188624339^JZZWRLJZZWRL^2507000000000000000?,%B6259280188624339=2503101703525857?,06/29/28,debit,0
CcS-4944,363,ES891049384913872712499703,4300687167276795,1551,658,%B4300687167276795^KZERBIKZERBI^3008000000000000000?,%B4300687167276795=2208101808218667?,06/26/28,credit,0
CcS-4945,364,PT404505439478152103724944,4174426203542948,6314,438,%B4174426203542948^GZEUGHGZEUGH^2901000000000000000?,%B4174426203542948=3007101434631054?,04/29/28,premium_credit,0
CcS-4946,365,ES850017903812592388946876,9916339275888494,1487,768,%B9916339275888494^WDJEFZWDJEFZ^2601000000000000000?,%B9916339275888494=2910101753639069?,12/28/28,credit,0
CcS-4947,366,NL424405477159952069494744,7487335335394226,7629,727,%B7487335335394226^CAFDXSCAFDXS^3407000000000000000?,%B7487335335394226=3008101196641853?,05/25/28,debit,1
CcS-4948,367,DE566201287378257968608451,5388158050681306,8642,315,%B5388158050681306^ZGPCKCZGPCKC^2312000000000000000?,%B5388158050681306=3412101716626022?,10/27/28,credit,0
CcS-4949,368,PT263346093872587660461512,9392368809032097,7595,672,%B9392368809032097^SMDUIGSMDUIG^2704000000000000000?,%B9392368809032097=3409101620761427?,12/29/28,prepaid,0
CcS-4950,369,NL586437708811752147528795,0524507979427438,2180,173,%B0524507979427438^FBHPSKFBHPSK^3011000000000000000?,%B0524507979427438=2707101418704646?,08/28/28,prepaid,0
CcS-4951,370,PT323127853169698493951186,0772797352447354,3615,656,%B0772797352447354^YCTLMGYCTLMG^2808000000000000000?,%B0772797352447354=2307101642028121?,06/26/28,debit,0
CcS-4952,371,DE446894802631267859834088,2699432138801763,1690,169,%B2699432138801763^QUWPSCQUWPSC^3204000000000000000?,%B2699432138801763=2312101283746227?,01/28/28,credit,0
CcS-4953,372,IT629997254720898213759074,1322882437408238,7734,422,%B1322882437408238^EDQRFGEDQRFG^2511000000000000000?,%B1322882437408238=3305101954848928?,01/28/28,debit,0
CcS-4954,373,FR582341513036712063974859,4703765383149232,2906,401,%B4703765383149232^DOXJUNDOXJUN^2409000000000000000?,%B4703765383149232=2805101179238954?,11/26/28,credit,0
CcS-4955,374,IT888021300336777808970683,4272129909234970,5307,732,%B4272129909234970^UHANIEUHANIE^2205000000000000000?,%B4272129909234970=3409101330084391?,10/28/28,prepaid,0
CcS-4956,375,FR940853469372105179383377,3175065804740822,4839,586,%B3175065804740822^GUNSHIGUNSHI^2504000000000000000?,%B3175065804740822=2606101645130226?,02/26/28,credit,0
CcS-4957,376,PL131884762483267474864847,1179920668032961,8530,611,%B1179920668032961^WIOVYVWIOVYV^2303000000000000000?,%B1179920668032961=2205101281003069?,04/25/28,credit,1
CcS-4958,377,IT455522305036573897454503,5233313132703227,2171,763,%B5233313132703227^BZYTMEBZYTME^2810000000000000000?,%B5233313132703227=2509101366098126?,01/29/28,credit,0
CcS-4959,378,IT191263085824851080404466,3327434339226785,2641,490,%B3327434339226785^MIFWDFMIFWDF^3409000000000000000?,%B3327434339226785=3404101240086128?,12/27/28,debit,0
CcS-4960,379,PL320467103395002454481058,3698077112009982,9387,617,%B3698077112009982^LPKEXFLPKEXF^2407000000000000000?,%B3698077112009982=2701101374448276?,02/27/28,prepaid,0
CcS-4961,380,NL599352038303629503202345,3849448984005710,6325,402,%B3849448984005710^CBFFMGCBFFMG^2607000000000000000?,%B3849448984005710=3002101377686341?,04/26/28,credit,0
CcS-4962,381,PT334024108419326093694331,6416647475419714,7608,883,%B6416647475419714^UPDAWKUPDAWK^2209000000000000000?,%B6416647475419714=2602101152009975?,02/28/28,prepaid,0
CcS-4963,382,DE933189626003338525116262,5683617918125772,1962,459,%B5683617918125772^QPVFKEQPVFKE^3007000000000000000?,%B5683617918125772=2907101696671203?,02/27/28,debit,0
CcS-4964,383,FR502854574364343770231471,4008229513062455,7095,141,%B4008229513062455^ZIDNWUZIDNWU^3002000000000000000?,%B4008229513062455=3012101168392737?,02/28/28,credit,0
CcS-4965,384,ES205714370297435424300630,4049547147345411,8309,916,%B4049547147345411^PQUHDWPQUHDW^2509000000000000000?,%B4049547147345411=3205101164938958?,09/28/28,prepaid,0
CcS-4966,385,SE780782642496687344916688,0677409941302922,3941,446,%B0677409941302922^JZENZDJZENZD^2504000000000000000?,%B0677409941302922=2308101796972229?,08/29/28,credit,0
CcS-4967,386,PT256977183004642600108364,9004261421189462,1680,954,%B9004261421189462^BGKEFGBGKEFG^2211000000000000000?,%B9004261421189462=2504101278969836?,04/28/28,debit,0
CcS-4968,387,FR566002916268025842745130,3923212651791579,3495,276,%B3923212651791579^YSZFNZYSZFNZ^2403000000000000000?,%B3923212651791579=3407101937218272?,01/28/28,prepaid,0
CcS-4969,388,ES583031557870250750915974,5994881942750890,8102,486,%B5994881942750890^KNKVBSKNKVBS^3412000000000000000?,%B5994881942750890=2501101687685495?,05/29/28,credit,0
CcS-4970,389,NL221336166625530818706929,9577491703020369,4431,747,%B9577491703020369^OQWRBEOQWRBE^3310000000000000000?,%B9577491703020369=2902101434447963?,12/27/28,debit,0
CcS-4971,390,PL678427266604067602926325,7436043816072791,9095,140,%B7436043816072791^FDHNVZFDHNVZ^2808000000000000000?,%B7436043816072791=3105101774498302?,08/28/28,credit,0
CcS-4972,391,FR304529483142233463682438,9264428317983851,4420,520,%B9264428317983851^JMYQJXJMYQJX^2303000000000000000?,%B9264428317983851=2505101859925776?,10/27/28,credit,0
CcS-4973,392,FR689060786895628253808394,5779023888563664,2379,290,%B5779023888563664^NPZAEFNPZAEF^3103000000000000000?,%B5779023888563664=2611101556008668?,09/27/28,credit,0
CcS-4974,393,PL380590126148977108938659,3942388615037907,8422,386,%B3942388615037907^CHFOJVCHFOJV^3306000000000000000?,%B3942388615037907=2301101942302673?,02/27/28,prepaid,0
CcS-4975,394,PL303045506741146632861012,8406248001996893,2311,974,%B8406248001996893^LFVAJDLFVAJD^2301000000000000000?,%B8406248001996893=2208101334700383?,01/27/28,debit,0
CcS-4976,395,ES562989363290800046690585,3268146692234165,9697,611,%B3268146692234165^AGDHRQAGDHRQ^2605000000000000000?,%B3268146692234165=2611101309505825?,02/25/28,debit,1
CcS-4977,396,PL269829333568277049477121,2717529041430462,3458,570,%B2717529041430462^DATIALDATIAL^2704000000000000000?,%B2717529041430462=3109101794150184?,11/27/28,credit,0
CcS-4978,397,PL825050175804688333274695,1223564689406727,8588,960,%B1223564689406727^YFQDWFYFQDWF^3408000000000000000?,%B1223564689406727=3302101643512119?,01/29/28,debit,0
CcS-4979,398,PL775212119692716286815413,1277781125150711,4070,638,%B1277781125150711^IWLWQGIWLWQG^2701000000000000000?,%B1277781125150711=3204101189297963?,10/29/28,debit,0
CcS-4980,399,IT466480347242692616845929,7842645236952293,9360,429,%B7842645236952293^SQHXUMSQHXUM^2608000000000000000?,%B7842645236952293=3303101873838859?,04/25/28,debit,1
CcS-4981,400,NL334275209091946003958094,3978218268485630,4205,741,%B3978218268485630^FYAWETFYAWET^3408000000000000000?,%B3978218268485630=3408101890036877?,08/25/28,credit,1
CcS-4982,401,DE379187998882608824759982,9782918493352856,7846,746,%B9782918493352856^PRFUWRPRFUWR^3409000000000000000?,%B9782918493352856=2905101872202874?,09/25/28,debit,1
CcS-4983,402,PT295434326538008619430855,9368292870653947,4832,736,%B9368292870653947^YJNCSKYJNCSK^2710000000000000000?,%B9368292870653947=2404101868771935?,04/28/28,debit,0
CcS-4984,403,NL867726644730083019610984,4626836418448029,2958,576,%B4626836418448029^BPAJWFBPAJWF^2407000000000000000?,%B4626836418448029=3003101822004497?,03/25/28,credit,1
CcS-4985,404,ES910204487446160459088037,0092566963101113,9853,835,%B0092566963101113^WHUSBKWHUSBK^2911000000000000000?,%B0092566963101113=2203101426956586?,11/29/28,debit,0
CcS-4986,405,NL417988083782520954231993,3386571059517914,3281,655,%B3386571059517914^DIRADMDIRADM^2705000000000000000?,%B3386571059517914=2802101557768364?,03/28/28,premium_credit,0
CcS-4987,406,FR625089222671047252536900,6979499222592306,7371,287,%B6979499222592306^GMGMJCGMGMJC^2811000000000000000?,%B6979499222592306=2704101172830931?,07/26/28,credit,0
CcS-4988,407,NL343740639456102903543652,2641445492224485,6000,510,%B2641445492224485^WRCNSLWRCNSL^2801000000000000000?,%B2641445492224485=3011101311874569?,06/29/28,credit,0
CcS-4989,408,FR949054973017974518589259,0177166876377581,9178,996,%B0177166876377581^MIRZCSMIRZCS^2907000000000000000?,%B0177166876377581=2601101381285142?,08/25/28,debit,1
CcS-4990,409,ES849084097651421908106857,1760960325800591,8254,374,%B1760960325800591^PQLUGMPQLUGM^3005000000000000000?,%B1760960325800591=3005101294309994?,05/29/28,debit,0
CcS-4991,410,DE426508941732042386475916,1221958892204206,2058,177,%B1221958892204206^JDPUPWJDPUPW^2802000000000000000?,%B1221958892204206=2601101372669087?,04/27/28,credit,0
CcS-4992,411,DE920045222040992552872444,7271100273770691,3006,387,%B7271100273770691^GRZOQFGRZOQF^3310000000000000000?,%B7271100273770691=2309101952466831?,03/28/28,prepaid,0
CcS-4993,412,FR393318604195615283221874,0931468345981150,2521,445,%B0931468345981150^GBMMCIGBMMCI^3404000000000000000?,%B0931468345981150=2804101115271264?,10/28/28,credit,0
CcS-4994,413,NL721565299987778071305904,3591824846327638,3656,251,%B3591824846327638^PPFKGJPPFKGJ^2411000000000000000?,%B3591824846327638=3011101903684909?,03/29/28,credit,0
CcS-4995,414,FR828327568412239695263976,8800002180378436,6605,270,%B8800002180378436^JSPYDOJSPYDO^2203000000000000000?,%B8800002180378436=2606101941508018?,02/28/28,credit,0
CcS-4996,415,PL190623547144294349860283,0863145249809579,5860,316,%B0863145249809579^FENCHGFENCHG^2906000000000000000?,%B0863145249809579=3109101547149277?,01/29/28,credit,0
CcS-4997,416,PL532846457718956235654164,7117122627802756,2693,838,%B7117122627802756^OJVUJHOJVUJH^3207000000000000000?,%B7117122627802756=3206101434744948?,08/25/28,debit,1
CcS-4998,417,PT393916604288681979990277,9994778832977702,8486,639,%B9994778832977702^SGLHSDSGLHSD^2708000000000000000?,%B9994778832977702=2710101442072774?,05/26/28,credit,0
CcS-4999,418,PT526128160205304399167382,6117179147758341,4854,548,%B6117179147758341^QVAUQAQVAUQA^2411000000000000000?,%B6117179147758341=2903101102311799?,01/26/28,credit,0
CcS-5000,419,NL706658088342617858529214,3290624137289531,4752,131,%B3290624137289531^MUGWJFMUGWJF^2701000000000000000?,%B3290624137289531=2412101753274362?,11/26/28,debit,0
CcS-5001,420,ES885453204544533772644212,6208497559372091,8189,563,%B6208497559372091^BREZCBBREZCB^2708000000000000000?,%B6208497559372091=3009101927218413?,12/27/28,credit,0
CcS-5002,421,PT351346079253495127709719,7828337549160579,7500,500,%B7828337549160579^KWHLLKKWHLLK^2310000000000000000?,%B7828337549160579=2710101772368053?,09/28/28,debit,0
CcS-5003,422,SE889407403089173812194020,2743364833007031,3943,954,%B2743364833007031^CBQKFVCBQKFV^2305000000000000000?,%B2743364833007031=2506101184084021?,07/25/28,credit,1
CcS-5004,423,ES673278752744806792707636,7603527284032873,6590,548,%B7603527284032873^WYNBUPWYNBUP^3001000000000000000?,%B7603527284032873=3202101385034818?,06/29/28,debit,0
CcS-5005,424,DE736902648620494609157322,5519822173779029,6478,100,%B5519822173779029^HWYHRJHWYHRJ^2706000000000000000?,%B5519822173779029=2909101508360307?,09/28/28,credit,0
CcS-5006,425,PL480494432214351175242120,8483973137094843,9419,363,%B8483973137094843^QNGHHHQNGHHH^2303000000000000000?,%B8483973137094843=2909101872769533?,01/29/28,prepaid,0
CcS-5007,426,DE675722440387244678617715,8949084624981965,5342,892,%B8949084624981965^XDVCCXXDVCCX^2210000000000000000?,%B8949084624981965=2906101481744377?,12/28/28,debit,0
CcS-5008,427,DE246914698084571638565756,9024364652628319,1030,303,%B9024364652628319^SXRJLUSXRJLU^2609000000000000000?,%B9024364652628319=3403101631912144?,01/25/28,prepaid,1
CcS-5009,428,NL869350356536915418626563,6867586666754402,4609,791,%B6867586666754402^AYTBLLAYTBLL^3105000000000000000?,%B6867586666754402=2511101331678037?,12/28/28,debit,0
CcS-5010,429,DE149776697051096544885263,8897834263835069,6318,452,%B8897834263835069^TAKRITTAKRIT^2704000000000000000?,%B8897834263835069=2909101550783822?,03/27/28,credit,0
CcS-5011,430,PL356970486107894514377475,2717474684493128,2980,734,%B2717474684493128^JIACZQJIACZQ^2201000000000000000?,%B2717474684493128=2306101500431789?,03/27/28,credit,0
CcS-5012,431,NL803928499353597750021005,3585391026897408,5899,688,%B3585391026897408^WUWCHBWUWCHB^2505000000000000000?,%B3585391026897408=2908101629519311?,05/25/28,credit,1
CcS-5013,432,ES942047318826077243667447,2470646562676217,3654,153,%B2470646562676217^HFHBQLHFHBQL^3307000000000000000?,%B2470646562676217=2211101613068996?,03/28/28,debit,0
CcS-5014,433,SE820219478800008065883854,8976007082691942,1275,170,%B8976007082691942^QSFPYXQSFPYX^3405000000000000000?,%B8976007082691942=2204101424515397?,12/26/28,credit,0
CcS-5015,434,FR318439248201942575985431,5081923605499242,3236,995,%B5081923605499242^GEOGRRGEOGRR^2807000000000000000?,%B5081923605499242=2301101973507248?,05/28/28,debit,0
CcS-5016,435,NL711402946766154893675240,9245465903338958,6466,463,%B9245465903338958^RPFYVWRPFYVW^2710000000000000000?,%B9245465903338958=3108101854510074?,01/29/28,debit,0
CcS-5017,436,SE861968036811523205116471,6162987882265227,2729,763,%B6162987882265227^AZPDRTAZPDRT^2407000000000000000?,%B6162987882265227=3410101909893781?,07/25/28,credit,1
CcS-5018,437,NL756972751542061006085334,0021656196864005,1852,979,%B0021656196864005^JFRKHJJFRKHJ^2509000000000000000?,%B0021656196864005=2702101800682973?,05/29/28,credit,0
CcS-5019,438,IT213945583453516293848999,8026624008893903,5268,462,%B8026624008893903^BHSSKCBHSSKC^2404000000000000000?,%B8026624008893903=3402101156166603?,03/25/28,debit,1
CcS-5020,439,FR397442612173977777818790,8925626812285767,2953,346,%B8925626812285767^EIMUCDEIMUCD^3102000000000000000?,%B8925626812285767=2903101560073516?,01/25/28,credit,1
CcS-5021,440,PT301947880679252821877154,6448293959871266,1880,262,%B6448293959871266^XDZYPBXDZYPB^2901000000000000000?,%B6448293959871266=2704101332260483?,06/29/28,debit,0
CcS-5022,441,PL200565434849763946529212,4026956103443128,1738,530,%B4026956103443128^UIBSDHUIBSDH^3206000000000000000?,%B4026956103443128=2706101847750925?,10/27/28,credit,0
CcS-5023,442,PL860812493454905821523551,7746386283386208,2422,784,%B7746386283386208^UCPCXAUCPCXA^2504000000000000000?,%B7746386283386208=2908101672928677?,02/26/28,credit,0
CcS-5024,443,PT138128301288552439988078,3870810712348357,2135,579,%B3870810712348357^UOFWJCUOFWJC^2505000000000000000?,%B3870810712348357=2411101791866333?,03/28/28,credit,0
CcS-5025,444,DE601842588473466674088654,2927626284057772,9908,625,%B2927626284057772^VGTUMEVGTUME^2409000000000000000?,%B2927626284057772=3112101440119188?,01/26/28,credit,0
CcS-5026,445,FR335717797929732879172954,8515225746571351,9057,938,%B8515225746571351^GKLEWQGKLEWQ^2603000000000000000?,%B8515225746571351=2506101840285872?,03/25/28,credit,1
CcS-5027,446,PL896550475044278551915718,4421373228857404,1236,853,%B4421373228857404^RLEZNARLEZNA^2307000000000000000?,%B4421373228857404=2704101914279848?,06/28/28,credit,0
CcS-5028,447,SE408333471417062372608526,0921929746846735,6524,174,%B0921929746846735^ERRTXWERRTXW^2910000000000000000?,%B0921929746846735=2610101428192867?,05/28/28,debit,0
CcS-5029,448,FR647785312479148172733643,3712985901597282,8337,313,%B3712985901597282^MQHNETMQHNET^3303000000000000000?,%B3712985901597282=2909101254281976?,04/25/28,prepaid,1
CcS-5030,449,IT968421664311696333180759,4069053303936263,7961,260,%B4069053303936263^XVIJWTXVIJWT^2901000000000000000?,%B4069053303936263=3107101903797982?,07/27/28,credit,0
CcS-5031,450,ES885589343095435421539278,6538185581452969,8740,356,%B6538185581452969^MPDDEHMPDDEH^2401000000000000000?,%B6538185581452969=3009101462122593?,03/26/28,debit,0
CcS-5032,451,PL467496413454900281948671,9864683536850169,4384,515,%B9864683536850169^OYNJMBOYNJMB^2712000000000000000?,%B9864683536850169=2611101972332943?,12/27/28,credit,0
CcS-5033,452,PL260971898312902422952281,3677481817983805,1330,733,%B3677481817983805^WFQDFPWFQDFP^2404000000000000000?,%B3677481817983805=2402101862957368?,05/28/28,debit,0
CcS-5034,453,DE922617877761745304283913,0892824707337893,7070,374,%B0892824707337893^RVEIFDRVEIFD^2703000000000000000?,%B0892824707337893=3404101732158977?,04/28/28,credit,0
CcS-5035,454,PL690479801150013132287980,8093084529384896,4934,673,%B8093084529384896^INVXLIINVXLI^2405000000000000000?,%B8093084529384896=2909101945000477?,07/26/28,debit,0
CcS-5036,455,PL833824794815486769944318,7616632856088593,8709,360,%B7616632856088593^KMVKSMKMVKSM^3312000000000000000?,%B7616632856088593=3210101882333772?,02/29/28,debit,0
CcS-5037,456,PL269222750231590073068960,1411884033690671,3472,337,%B1411884033690671^CBHWKOCBHWKO^2208000000000000000?,%B1411884033690671=2610101420498890?,02/25/28,debit,1
CcS-5038,457,DE517622213682963047293297,1895260225266316,8834,139,%B1895260225266316^QOJCZDQOJCZD^2907000000000000000?,%B1895260225266316=3006101277172314?,07/29/28,debit,0
CcS-5039,458,PT223122311207520202356687,3792758632752967,1157,380,%B3792758632752967^KKBEBFKKBEBF^3306000000000000000?,%B3792758632752967=2712101614599356?,09/25/28,credit,1
CcS-5040,459,SE450751738306949435026780,9502272785832706,2213,987,%B9502272785832706^FBAPUFFBAPUF^2209000000000000000?,%B9502272785832706=2810101731755007?,05/26/28,premium_credit,0
CcS-5041,460,IT660413827959412786056591,9593267975594384,7117,158,%B9593267975594384^KHVALZKHVALZ^2709000000000000000?,%B9593267975594384=2706101897600033?,06/29/28,credit,0
CcS-5042,461,IT925735088602434680422155,2733226333224024,8309,285,%B2733226333224024^DXZPDRDXZPDR^2602000000000000000?,%B2733226333224024=3404101568832229?,11/28/28,debit,0
CcS-5043,462,PL311720984095923745935290,7232428955151504,8084,697,%B7232428955151504^APRLWIAPRLWI^2710000000000000000?,%B7232428955151504=2704101849065055?,07/25/28,prepaid,1
CcS-5044,463,IT220927679919630249711789,8107210419730323,6346,430,%B8107210419730323^XPVJTCXPVJTC^3003000000000000000?,%B8107210419730323=3111101403414644?,04/25/28,credit,1
CcS-5045,464,PT621320319407912236820905,0383070782411287,7732,213,%B0383070782411287^TBJIHJTBJIHJ^2511000000000000000?,%B0383070782411287=3001101176609242?,05/29/28,credit,0
CcS-5046,465,DE186268729471699670702839,3832963172282283,5578,303,%B3832963172282283^OGFTDFOGFTDF^2308000000000000000?,%B3832963172282283=2705101749061130?,03/25/28,credit,1
CcS-5047,466,SE782616681749872297812717,4768315706556788,6947,683,%B4768315706556788^NHDGAYNHDGAY^2812000000000000000?,%B4768315706556788=2403101897980682?,07/25/28,debit,1
CcS-5048,467,IT319327878046713640145025,6672268720010281,4710,499,%B6672268720010281^OJZAYJOJZAYJ^2508000000000000000?,%B6672268720010281=2501101109076449?,09/28/28,credit,0
CcS-5049,468,PT372062430630533102948637,6118939306846749,9598,192,%B6118939306846749^BECOIWBECOIW^3406000000000000000?,%B6118939306846749=3210101591122285?,12/27/28,debit,0
CcS-5050,469,NL910594105188047324475102,6151915624421219,2856,615,%B6151915624421219^HJJTBSHJJTBS^3408000000000000000?,%B6151915624421219=2706101304706354?,02/25/28,credit,1
CcS-5051,470,IT318439835901385583266851,4153551684799515,9057,865,%B4153551684799515^MZVOSRMZVOSR^2606000000000000000?,%B4153551684799515=3202101875338745?,07/29/28,credit,0
CcS-5052,471,DE665832421132865978296809,5273346672918174,5444,990,%B5273346672918174^RDNHUNRDNHUN^2801000000000000000?,%B5273346672918174=2611101951040153?,07/27/28,premium_credit,0
CcS-5053,472,NL499355514652474928215750,3658722756582072,7068,181,%B3658722756582072^OMJSWWOMJSWW^2704000000000000000?,%B3658722756582072=2710101680883783?,09/27/28,credit,0
CcS-5054,473,ES457518731506054925353047,5667443903919151,6775,996,%B5667443903919151^NWRBQENWRBQE^2501000000000000000?,%B5667443903919151=2205101394898770?,01/27/28,debit,0
CcS-5055,474,DE727253083423867226740242,1864562945697615,7710,782,%B1864562945697615^GQBTHJGQBTHJ^3306000000000000000?,%B1864562945697615=2208101539681243?,06/27/28,credit,0
CcS-5056,475,IT466095560281424602569235,3161360524267037,7331,408,%B3161360524267037^VQUFUSVQUFUS^3305000000000000000?,%B3161360524267037=3303101823723511?,07/28/28,premium_credit,0
CcS-5057,476,FR620407645382161572220848,2950749673638072,5559,571,%B2950749673638072^LUBYDZLUBYDZ^2204000000000000000?,%B2950749673638072=3011101416397877?,11/25/28,debit,1
CcS-5058,477,PL228036805942910135437639,7352867972067745,2819,906,%B7352867972067745^QRZBNQQRZBNQ^3410000000000000000?,%B7352867972067745=2911101454373762?,02/28/28,debit,0
CcS-5059,478,PT989428491334740122958905,4538103683315371,8029,621,%B4538103683315371^TVEDUTTVEDUT^2607000000000000000?,%B4538103683315371=2801101693938666?,03/29/28,credit,0
CcS-5060,479,ES612551408824260456263954,3123313417372789,9544,102,%B3123313417372789^OKGZMLOKGZML^2611000000000000000?,%B3123313417372789=3002101761646148?,11/27/28,credit,0
CcS-5061,480,ES582244834832667338962843,7638691400469550,4329,119,%B7638691400469550^BIVHNYBIVHNY^2305000000000000000?,%B7638691400469550=3207101509600847?,08/29/28,credit,0
CcS-5062,481,ES111625724509639664774465,3464820046407455,6600,452,%B3464820046407455^QJTMBKQJTMBK^2907000000000000000?,%B3464820046407455=3012101905274508?,03/29/28,premium_credit,0
CcS-5063,482,DE531969575619158297455924,8557241013740118,6956,396,%B8557241013740118^UOHFGFUOHFGF^2411000000000000000?,%B8557241013740118=2708101741352306?,08/26/28,debit,0
CcS-5064,483,DE499238022542362871434290,1317114626068569,2707,328,%B1317114626068569^YDDLCMYDDLCM^3302000000000000000?,%B1317114626068569=3208101794164467?,01/29/28,credit,0
CcS-5065,484,PT303138984492569862601368,1847601212831261,1034,640,%B1847601212831261^GMWPCPGMWPCP^2605000000000000000?,%B1847601212831261=2405101319114723?,08/29/28,debit,0
CcS-5066,485,PL806422593232956322282273,3703591725787683,7896,250,%B3703591725787683^MKYEGTMKYEGT^2711000000000000000?,%B3703591725787683=2905101509628331?,08/26/28,debit,0
CcS-5067,486,NL842404561189011965862207,2171466222818772,7286,464,%B2171466222818772^WGYPMRWGYPMR^3205000000000000000?,%B2171466222818772=2809101788711829?,10/27/28,credit,0
CcS-5068,487,FR986038772437669960632417,5432156582652131,5848,334,%B5432156582652131^KMBMMSKMBMMS^2810000000000000000?,%B5432156582652131=3010101288921574?,11/26/28,debit,0
CcS-5069,488,SE879609281803956283472707,2734609877540608,2855,465,%B2734609877540608^OVOTLUOVOTLU^3412000000000000000?,%B2734609877540608=2310101766587825?,08/28/28,credit,0
CcS-5070,489,ES919754850505255087114910,0217029426362351,9221,143,%B0217029426362351^DLMDJEDLMDJE^2405000000000000000?,%B0217029426362351=2907101334903452?,01/29/28,prepaid,0
CcS-5071,490,PL819640656147655006254252,8719484850488458,7085,375,%B8719484850488458^EISWONEISWON^3103000000000000000?,%B8719484850488458=2209101547524693?,11/27/28,credit,0
CcS-5072,491,ES206840971505349650855894,6354531971817763,8801,906,%B6354531971817763^VMDOEQVMDOEQ^2502000000000000000?,%B6354531971817763=2211101411682651?,05/28/28,credit,0
CcS-5073,492,ES355684439371971098753172,0356118340940005,6067,722,%B0356118340940005^OZZVPIOZZVPI^3307000000000000000?,%B0356118340940005=3310101446010797?,07/27/28,debit,0
CcS-5074,493,PL113780130546524281589641,4540226664672157,2891,469,%B4540226664672157^TQHWLATQHWLA^2201000000000000000?,%B4540226664672157=2409101583413985?,02/26/28,credit,0
CcS-5075,494,FR391796626740031623817023,1285155287632564,8979,157,%B1285155287632564^WRKNWNWRKNWN^2301000000000000000?,%B1285155287632564=3002101589834434?,10/26/28,credit,0
CcS-5076,495,IT187145728473874204439972,1428619082945606,8005,731,%B1428619082945606^QVEVGEQVEVGE^2706000000000000000?,%B1428619082945606=2303101129640878?,07/29/28,credit,0
CcS-5077,496,PL933589111452215089315422,9652674223541184,1253,446,%B9652674223541184^XWSNPKXWSNPK^2702000000000000000?,%B9652674223541184=3202101738103097?,05/26/28,credit,0
CcS-5078,497,PL610402778035646979530499,7686423889303336,7654,173,%B7686423889303336^TGEVFWTGEVFW^3306000000000000000?,%B7686423889303336=3201101377106110?,05/29/28,debit,0
CcS-5079,498,FR768229618758236000752965,0727824365870266,3631,231,%B0727824365870266^JOWMAAJOWMAA^3411000000000000000?,%B0727824365870266=2206101676784342?,07/26/28,credit,0
CcS-5080,499,SE613084186726059595252986,3435452326813413,9558,776,%B3435452326813413^DEGQTTDEGQTT^2311000000000000000?,%B3435452326813413=3301101853412827?,09/28/28,credit,0
CcS-5081,500,FR518275342182549747495419,0394048024762531,8057,168,%B0394048024762531^WJSTXJWJSTXJ^3404000000000000000?,%B0394048024762531=3308101789615896?,08/25/28,debit,1
CcS-5082,501,CA796226931885124489219768,4043637784431985,4970,391,%B4043637784431985^FWUARHFWUARH^2201000000000000000?,%B4043637784431985=2406101745801698?,07/27/28,debit,0
CcS-5083,502,IT589700211130984484700372,7006706892112583,7130,767,%B7006706892112583^YSDCHQYSDCHQ^2608000000000000000?,%B7006706892112583=3405101848600091?,02/28/28,credit,0
CcS-5084,503,ES588888131628678768033479,4660223298387179,2587,961,%B4660223298387179^DZMJCLDZMJCL^2712000000000000000?,%B4660223298387179=2206101256182596?,08/29/28,credit,0
CcS-5085,504,DE379716410195724173952772,9046633873713489,3596,915,%B9046633873713489^AEIAFKAEIAFK^2309000000000000000?,%B9046633873713489=2405101459142645?,06/29/28,debit,0
CcS-5086,505,ES774986925915426358539183,0832399041222031,7962,423,%B0832399041222031^ZVKUQIZVKUQI^2805000000000000000?,%B0832399041222031=2211101872031966?,07/26/28,prepaid,0
CcS-5087,506,FR934595286236753197087293,4100312059210415,8260,458,%B4100312059210415^HHQEIBHHQEIB^2810000000000000000?,%B4100312059210415=2409101275349326?,04/29/28,credit,0
CcS-5088,507,PT419420160196067136054570,4009780079773611,1603,368,%B4009780079773611^ZOTHPZZOTHPZ^2805000000000000000?,%B4009780079773611=3401101798996103?,01/28/28,debit,0
CcS-5089,508,SE548739861002913744544659,3719948569393901,7543,402,%B3719948569393901^SXPAGCSXPAGC^3411000000000000000?,%B3719948569393901=2709101305995098?,01/29/28,debit,0
CcS-5090,509,US503158997310692544183901,2277034816660850,9686,768,%B2277034816660850^ROGEIMROGEIM^3109000000000000000?,%B2277034816660850=2403101764651154?,03/29/28,credit,0
CcS-5091,510,ES949163913432507479334454,1747875061695278,6548,135,%B1747875061695278^ZQHWFUZQHWFU^2502000000000000000?,%B1747875061695278=3203101726933517?,10/26/28,credit,0
CcS-5092,511,IT535133454573282794829976,3504012311952025,1650,774,%B3504012311952025^HVKVFIHVKVFI^2204000000000000000?,%B3504012311952025=2510101324597638?,11/26/28,credit,0
CcS-5093,512,FR909872554286354010884793,6608121903798403,8499,727,%B6608121903798403^OPNNUYOPNNUY^3410000000000000000?,%B6608121903798403=3311101866776536?,03/26/28,credit,0
CcS-5094,513,US473611582698831054568995,3030606211970904,3326,662,%B3030606211970904^BUHGPABUHGPA^2705000000000000000?,%B3030606211970904=2512101512735995?,08/27/28,credit,0
CcS-5095,514,PL402780567976789628075285,9293832526647654,2696,702,%B9293832526647654^YEDIABYEDIAB^3106000000000000000?,%B9293832526647654=3205101931582240?,01/27/28,credit,0
CcS-5096,515,DE531002276970379167868100,7111123670765748,7444,431,%B7111123670765748^OKAFQQOKAFQQ^2911000000000000000?,%B7111123670765748=3010101702826417?,01/26/28,premium_credit,0
CcS-5097,516,PL236720215684305730494159,1714473237968498,6119,447,%B1714473237968498^PPXTRDPPXTRD^3203000000000000000?,%B1714473237968498=2311101350810099?,05/25/28,debit,1
CcS-5098,517,CA889291388200339545966998,2799134825318121,4641,122,%B2799134825318121^ILJCQQILJCQQ^3104000000000000000?,%B2799134825318121=2302101208612279?,04/26/28,credit,0
CcS-5099,518,PT241783441483926795545819,8732679835105525,2358,149,%B8732679835105525^TQBPECTQBPEC^2811000000000000000?,%B8732679835105525=3101101447595366?,09/27/28,credit,0
CcS-5100,519,US853150795859647798508286,1281806111077787,7571,715,%B1281806111077787^LYSKZXLYSKZX^3306000000000000000?,%B1281806111077787=3205101690641030?,03/29/28,debit,0
CcS-5101,520,CA418666139713972517702166,5563253604841778,7081,859,%B5563253604841778^HQCQLUHQCQLU^3202000000000000000?,%B5563253604841778=3008101934505962?,10/28/28,credit,0
CcS-5102,521,PL127284180750326659976360,4756542059722663,6739,494,%B4756542059722663^EIEQZSEIEQZS^2506000000000000000?,%B4756542059722663=2503101912023145?,03/29/28,prepaid,0
CcS-5103,522,GB176848701546837321772054,0935313075425438,6325,996,%B0935313075425438^ZWENJYZWENJY^3311000000000000000?,%B0935313075425438=3101101623198037?,08/25/28,credit,1
CcS-5104,523,NL303991747459429723516494,6943851386232301,1848,485,%B6943851386232301^OKTZQNOKTZQN^2406000000000000000?,%B6943851386232301=2307101714892388?,01/25/28,prepaid,1
CcS-5105,524,PT341982649943956674638424,7850485094000600,2422,424,%B7850485094000600^MZLGPGMZLGPG^2808000000000000000?,%B7850485094000600=2502101815044003?,08/25/28,debit,1
CcS-5106,525,PL987045915832818919261085,0042518909356285,4669,698,%B0042518909356285^RHKSPQRHKSPQ^2606000000000000000?,%B0042518909356285=3208101797738092?,01/25/28,debit,1
CcS-5107,526,GB232292152449220520980441,3314937963979850,4227,463,%B3314937963979850^KEGYQOKEGYQO^2409000000000000000?,%B3314937963979850=2201101219033971?,10/27/28,debit,0
CcS-5108,527,NL230568792805919887651396,9382506621578738,7209,124,%B9382506621578738^XFRWJKXFRWJK^2411000000000000000?,%B9382506621578738=2411101383887710?,09/29/28,debit,0
CcS-5109,528,GB258459577576049994986691,3103651357858322,6834,876,%B3103651357858322^TLVLJOTLVLJO^2311000000000000000?,%B3103651357858322=2506101970473965?,02/28/28,prepaid,0
CcS-5110,529,CA472858869714205818784199,6909481545247319,5187,146,%B6909481545247319^ZYITXKZYITXK^3004000000000000000?,%B6909481545247319=2701101331124387?,02/29/28,prepaid,0
CcS-5111,530,ES745570307172750665040057,2359739503705163,7826,488,%B2359739503705163^SUCAERSUCAER^2307000000000000000?,%B2359739503705163=3102101554954217?,05/26/28,credit,0
CcS-5112,531,CA634734942541933668915181,1007574267950380,1617,325,%B1007574267950380^HDJNVNHDJNVN^2706000000000000000?,%B1007574267950380=3005101474143331?,02/25/28,credit,1
CcS-5113,532,FR502430494661304439659213,9880010605304564,6829,701,%B9880010605304564^MFRTZHMFRTZH^3007000000000000000?,%B9880010605304564=2902101217913283?,03/25/28,credit,1
CcS-5114,533,PT680286203864506464424771,1392901919012784,1942,226,%B1392901919012784^TPJBTOTPJBTO^3008000000000000000?,%B1392901919012784=3001101821440809?,05/25/28,credit,1
CcS-5115,534,CA976273997145008430234949,7977907121759814,8886,425,%B7977907121759814^ZUQSCAZUQSCA^3007000000000000000?,%B7977907121759814=3303101453914428?,04/28/28,credit,0
CcS-5116,535,GB562659995986600889278025,9663088539305152,7524,149,%B9663088539305152^EBMKTBEBMKTB^2806000000000000000?,%B9663088539305152=3107101453455349?,09/25/28,debit,1
CcS-5117,536,ES177860108397444425073511,2672662315076122,2512,704,%B2672662315076122^ZQGUYKZQGUYK^2212000000000000000?,%B2672662315076122=3102101594396417?,05/29/28,debit,0
CcS-5118,537,PT887990803808745439397782,4440506930348139,4277,913,%B4440506930348139^XBBELAXBBELA^2612000000000000000?,%B4440506930348139=3304101902056049?,04/29/28,debit,0
CcS-5119,538,GB212118341862565995774348,0906242873883789,3220,231,%B0906242873883789^HHVOLQHHVOLQ^3011000000000000000?,%B0906242873883789=3010101714647580?,06/26/28,credit,0
CcS-5120,539,IT382204578606983680983721,9597258583235245,8996,965,%B9597258583235245^TQJMSZTQJMSZ^2606000000000000000?,%B9597258583235245=2301101277898599?,02/29/28,debit,0
CcS-5121,540,US157275989571099139868887,9487028711862802,3888,272,%B9487028711862802^NCLRCXNCLRCX^3303000000000000000?,%B9487028711862802=2411101575667817?,02/25/28,debit,1
CcS-5122,541,SE489610472649755663999757,3460039207104319,7891,856,%B3460039207104319^JEEXMTJEEXMT^3402000000000000000?,%B3460039207104319=3406101812398438?,01/27/28,credit,0
CcS-5123,542,PL466814885689795566183989,4079241987195314,5279,525,%B4079241987195314^BYJUDLBYJUDL^2204000000000000000?,%B4079241987195314=3303101805882457?,02/29/28,credit,0
CcS-5124,543,DE493305399483084962398904,3137309023865840,8478,911,%B3137309023865840^GNREWCGNREWC^3011000000000000000?,%B3137309023865840=2403101431323503?,10/26/28,debit,0
CcS-5125,544,IT893605823744051054489920,0113319773652442,3990,678,%B0113319773652442^PFYUDDPFYUDD^3008000000000000000?,%B0113319773652442=2712101101042870?,07/25/28,debit,1
CcS-5126,545,FR597447712990236840191896,7966130392680535,6715,344,%B7966130392680535^PJXMATPJXMAT^2605000000000000000?,%B7966130392680535=3007101348948821?,07/29/28,credit,0
CcS-5127,546,DE374082152497914709934921,4413957489958052,7864,933,%B4413957489958052^GKVDLBGKVDLB^2907000000000000000?,%B4413957489958052=2406101997405160?,11/29/28,debit,0
CcS-5128,547,US824616566865976536773982,6607029756165351,9246,881,%B6607029756165351^YRDHWIYRDHWI^2504000000000000000?,%B6607029756165351=2909101472468440?,11/26/28,credit,0
CcS-5129,548,ES236342176670794781258997,2202330825257734,9368,579,%B2202330825257734^ITDCBNITDCBN^2609000000000000000?,%B2202330825257734=3108101201348551?,08/27/28,debit,0
CcS-5130,549,CA594236623215634786902420,1096909020685384,3470,265,%B1096909020685384^TORGGDTORGGD^3401000000000000000?,%B1096909020685384=2905101218205959?,05/27/28,debit,0
CcS-5131,550,ES789232378688667927051629,5064604826982040,6316,861,%B5064604826982040^MIJHWJMIJHWJ^2310000000000000000?,%B5064604826982040=2812101373927989?,03/25/28,premium_credit,1
CcS-5132,551,SE610488683236714482594113,8125799713627212,4417,391,%B8125799713627212^PFQPQMPFQPQM^3106000000000000000?,%B8125799713627212=2504101710894689?,04/29/28,debit,0
CcS-5133,552,PL550581499337568212789476,5965718793635129,1287,195,%B5965718793635129^HYLEVGHYLEVG^3302000000000000000?,%B5965718793635129=2203101124576824?,11/28/28,debit,0
CcS-5134,553,US368392876018408074501614,5031598249081197,8523,518,%B5031598249081197^XXZRWXXXZRWX^2407000000000000000?,%B5031598249081197=2305101251677748?,03/28/28,prepaid,0
CcS-5135,554,FR412569972393163375583808,0348548461345777,9622,976,%B0348548461345777^BZPFDTBZPFDT^3001000000000000000?,%B0348548461345777=2309101449356304?,05/29/28,debit,0
CcS-5136,555,FR616568938298049400286583,5609986239710821,1422,912,%B5609986239710821^AEWKCBAEWKCB^3408000000000000000?,%B5609986239710821=2606101800168269?,08/29/28,prepaid,0
CcS-5137,556,PT334966536186191568379153,9958212505613410,5615,182,%B9958212505613410^TUVTXETUVTXE^2505000000000000000?,%B9958212505613410=3306101176391151?,08/29/28,debit,0
CcS-5138,557,NL336674203215696719559018,0513346976495446,7454,562,%B0513346976495446^JQWHXSJQWHXS^3106000000000000000?,%B0513346976495446=2407101737752335?,10/25/28,credit,1
CcS-5139,558,GB263514146682387678348635,8135403727073669,3405,759,%B8135403727073669^WIKFODWIKFOD^2310000000000000000?,%B8135403727073669=3310101790873603?,01/26/28,credit,0
CcS-5140,559,GB737013014755312554550547,4873337105939876,9220,290,%B4873337105939876^XUSPMWXUSPMW^3208000000000000000?,%B4873337105939876=3209101417679418?,05/26/28,credit,0
CcS-5141,560,IT385932906438697399730702,9132823482726514,1165,171,%B9132823482726514^RKVPAURKVPAU^3110000000000000000?,%B9132823482726514=3002101717925067?,07/29/28,debit,0
CcS-5142,561,SE302447859212868579826816,3041200634341529,3409,306,%B3041200634341529^IYZLUBIYZLUB^2711000000000000000?,%B3041200634341529=3009101444754879?,11/26/28,debit,0
CcS-5143,562,PL303097572770360225462027,8581989864784026,9441,847,%B8581989864784026^AYVSZXAYVSZX^2207000000000000000?,%B8581989864784026=3001101311938260?,10/27/28,debit,0
CcS-5144,563,PL697524058675456874670761,7726725885746592,7327,183,%B7726725885746592^TJRDHNTJRDHN^2904000000000000000?,%B7726725885746592=2402101684893711?,03/27/28,debit,0
CcS-5145,564,FR442076301832736445315423,6278576141794380,5136,806,%B6278576141794380^PXHISJPXHISJ^3112000000000000000?,%B6278576141794380=2609101856700102?,07/29/28,prepaid,0
CcS-5146,565,IT721391979463959350551998,7788354349330279,4013,901,%B7788354349330279^SXZJJLSXZJJL^2404000000000000000?,%B7788354349330279=3101101555553138?,06/25/28,debit,1
CcS-5147,566,PT906111982300317322555577,3154848331753929,2094,688,%B3154848331753929^IGITKAIGITKA^2701000000000000000?,%B3154848331753929=2212101481579373?,09/25/28,premium_credit,1
CcS-5148,567,DE234292579184405466349710,1500511638472907,7868,417,%B1500511638472907^QVANRGQVANRG^2206000000000000000?,%B1500511638472907=2306101405269490?,01/29/28,prepaid,0
CcS-5149,568,IT103926739517585514803992,1246732065801809,9483,226,%B1246732065801809^PEYLMLPEYLML^2710000000000000000?,%B1246732065801809=2210101119598701?,01/26/28,debit,0
CcS-5150,569,FR740141382138343731318783,4167434711204488,6206,951,%B4167434711204488^GZVHTYGZVHTY^3202000000000000000?,%B4167434711204488=2503101581698382?,02/27/28,credit,0
CcS-5151,570,IT570787483802390533048573,4197585079706886,7933,677,%B4197585079706886^IXVTIDIXVTID^2305000000000000000?,%B4197585079706886=3306101522571136?,07/28/28,debit,0
CcS-5152,571,DE736715627009256154509676,8162504120470564,7325,932,%B8162504120470564^TESRPXTESRPX^3102000000000000000?,%B8162504120470564=2205101722929512?,10/27/28,debit,0
CcS-5153,572,IT370982154337920472103179,1438945294000586,7827,857,%B1438945294000586^SWRIMTSWRIMT^3004000000000000000?,%B1438945294000586=3001101704045648?,01/25/28,debit,1
CcS-5154,573,FR959015961798785656238216,9026614882949529,8022,818,%B9026614882949529^QMPAOOQMPAOO^3210000000000000000?,%B9026614882949529=3202101200790449?,01/27/28,debit,0
CcS-5155,574,IT566500851017466131640153,6441443421016763,1353,430,%B6441443421016763^CHVHIYCHVHIY^2508000000000000000?,%B6441443421016763=3105101787350481?,07/29/28,debit,0
CcS-5156,575,FR421570405658272640387218,0256311617341795,8270,951,%B0256311617341795^HTDPNDHTDPND^3107000000000000000?,%B0256311617341795=2408101925307127?,03/28/28,credit,0
CcS-5157,576,NL856141464149541551360056,3814161046343718,2672,234,%B3814161046343718^BYSPNLBYSPNL^2304000000000000000?,%B3814161046343718=2804101339449130?,08/27/28,debit,0
CcS-5158,577,FR489732630747747623635112,4037870631830026,8227,110,%B4037870631830026^IQNKPYIQNKPY^3112000000000000000?,%B4037870631830026=3307101602561727?,03/27/28,debit,0
CcS-5159,578,CA752395057755216795430893,6903822004410533,8790,465,%B6903822004410533^CYTOKOCYTOKO^2811000000000000000?,%B6903822004410533=2905101484725402?,06/25/28,debit,1
CcS-5160,579,PL704162734248169723919828,6669635518376418,5946,343,%B6669635518376418^RDBRUDRDBRUD^2208000000000000000?,%B6669635518376418=2711101204217591?,10/28/28,credit,0
CcS-5161,580,FR832625742579248992176832,8546390001602847,4579,312,%B8546390001602847^TKFLFCTKFLFC^3004000000000000000?,%B8546390001602847=2212101106851060?,01/25/28,credit,1
CcS-5162,581,ES350420244970642327321265,3223094939230972,4890,136,%B3223094939230972^TAYRBLTAYRBL^3107000000000000000?,%B3223094939230972=2802101501027539?,10/28/28,prepaid,0
CcS-5163,582,PT514702110442859595199752,8905545487568087,6876,833,%B8905545487568087^KGEREAKGEREA^2611000000000000000?,%B8905545487568087=2802101906323377?,11/27/28,prepaid,0
CcS-5164,583,GB516254572170190471336082,1104930943763770,5052,179,%B1104930943763770^LVWIVVLVWIVV^3302000000000000000?,%B1104930943763770=2701101435389941?,06/27/28,credit,0
CcS-5165,584,US333880698407456966062494,0295352353138856,8504,475,%B0295352353138856^MLFIUEMLFIUE^2301000000000000000?,%B0295352353138856=2303101210028612?,03/26/28,debit,0
CcS-5166,585,NL515664433498578364362068,9053772522701730,2152,557,%B9053772522701730^TKLYIYTKLYIY^3203000000000000000?,%B9053772522701730=3005101495198840?,08/25/28,credit,1
CcS-5167,586,IT652992352816512593002730,4169871503660555,5408,791,%B4169871503660555^JGYCTSJGYCTS^2807000000000000000?,%B4169871503660555=2206101786580800?,09/29/28,debit,0
CcS-5168,587,FR550995099213143561178468,1563389891704567,1282,295,%B1563389891704567^YVZJWHYVZJWH^3308000000000000000?,%B1563389891704567=3011101263803835?,07/26/28,debit,0
CcS-5169,588,ES829988969241929602432553,1325803863462730,1012,637,%B1325803863462730^ACFUSKACFUSK^3411000000000000000?,%B1325803863462730=2602101909364842?,01/26/28,credit,0
CcS-5170,589,DE188991531425733456568390,5541409161735422,7424,605,%B5541409161735422^BTURGIBTURGI^2708000000000000000?,%B5541409161735422=3405101186453758?,02/25/28,debit,1
CcS-5171,590,CA789761086903444243464772,9888876378768573,4549,162,%B9888876378768573^HJYOWZHJYOWZ^3107000000000000000?,%B9888876378768573=2205101271816262?,10/28/28,debit,0
CcS-5172,591,SE274734625833552027756182,3037362069547754,8919,985,%B3037362069547754^ANCRLXANCRLX^3401000000000000000?,%B3037362069547754=3101101257735813?,09/28/28,credit,0
CcS-5173,592,GB574049354847122256662052,6783597942578722,9033,825,%B6783597942578722^OOEWNAOOEWNA^2412000000000000000?,%B6783597942578722=3309101811927006?,09/28/28,credit,0
CcS-5174,593,ES612283429030663496533191,5668718833489465,7209,468,%B5668718833489465^IUFSTTIUFSTT^3302000000000000000?,%B5668718833489465=2302101169635197?,09/25/28,debit,1
CcS-5175,594,GB262134005430632619037580,5044164392961984,8283,168,%B5044164392961984^NXGYSVNXGYSV^2702000000000000000?,%B5044164392961984=3112101949692021?,06/25/28,debit,1
CcS-5176,595,PL125725273189752133089765,9678929883200451,4151,642,%B9678929883200451^JIWIAAJIWIAA^2208000000000000000?,%B9678929883200451=2311101414562310?,10/25/28,credit,1
CcS-5177,596,DE421619053708517444669691,2426069126421989,8149,588,%B2426069126421989^UXNJLRUXNJLR^2804000000000000000?,%B2426069126421989=2907101182651282?,08/29/28,debit,0
CcS-5178,597,US451639988228970567103012,0908686888385540,8693,176,%B0908686888385540^EHMPDEEHMPDE^2608000000000000000?,%B0908686888385540=2702101543160914?,08/26/28,debit,0
CcS-5179,598,GB825783044854994704066976,2827498819901397,5498,834,%B2827498819901397^FIVNCRFIVNCR^3203000000000000000?,%B2827498819901397=3003101618638594?,06/28/28,credit,0
CcS-5180,599,US957293305180095029184517,0122444356342648,3600,875,%B0122444356342648^CNTZKFCNTZKF^3401000000000000000?,%B0122444356342648=2205101773255760?,10/27/28,credit,0
CcS-5181,600,DE337706171316484712569726,5418008051951834,7412,817,%B5418008051951834^JNLQHOJNLQHO^2404000000000000000?,%B5418008051951834=3409101776982413?,02/26/28,debit,0
CcS-5182,601,ES885358214624361612465650,6827450736868769,3378,603,%B6827450736868769^HJJYYCHJJYYC^2203000000000000000?,%B6827450736868769=3202101290275188?,05/26/28,debit,0
CcS-5183,602,PL720634073203278480665382,6113102525859127,6296,602,%B6113102525859127^SRAWWSSRAWWS^3406000000000000000?,%B6113102525859127=2712101225538576?,05/28/28,debit,0
CcS-5184,603,IT441215644657811063856673,4323224080756705,1094,761,%B4323224080756705^URQSNKURQSNK^2209000000000000000?,%B4323224080756705=3202101923153104?,10/26/28,credit,0
CcS-5185,604,US287271446482802359767555,2545968913212246,5124,734,%B2545968913212246^CUATXJCUATXJ^2209000000000000000?,%B2545968913212246=3101101992876842?,08/25/28,debit,1
CcS-5186,605,CA533562350609898831634095,2025723457149010,5159,306,%B2025723457149010^RCJXHYRCJXHY^2604000000000000000?,%B2025723457149010=2305101354077095?,03/28/28,credit,0
CcS-5187,606,IT192919601234392069511277,7778771758783852,7038,945,%B7778771758783852^KKXJOXKKXJOX^2306000000000000000?,%B7778771758783852=3004101770592583?,04/26/28,credit,0
CcS-5188,607,PL569976105702098678291543,6144135579824597,1201,369,%B6144135579824597^SHTYSFSHTYSF^2801000000000000000?,%B6144135579824597=3206101581126488?,08/29/28,debit,0
CcS-5189,608,IT722187352721628271802164,1507807030518622,8985,876,%B1507807030518622^SRJBDTSRJBDT^3407000000000000000?,%B1507807030518622=3108101803452725?,08/27/28,debit,0
CcS-5190,609,CA387641969337581457366302,2926815411138756,5841,333,%B2926815411138756^OIXZAWOIXZAW^2305000000000000000?,%B2926815411138756=3001101832877748?,12/29/28,credit,0
CcS-5191,610,SE462404135895917489830887,0027956472883080,1308,645,%B0027956472883080^SWDIXXSWDIXX^2909000000000000000?,%B0027956472883080=3005101991602002?,02/26/28,credit,0
CcS-5192,611,GB325084674256383918339012,9314231004882918,1224,654,%B9314231004882918^UXXJYVUXXJYV^2704000000000000000?,%B9314231004882918=3310101437150639?,09/28/28,credit,0
CcS-5193,612,SE214316567894432646188849,4517030530830562,5239,329,%B4517030530830562^FHCBLVFHCBLV^3203000000000000000?,%B4517030530830562=3009101310417391?,08/29/28,prepaid,0
CcS-5194,613,GB691944570983740874378636,1843058518587272,6984,864,%B1843058518587272^OKXYTFOKXYTF^2204000000000000000?,%B1843058518587272=3402101403335102?,05/27/28,credit,0
CcS-5195,614,FR112047576173474456865939,2868567936020770,7564,749,%B2868567936020770^JCTDZJJCTDZJ^2810000000000000000?,%B2868567936020770=2211101410738794?,08/27/28,prepaid,0
CcS-5196,615,PT968944220421895268801702,7606080158052550,3090,815,%B7606080158052550^QUSKLKQUSKLK^2304000000000000000?,%B7606080158052550=2803101413607391?,12/26/28,debit,0
CcS-5197,616,GB941289602861583912636477,0950555539454318,6881,539,%B0950555539454318^SMAAAOSMAAAO^2501000000000000000?,%B0950555539454318=2310101349863756?,01/25/28,debit,1
CcS-5198,617,PL945784607205720247883742,5145285747428700,5074,155,%B5145285747428700^TMGGFITMGGFI^3111000000000000000?,%B5145285747428700=2510101125314266?,02/26/28,debit,0
CcS-5199,618,NL435054865694084354013746,1780873727807218,4841,962,%B1780873727807218^PHLSIYPHLSIY^2904000000000000000?,%B1780873727807218=3008101532928068?,10/27/28,premium_credit,0
CcS-5200,619,PL303853729163398106721311,0281237764677125,4872,560,%B0281237764677125^BVQVKDBVQVKD^3205000000000000000?,%B0281237764677125=2704101921133344?,12/26/28,debit,0
CcS-5201,620,CA757810254771830154685516,1281444727110581,8837,634,%B1281444727110581^JYIHNXJYIHNX^2911000000000000000?,%B1281444727110581=2905101504103492?,06/27/28,debit,0
CcS-5202,621,CA227087843083331317691110,5929530491303920,2261,450,%B5929530491303920^RYQVNPRYQVNP^2511000000000000000?,%B5929530491303920=2802101461933756?,06/29/28,credit,0
CcS-5203,622,DE830055328502021426761996,4946670848213436,6839,990,%B4946670848213436^WKUZBTWKUZBT^2501000000000000000?,%B4946670848213436=3404101514648537?,08/26/28,debit,0
CcS-5204,623,PL290190811561324814753972,3064610245704562,9785,966,%B3064610245704562^FOYPSXFOYPSX^2406000000000000000?,%B3064610245704562=2308101393594713?,10/29/28,debit,0
CcS-5205,624,FR874518768448480997274183,5252271981771727,5212,119,%B5252271981771727^HBJLOQHBJLOQ^3005000000000000000?,%B5252271981771727=3409101509238959?,01/25/28,prepaid,1
CcS-5206,625,IT567656390479541949212313,8900971120177266,5593,735,%B8900971120177266^PFQCHVPFQCHV^3002000000000000000?,%B8900971120177266=2712101880412468?,12/26/28,credit,0
CcS-5207,626,IT464662866192253305777495,3820629045125811,5414,875,%B3820629045125811^YTJEMEYTJEME^3305000000000000000?,%B3820629045125811=2702101416042330?,05/27/28,credit,0
CcS-5208,627,PL273335548795849353764956,8441645077773161,6980,691,%B8441645077773161^QWXATEQWXATE^3112000000000000000?,%B8441645077773161=2303101960361390?,03/25/28,debit,1
CcS-5209,628,IT357421120069756008465303,0677619891367273,3087,342,%B0677619891367273^CRUBSXCRUBSX^3312000000000000000?,%B0677619891367273=2811101985454517?,12/29/28,credit,0
CcS-5210,629,PT420171982252873573467673,7314801522820588,8357,665,%B7314801522820588^QGEBJYQGEBJY^3310000000000000000?,%B7314801522820588=2302101292027891?,05/27/28,debit,0
CcS-5211,630,PL293108185515269384920039,7781364060475069,7130,679,%B7781364060475069^IJYYGJIJYYGJ^2505000000000000000?,%B7781364060475069=2702101486664058?,06/29/28,debit,0
CcS-5212,631,ES793569730403660814501655,7128638450318410,3208,555,%B7128638450318410^NZPXCWNZPXCW^2910000000000000000?,%B7128638450318410=3207101917723247?,08/25/28,debit,1
CcS-5213,632,PL826988114962232276691852,7734176088544376,8143,413,%B7734176088544376^WMXQMQWMXQMQ^2303000000000000000?,%B7734176088544376=3407101435422867?,02/26/28,credit,0
CcS-5214,633,US449577563037716017932153,1209774604469595,6914,791,%B1209774604469595^SYCKDQSYCKDQ^2408000000000000000?,%B1209774604469595=3002101974423772?,12/28/28,prepaid,0
CcS-5215,634,CA922788409408976113887468,5115976853057546,6409,114,%B5115976853057546^BNCZJLBNCZJL^3104000000000000000?,%B5115976853057546=3301101403725388?,11/29/28,debit,0
CcS-5216,635,ES608654624146968274600349,8570334832228591,8085,660,%B8570334832228591^RFMUDGRFMUDG^2412000000000000000?,%B8570334832228591=2302101229273414?,10/28/28,debit,0
CcS-5217,636,FR694026246123488383190637,5593870891254117,7214,643,%B5593870891254117^PEHTHVPEHTHV^2410000000000000000?,%B5593870891254117=2704101883480805?,10/26/28,credit,0
CcS-5218,637,FR838343414978665199845045,8200752765079633,4365,347,%B8200752765079633^JHFKMGJHFKMG^3204000000000000000?,%B8200752765079633=2706101782900210?,05/27/28,credit,0
CcS-5219,638,ES591634243951290681624573,9255290767476458,2279,608,%B9255290767476458^RMNFPKRMNFPK^3401000000000000000?,%B9255290767476458=3302101394551173?,05/25/28,credit,1
CcS-5220,639,IT296544058790525857556937,2535305822323620,5400,282,%B2535305822323620^BXXKIQBXXKIQ^2311000000000000000?,%B2535305822323620=2802101187183891?,07/25/28,debit,1
CcS-5221,640,PL840898671996025448521893,7952349092775995,5350,945,%B7952349092775995^YJEZSSYJEZSS^2707000000000000000?,%B7952349092775995=3312101245702940?,08/26/28,debit,0
CcS-5222,641,PT544611371960895095444368,7086691610837934,3740,258,%B7086691610837934^TABMEPTABMEP^2501000000000000000?,%B7086691610837934=2305101333984408?,04/27/28,credit,0
CcS-5223,642,NL541163303513681757106881,3851408407623573,1057,252,%B3851408407623573^FTQCBWFTQCBW^3211000000000000000?,%B3851408407623573=3309101473099514?,07/28/28,debit,0
CcS-5224,643,PT506131065132223006428492,4967942663398012,4237,926,%B4967942663398012^CQPRZLCQPRZL^2808000000000000000?,%B4967942663398012=3403101126235708?,10/29/28,credit,0
CcS-5225,644,US608451720623408610122748,0932712023378566,6498,322,%B0932712023378566^EZNEGPEZNEGP^2211000000000000000?,%B0932712023378566=2311101358825288?,02/26/28,debit,0
CcS-5226,645,PT523703680713371628474089,9573229418039576,3446,731,%B9573229418039576^CIHZWICIHZWI^3305000000000000000?,%B9573229418039576=2811101738760379?,10/29/28,debit,0
CcS-5227,646,US293649813540882339751302,7973004258999863,8625,237,%B7973004258999863^JOGUBBJOGUBB^3007000000000000000?,%B7973004258999863=3005101598287921?,01/26/28,debit,0
CcS-5228,647,GB342403134251434856784719,3565518195078248,9997,904,%B3565518195078248^XISKGGXISKGG^3408000000000000000?,%B3565518195078248=3202101886840048?,12/29/28,debit,0
CcS-5229,648,ES184537924127424829674252,4181776402772946,5063,647,%B4181776402772946^CAKVYQCAKVYQ^2204000000000000000?,%B4181776402772946=2606101823944896?,01/26/28,credit,0
CcS-5230,649,US742697444385774817268473,7918303008916121,1818,545,%B7918303008916121^FRTMOYFRTMOY^2706000000000000000?,%B7918303008916121=2706101721869533?,11/27/28,prepaid,0
CcS-5231,650,FR547913282760787990684178,9639821975378094,4828,281,%B9639821975378094^XNCQYXXNCQYX^3105000000000000000?,%B9639821975378094=2509101973679352?,04/26/28,credit,0
CcS-5232,651,US685305726680472408342164,4536000737003339,5770,882,%B4536000737003339^SABQHWSABQHW^3111000000000000000?,%B4536000737003339=2811101264571149?,07/27/28,debit,0
CcS-5233,652,PT802195952802061337329245,7446916749644420,6833,434,%B7446916749644420^NKGITFNKGITF^2305000000000000000?,%B7446916749644420=2310101795249669?,01/25/28,credit,1
CcS-5234,653,PL916345859062516018861431,4686768283097615,8525,891,%B4686768283097615^KMZREDKMZRED^3302000000000000000?,%B4686768283097615=3308101558354444?,02/29/28,debit,0
CcS-5235,654,PL354711297720632450852081,1381417015464705,2145,902,%B1381417015464705^HOJTIJHOJTIJ^3008000000000000000?,%B1381417015464705=3212101308829959?,07/28/28,credit,0
CcS-5236,655,CA702517050885584843110920,9936120254549591,2063,985,%B9936120254549591^DYUVBKDYUVBK^2710000000000000000?,%B9936120254549591=3002101447678139?,01/29/28,credit,0
CcS-5237,656,PT796863373082089948256479,7121989912168009,3959,690,%B7121989912168009^IUXUHTIUXUHT^3412000000000000000?,%B7121989912168009=2810101473645707?,11/28/28,debit,0
CcS-5238,657,US365671680064001982859569,4112397266724147,7243,960,%B4112397266724147^BYQJVEBYQJVE^2803000000000000000?,%B4112397266724147=3407101324782611?,03/29/28,premium_credit,0
CcS-5239,658,PL972755257699629244889445,1659522899183393,9052,312,%B1659522899183393^PATQOXPATQOX^2605000000000000000?,%B1659522899183393=2707101109575365?,06/28/28,prepaid,0
CcS-5240,659,PL415803991829173136600212,3793327843288026,1628,316,%B3793327843288026^PORZRXPORZRX^3109000000000000000?,%B3793327843288026=3307101956288056?,04/26/28,credit,0
CcS-5241,660,PT546164774978656625580609,1383927995640852,6507,439,%B1383927995640852^LJBLCLLJBLCL^3108000000000000000?,%B1383927995640852=3103101630852180?,09/29/28,debit,0
CcS-5242,661,SE866554685968652098629822,1186426439428165,9378,722,%B1186426439428165^FTGXCUFTGXCU^2709000000000000000?,%B1186426439428165=3404101866896300?,01/25/28,credit,1
CcS-5243,662,PT421966091432976829088079,1242748330591369,7159,780,%B1242748330591369^ICMQWUICMQWU^3302000000000000000?,%B1242748330591369=2812101522205088?,11/25/28,debit,1
CcS-5244,663,NL252524693364091586313410,6928685588375708,3884,789,%B6928685588375708^IHRDKEIHRDKE^2202000000000000000?,%B6928685588375708=3104101196209066?,08/25/28,debit,1
CcS-5245,664,NL685008411313565392343202,6319198545872555,1632,880,%B6319198545872555^AWCDZCAWCDZC^3012000000000000000?,%B6319198545872555=3002101636945751?,11/25/28,credit,1
CcS-5246,665,IT255309685583444709927813,2597057123190554,8409,146,%B2597057123190554^JWOONBJWOONB^3104000000000000000?,%B2597057123190554=3003101581884913?,01/26/28,premium_credit,0
CcS-5247,666,GB214058803062178659584415,3631005360307377,4868,658,%B3631005360307377^VVNYHPVVNYHP^2803000000000000000?,%B3631005360307377=2210101800328672?,09/25/28,credit,1
CcS-5248,667,IT765536802984578729046103,6257424575099290,8820,872,%B6257424575099290^XIPMOSXIPMOS^2809000000000000000?,%B6257424575099290=3309101896965467?,04/25/28,credit,1
CcS-5249,668,US171023051947348115528027,0001771174537138,1577,196,%B0001771174537138^OBYQNGOBYQNG^3410000000000000000?,%B0001771174537138=2909101306560953?,09/28/28,credit,0
CcS-5250,669,GB547970201325449668721095,6955761083067731,5479,369,%B6955761083067731^FQEOTJFQEOTJ^2611000000000000000?,%B6955761083067731=3305101736054196?,01/28/28,debit,0
CcS-5251,670,NL252113059498188989934770,0514856548918938,2996,777,%B0514856548918938^DFNJZFDFNJZF^2710000000000000000?,%B0514856548918938=3012101164560694?,10/28/28,debit,0
CcS-5252,671,DE249561148477477443081054,4228887913852016,8468,233,%B4228887913852016^SVKOHDSVKOHD^2810000000000000000?,%B4228887913852016=2312101987164741?,04/28/28,debit,0
CcS-5253,672,NL836275399920114318677142,3364716056919197,7747,549,%B3364716056919197^XTZZMWXTZZMW^2407000000000000000?,%B3364716056919197=2707101201445859?,02/29/28,credit,0
CcS-5254,673,US745374275402620764945623,3088278961093097,9228,532,%B3088278961093097^QSCOLKQSCOLK^2304000000000000000?,%B3088278961093097=2204101764221114?,09/25/28,credit,1
CcS-5255,674,CA411653166482841800627660,2820167895072529,3546,537,%B2820167895072529^YBARVMYBARVM^2810000000000000000?,%B2820167895072529=2308101702724119?,12/27/28,debit,0
CcS-5256,675,FR291148614478713153618402,5616820578771533,2614,242,%B5616820578771533^CSPQZDCSPQZD^3101000000000000000?,%B5616820578771533=3012101792653590?,01/27/28,debit,0
CcS-5257,676,PL515596898602495545800878,1770612938268731,2407,938,%B1770612938268731^OOODXNOOODXN^3211000000000000000?,%B1770612938268731=2403101491393288?,06/26/28,debit,0
CcS-5258,677,IT951315066637414989019748,7178752055763979,6044,965,%B7178752055763979^SDDLCBSDDLCB^2709000000000000000?,%B7178752055763979=2811101686398092?,03/27/28,debit,0
CcS-5259,678,PL507088207785898345591386,4460865351521367,6593,683,%B4460865351521367^QIWNKSQIWNKS^2312000000000000000?,%B4460865351521367=3008101220054426?,04/29/28,debit,0
CcS-5260,679,ES526838272228925312493403,2593549846323840,3360,637,%B2593549846323840^FPWFQHFPWFQH^2403000000000000000?,%B2593549846323840=2508101873256874?,02/27/28,debit,0
CcS-5261,680,NL891698060402730077339115,7760128275518043,5422,401,%B7760128275518043^OKGEFUOKGEFU^2511000000000000000?,%B7760128275518043=3309101512669151?,01/28/28,credit,0
CcS-5262,681,GB276219630034402596073850,9939157994283281,1395,599,%B9939157994283281^BDOBFPBDOBFP^2408000000000000000?,%B9939157994283281=2312101661098219?,08/28/28,prepaid,0
CcS-5263,682,SE499608137286922449488569,2756882248012128,1043,545,%B2756882248012128^QIMGNGQIMGNG^2205000000000000000?,%B2756882248012128=2911101934638042?,01/26/28,debit,0
CcS-5264,683,IT437197171268248614481033,9411927546638401,2166,372,%B9411927546638401^BYJYKWBYJYKW^2807000000000000000?,%B9411927546638401=2601101543253138?,04/29/28,debit,0
CcS-5265,684,DE178660898198117226956581,7399612386446960,2802,496,%B7399612386446960^IBGETSIBGETS^2507000000000000000?,%B7399612386446960=2310101738526272?,10/27/28,credit,0
CcS-5266,685,FR123559274931906922292159,9356184090163678,1234,785,%B9356184090163678^MQQPBFMQQPBF^2711000000000000000?,%B9356184090163678=3012101675232185?,08/25/28,debit,1
CcS-5267,686,NL928559819822209696153663,6760099016646538,7271,633,%B6760099016646538^SCTRUFSCTRUF^3103000000000000000?,%B6760099016646538=2906101614973806?,02/25/28,prepaid,1
CcS-5268,687,NL413569240546838541075659,8542560187119856,3153,640,%B8542560187119856^QPPIIRQPPIIR^2409000000000000000?,%B8542560187119856=2609101893600801?,11/27/28,prepaid,0
CcS-5269,688,CA276840084120552260424358,5635356852670607,4905,414,%B5635356852670607^PHJPNIPHJPNI^2802000000000000000?,%B5635356852670607=2201101459149212?,01/26/28,credit,0
CcS-5270,689,IT781383641799129649215907,9916382727701688,3588,938,%B9916382727701688^BWGWPWBWGWPW^3105000000000000000?,%B9916382727701688=2804101520823945?,03/26/28,debit,0
CcS-5271,690,CA741647484214994514022227,0346215283888194,9303,816,%B0346215283888194^FSDTIMFSDTIM^3209000000000000000?,%B0346215283888194=2401101593657436?,07/27/28,debit,0
CcS-5272,691,PT730027534925558975135815,2910864910976742,8037,552,%B2910864910976742^XDRBWFXDRBWF^3107000000000000000?,%B2910864910976742=3206101187476786?,12/27/28,credit,0
CcS-5273,692,FR429967848861747164395458,9448655934332862,4335,853,%B9448655934332862^NHUNPUNHUNPU^2210000000000000000?,%B9448655934332862=2803101606180962?,09/29/28,credit,0
CcS-5274,693,DE750517653866401741473246,1405953678324088,3754,696,%B1405953678324088^PHTEMPPHTEMP^2509000000000000000?,%B1405953678324088=3312101851724539?,03/26/28,credit,0
CcS-5275,694,IT174677980697593621515921,4794493635227901,8193,693,%B4794493635227901^LCKQVILCKQVI^2303000000000000000?,%B4794493635227901=2910101192049494?,12/28/28,credit,0
CcS-5276,695,FR753678973194613579555320,1037264958119352,1027,970,%B1037264958119352^ATWNNMATWNNM^2601000000000000000?,%B1037264958119352=3403101749789304?,01/28/28,debit,0
CcS-5277,696,FR366578423721637074105888,0310954042468860,9409,281,%B0310954042468860^RMDQCNRMDQCN^2412000000000000000?,%B0310954042468860=2212101188348424?,09/26/28,credit,0
CcS-5278,697,ES659541605447869711757885,7158312362661167,1839,282,%B7158312362661167^CJKNNLCJKNNL^3205000000000000000?,%B7158312362661167=2806101279686202?,12/28/28,debit,0
CcS-5279,698,GB197206000339592956059069,0984280223304097,2539,983,%B0984280223304097^VXAWPVVXAWPV^3302000000000000000?,%B0984280223304097=2304101766268766?,12/29/28,debit,0
CcS-5280,699,CA550861337149753414226236,2797026589079138,5008,166,%B2797026589079138^OQISHROQISHR^2512000000000000000?,%B2797026589079138=2201101968231293?,08/25/28,debit,1
CcS-5281,700,ES979196409726595733209205,4651840294814276,1886,771,%B4651840294814276^MRTSLDMRTSLD^3005000000000000000?,%B4651840294814276=2401101960269694?,12/26/28,premium_credit,0
CcS-5282,701,CA563465167058649981681958,7135832786964169,5281,823,%B7135832786964169^HTTIDMHTTIDM^2508000000000000000?,%B7135832786964169=2610101110913640?,08/28/28,credit,0
CcS-5283,702,CA947462717161605963053235,1767946798480711,8335,510,%B1767946798480711^RWBITORWBITO^3404000000000000000?,%B1767946798480711=2612101961419037?,02/25/28,debit,1
CcS-5284,703,ES911250676253424575899993,7177672530508721,5291,415,%B7177672530508721^TSRQPKTSRQPK^3201000000000000000?,%B7177672530508721=2612101320699348?,10/29/28,debit,0
CcS-5285,704,SE682630735679189201795086,2270944409967233,6223,870,%B2270944409967233^JUGKTGJUGKTG^2703000000000000000?,%B2270944409967233=2801101395727199?,03/27/28,credit,0
CcS-5286,705,PL186527047295918142988694,0529054977545441,9598,717,%B0529054977545441^ZIDHZPZIDHZP^2808000000000000000?,%B0529054977545441=3303101955064523?,08/29/28,credit,0
CcS-5287,706,CA869099397514855642243484,7075850900298644,2336,414,%B7075850900298644^YWVEXSYWVEXS^2308000000000000000?,%B7075850900298644=2301101882317459?,09/28/28,premium_credit,0
CcS-5288,707,GB269338360617092797447948,0964814965445194,8994,915,%B0964814965445194^QOREWEQOREWE^2303000000000000000?,%B0964814965445194=2402101440204720?,02/25/28,credit,1
CcS-5289,708,SE772126777061934033889073,8555049497182523,3864,114,%B8555049497182523^FKDCIGFKDCIG^3007000000000000000?,%B8555049497182523=2408101707677052?,08/29/28,debit,0
CcS-5290,709,NL730469817614621595304071,0160124577567139,4707,171,%B0160124577567139^VJKPWMVJKPWM^2301000000000000000?,%B0160124577567139=2806101910197374?,05/28/28,prepaid,0
CcS-5291,710,US832586321990903389032848,7308690314295727,2605,245,%B7308690314295727^BJNVDMBJNVDM^2810000000000000000?,%B7308690314295727=3401101588671676?,11/29/28,credit,0
CcS-5292,711,NL108033995909420523810950,7574238834703605,7629,979,%B7574238834703605^YGFVQUYGFVQU^2701000000000000000?,%B7574238834703605=2701101133102889?,05/26/28,credit,0
CcS-5293,712,PT761331591730655296599822,9300057128263514,6561,826,%B9300057128263514^JITHJVJITHJV^2609000000000000000?,%B9300057128263514=3005101391151089?,04/29/28,credit,0
CcS-5294,713,ES670195505879435459267443,5745797679385988,2618,327,%B5745797679385988^YIAEAUYIAEAU^3405000000000000000?,%B5745797679385988=3112101185305122?,12/27/28,debit,0
CcS-5295,714,NL759748064329614165968186,5337161225512920,3355,518,%B5337161225512920^VSGAKXVSGAKX^2206000000000000000?,%B5337161225512920=3009101692872535?,04/25/28,credit,1
CcS-5296,715,ES811310594208755313168188,1841728904870079,7548,464,%B1841728904870079^KEPDEAKEPDEA^3006000000000000000?,%B1841728904870079=2703101115779570?,06/27/28,credit,0
CcS-5297,716,PL379367971299635776112304,3648940345234350,2444,957,%B3648940345234350^KBBWZQKBBWZQ^3005000000000000000?,%B3648940345234350=3407101445673271?,11/26/28,premium_credit,0
CcS-5298,717,CA554649760041818913253889,6735031561156181,3189,549,%B6735031561156181^RJXKIPRJXKIP^2708000000000000000?,%B6735031561156181=2401101760747461?,12/28/28,credit,0
CcS-5299,718,IT492385876483373630983228,9326833595957121,5142,958,%B9326833595957121^XDIRIMXDIRIM^2911000000000000000?,%B9326833595957121=3212101789523522?,12/25/28,credit,1
CcS-5300,719,ES526323533165145438218789,6381012149999967,2916,425,%B6381012149999967^SRSBTHSRSBTH^2710000000000000000?,%B6381012149999967=2609101843856852?,05/28/28,credit,0
CcS-5301,720,ES760231723595153466595532,3172163007958673,2201,122,%B3172163007958673^CMLLLICMLLLI^2602000000000000000?,%B3172163007958673=2710101708302699?,01/28/28,credit,0
CcS-5302,721,PL118277299577998876926317,5725548288922541,8603,396,%B5725548288922541^MAJEDNMAJEDN^2908000000000000000?,%B5725548288922541=2807101355630662?,02/26/28,credit,0
CcS-5303,722,IT334984193764346476687756,6739941757056077,8222,438,%B6739941757056077^PNPCTSPNPCTS^2303000000000000000?,%B6739941757056077=2602101170824092?,10/25/28,debit,1
CcS-5304,723,CA159169297531606996923338,9969540830869905,3079,363,%B9969540830869905^XKNSBQXKNSBQ^3203000000000000000?,%B9969540830869905=2911101772254666?,01/27/28,credit,0
CcS-5305,724,SE578369892257037517006927,2052388250799377,2855,441,%B2052388250799377^XXMHREXXMHRE^2912000000000000000?,%B2052388250799377=3101101868747647?,06/26/28,credit,0
CcS-5306,725,NL520050754530698338393738,4391525945711698,6410,604,%B4391525945711698^QDJAKNQDJAKN^2602000000000000000?,%B4391525945711698=3409101526760435?,08/25/28,credit,1
CcS-5307,726,US548793303745349782930435,5355018046849324,6383,750,%B5355018046849324^LISCVKLISCVK^2812000000000000000?,%B5355018046849324=3008101101605086?,04/28/28,debit,0
CcS-5308,727,FR752625907682718096905036,3128576101174523,7714,120,%B3128576101174523^HTFGQXHTFGQX^3304000000000000000?,%B3128576101174523=2806101763961133?,11/27/28,premium_credit,0
CcS-5309,728,DE555835635249365651676334,0332810208942489,5851,889,%B0332810208942489^ULGJQUULGJQU^2903000000000000000?,%B0332810208942489=2306101753685316?,10/29/28,prepaid,0
CcS-5310,729,ES151429799134349320380627,5913460132443348,3227,631,%B5913460132443348^SPJMOISPJMOI^2512000000000000000?,%B5913460132443348=3404101320227049?,07/28/28,debit,0
CcS-5311,730,GB659472365688123545715840,4860421096351493,3767,362,%B4860421096351493^AKZDDWAKZDDW^2510000000000000000?,%B4860421096351493=3406101253596928?,03/25/28,credit,1
CcS-5312,731,PT953784418321238594875269,4760324686721472,3186,674,%B4760324686721472^DTZPGEDTZPGE^2907000000000000000?,%B4760324686721472=2507101430175349?,11/25/28,credit,1
CcS-5313,732,SE427593966715273315507209,2250550145191931,7757,824,%B2250550145191931^ZYBKDRZYBKDR^2905000000000000000?,%B2250550145191931=2306101816354177?,03/26/28,credit,0
CcS-5314,733,CA124046483870360717370486,4939247034589686,3990,462,%B4939247034589686^ZLARRGZLARRG^2910000000000000000?,%B4939247034589686=2210101502053689?,03/26/28,prepaid,0
CcS-5315,734,NL709653219826070103100151,4258629353711272,9278,947,%B4258629353711272^RLVUPXRLVUPX^3411000000000000000?,%B4258629353711272=2510101189156324?,03/28/28,credit,0
CcS-5316,735,US331747716878739688365295,3164483523775227,8641,484,%B3164483523775227^WIQQBOWIQQBO^2202000000000000000?,%B3164483523775227=2412101208062305?,05/28/28,debit,0
CcS-5317,736,GB752733190635766533848831,8880938059699944,8095,646,%B8880938059699944^PZSCUOPZSCUO^2711000000000000000?,%B8880938059699944=3411101655968729?,11/29/28,debit,0
CcS-5318,737,US402441190160081323691185,5462079914356339,2794,597,%B5462079914356339^JBOMOAJBOMOA^2901000000000000000?,%B5462079914356339=2309101688679027?,06/26/28,credit,0
CcS-5319,738,NL694437691150679726025844,9519549168807491,3365,941,%B9519549168807491^JHURPVJHURPV^2412000000000000000?,%B9519549168807491=2907101436380445?,12/28/28,credit,0
CcS-5320,739,PL544917767221022698070237,5071870697756900,9398,489,%B5071870697756900^DMOEARDMOEAR^3307000000000000000?,%B5071870697756900=3012101222791480?,03/28/28,debit,0
CcS-5321,740,ES731454296018378604579788,1094127434160309,6102,418,%B1094127434160309^FESOHEFESOHE^3205000000000000000?,%B1094127434160309=3001101368663132?,07/28/28,credit,0
CcS-5322,741,NL425205085020156094535463,7157617878053103,6134,617,%B7157617878053103^CQOTEYCQOTEY^3009000000000000000?,%B7157617878053103=2407101519178634?,07/28/28,credit,0
CcS-5323,742,PL679143636761046072623715,6648983139505741,6702,789,%B6648983139505741^WGHSVHWGHSVH^2805000000000000000?,%B6648983139505741=2906101656721481?,04/26/28,credit,0
CcS-5324,743,GB538425853469280749810969,3008830095780560,2094,444,%B3008830095780560^CRBBWRCRBBWR^3305000000000000000?,%B3008830095780560=3207101575861047?,03/26/28,credit,0
CcS-5325,744,CA134337007195142681679763,2044579974009050,6532,798,%B2044579974009050^ONCZUEONCZUE^3001000000000000000?,%B2044579974009050=3301101882505126?,06/26/28,debit,0
CcS-5326,745,FR628984668676312681636465,4640932504701511,4208,244,%B4640932504701511^FUPXDQFUPXDQ^2509000000000000000?,%B4640932504701511=2804101723947349?,12/25/28,credit,1
CcS-5327,746,SE260017860676469181147585,8980277272034011,1540,734,%B8980277272034011^XILUKAXILUKA^2402000000000000000?,%B8980277272034011=2406101738102128?,06/27/28,credit,0
CcS-5328,747,PL841610151003753558359066,7890342338494626,5378,483,%B7890342338494626^WRTKPEWRTKPE^2211000000000000000?,%B7890342338494626=2804101324893534?,04/27/28,debit,0
CcS-5329,748,FR564872021131740560286355,9297938548595984,6380,486,%B9297938548595984^YFDHYOYFDHYO^2511000000000000000?,%B9297938548595984=2602101940708415?,12/26/28,credit,0
CcS-5330,749,PT191472426550157414854958,2449708313778103,5515,808,%B2449708313778103^PMBPTSPMBPTS^2910000000000000000?,%B2449708313778103=2806101561883465?,12/25/28,debit,1
CcS-5331,750,FR849943475346741582675202,5816123261585665,1866,604,%B5816123261585665^FHAPJYFHAPJY^2903000000000000000?,%B5816123261585665=2204101538693124?,08/26/28,debit,0
CcS-5332,751,PT383050722026977240879190,7519268025240821,2555,828,%B7519268025240821^ZZXEFRZZXEFR^3107000000000000000?,%B7519268025240821=2905101158290957?,09/25/28,credit,1
CcS-5333,752,ES658729589794882739697640,5246891851754429,3217,216,%B5246891851754429^HIRASIHIRASI^2402000000000000000?,%B5246891851754429=3101101955736329?,08/27/28,credit,0
CcS-5334,753,CA341281901140971541905527,3532945293286690,1846,153,%B3532945293286690^XNNBJZXNNBJZ^3109000000000000000?,%B3532945293286690=3409101730136136?,06/28/28,debit,0
CcS-5335,754,US727450499609863396528519,9851298324619530,4298,758,%B9851298324619530^ZYPKIPZYPKIP^3006000000000000000?,%B9851298324619530=2410101505791304?,12/26/28,debit,0
CcS-5336,755,PT640495234382466586398508,4191343342174018,9981,838,%B4191343342174018^CBQDWACBQDWA^2209000000000000000?,%B4191343342174018=3108101682026556?,04/26/28,credit,0
CcS-5337,756,SE693327714886339622457067,3615431814292483,6990,290,%B3615431814292483^OTBFWFOTBFWF^2203000000000000000?,%B3615431814292483=3103101514799565?,08/27/28,premium_credit,0
CcS-5338,757,DE121358139477155479116826,4673166659013755,6678,361,%B4673166659013755^SYVYCMSYVYCM^2803000000000000000?,%B4673166659013755=3406101286734500?,12/27/28,credit,0
CcS-5339,758,IT812052047772737220778510,4268587427906038,2838,265,%B4268587427906038^VUGZEXVUGZEX^2404000000000000000?,%B4268587427906038=2404101342596709?,04/28/28,prepaid,0
CcS-5340,759,ES163693079898838319210536,0513744987334933,4196,662,%B0513744987334933^URKWGRURKWGR^3110000000000000000?,%B0513744987334933=3406101391642826?,08/27/28,credit,0
CcS-5341,760,DE390879074036423171566078,4612090620393427,6073,785,%B4612090620393427^HLZYNVHLZYNV^2809000000000000000?,%B4612090620393427=2205101134580899?,08/28/28,debit,0
CcS-5342,761,PL777372075827886922101409,4942071772199117,6338,698,%B4942071772199117^LFRDUULFRDUU^2309000000000000000?,%B4942071772199117=2605101239308665?,11/29/28,debit,0
CcS-5343,762,GB829097493285079186232589,9257614346658251,5703,231,%B9257614346658251^WWSWFFWWSWFF^3108000000000000000?,%B9257614346658251=2202101409758256?,04/26/28,credit,0
CcS-5344,763,PL825036389480361823371415,4743008189256577,1706,525,%B4743008189256577^LGGOXHLGGOXH^2712000000000000000?,%B4743008189256577=2303101374684849?,12/28/28,debit,0
CcS-5345,764,DE100330915928228255068881,7845023686843612,8761,261,%B7845023686843612^CXYPLPCXYPLP^2403000000000000000?,%B7845023686843612=2202101351695880?,12/26/28,debit,0
CcS-5346,765,GB933746808363335418595806,2065726491125889,5493,861,%B2065726491125889^ABXZVIABXZVI^2509000000000000000?,%B2065726491125889=2709101723740333?,10/28/28,credit,0
CcS-5347,766,PL266508363640325501193817,9660827476981523,5895,474,%B9660827476981523^QTANDIQTANDI^3311000000000000000?,%B9660827476981523=2709101925950465?,03/26/28,credit,0
CcS-5348,767,NL652400527359873976466916,4182193078904574,9433,754,%B4182193078904574^XZAAWKXZAAWK^3009000000000000000?,%B4182193078904574=3002101843350538?,01/27/28,debit,0
CcS-5349,768,US383928815241321523543319,0117596459466863,9478,910,%B0117596459466863^TEDTWOTEDTWO^3104000000000000000?,%B0117596459466863=3204101848373303?,03/25/28,prepaid,1
CcS-5350,769,US417499759439894956087424,3411368491620115,7251,316,%B3411368491620115^BGCGCEBGCGCE^3401000000000000000?,%B3411368491620115=2205101262751790?,01/29/28,credit,0
CcS-5351,770,SE696148172318587845640816,7006405968991457,6910,409,%B7006405968991457^FFFCXUFFFCXU^3010000000000000000?,%B7006405968991457=3301101150305696?,08/26/28,debit,0
CcS-5352,771,ES557096827787442592169239,4530621107100430,9498,121,%B4530621107100430^PFNVWSPFNVWS^2607000000000000000?,%B4530621107100430=3206101751275697?,12/27/28,prepaid,0
CcS-5353,772,PT218512458146632714940639,0313779179570339,2752,238,%B0313779179570339^HIYEENHIYEEN^3410000000000000000?,%B0313779179570339=3308101665533190?,07/28/28,credit,0
CcS-5354,773,PL203076226146596161679746,8486084878740187,7407,484,%B8486084878740187^ARFNFOARFNFO^2202000000000000000?,%B8486084878740187=3104101180164859?,05/26/28,credit,0
CcS-5355,774,SE931601969064216889971071,1439797540031431,2839,288,%B1439797540031431^IVPYQDIVPYQD^3103000000000000000?,%B1439797540031431=2801101844624807?,10/26/28,prepaid,0
CcS-5356,775,SE963136595314223415571773,1374541623704067,5276,979,%B1374541623704067^UOVYZKUOVYZK^2212000000000000000?,%B1374541623704067=3206101218750866?,11/26/28,debit,0
CcS-5357,776,SE606007025744336575969945,9007870481379586,7061,730,%B9007870481379586^TRJYCJTRJYCJ^2606000000000000000?,%B9007870481379586=3404101982077507?,01/29/28,prepaid,0
CcS-5358,777,FR462023783608382402457020,1418215982566009,8122,266,%B1418215982566009^XKYSHHXKYSHH^2603000000000000000?,%B1418215982566009=3212101703643370?,07/26/28,debit,0
CcS-5359,778,NL428554946760095286127049,6217525657429610,6826,831,%B6217525657429610^KLGXJQKLGXJQ^2902000000000000000?,%B6217525657429610=2312101134588900?,03/28/28,debit,0
CcS-5360,779,GB836452266611436241083760,0079523229297563,8102,881,%B0079523229297563^SHTZXKSHTZXK^3106000000000000000?,%B0079523229297563=3003101683508133?,02/29/28,debit,0
CcS-5361,780,DE931206256218864330364832,9001137876023510,5028,312,%B9001137876023510^LXMVBSLXMVBS^3111000000000000000?,%B9001137876023510=2303101274805141?,11/29/28,premium_credit,0
CcS-5362,781,GB671434835301578352870198,0700281364445101,8342,919,%B0700281364445101^TVQUGETVQUGE^3112000000000000000?,%B0700281364445101=2305101961761304?,10/27/28,debit,0
CcS-5363,782,PT522982945297151858321731,8125410182515159,6479,408,%B8125410182515159^RJQJNKRJQJNK^3007000000000000000?,%B8125410182515159=2610101955783237?,03/25/28,debit,1
CcS-5364,783,NL117474644346237571864613,0704273714030387,7544,956,%B0704273714030387^ZMLPFZZMLPFZ^3005000000000000000?,%B0704273714030387=2301101359797498?,10/27/28,credit,0
CcS-5365,784,GB639944705106309595259850,5678876818386664,6897,480,%B5678876818386664^EAAUWZEAAUWZ^2212000000000000000?,%B5678876818386664=2407101110909217?,05/28/28,debit,0
CcS-5366,785,PL517782651424878877555958,2210189111727396,8076,617,%B2210189111727396^EXQORBEXQORB^2608000000000000000?,%B2210189111727396=2903101930921095?,09/25/28,debit,1
CcS-5367,786,DE330957058510359984655841,3607502741452768,9301,205,%B3607502741452768^VAIMJHVAIMJH^2811000000000000000?,%B3607502741452768=2406101360466459?,08/27/28,credit,0
CcS-5368,787,FR522840380778854684289009,8756890780788110,7008,969,%B8756890780788110^BBNVIMBBNVIM^2207000000000000000?,%B8756890780788110=3107101144286633?,03/28/28,credit,0
CcS-5369,788,IT111616772899953733730572,4429690547434106,3962,657,%B4429690547434106^FPLEXOFPLEXO^2412000000000000000?,%B4429690547434106=3205101343358398?,11/28/28,debit,0
CcS-5370,789,DE494576517742742886744412,7056817869231186,6244,623,%B7056817869231186^OWZFNPOWZFNP^2202000000000000000?,%B7056817869231186=2603101679662201?,09/26/28,premium_credit,0
CcS-5371,790,FR825865363641679153405710,3339430271425878,5751,757,%B3339430271425878^RGZCDURGZCDU^2606000000000000000?,%B3339430271425878=2206101175389835?,10/28/28,debit,0
CcS-5372,791,DE847414852708837259978783,2942432317325206,8346,852,%B2942432317325206^GLSAPPGLSAPP^2706000000000000000?,%B2942432317325206=2809101723744935?,05/29/28,premium_credit,0
CcS-5373,792,PL323026206745242169670112,2678481834932311,8424,853,%B2678481834932311^CQDCZQCQDCZQ^3202000000000000000?,%B2678481834932311=2709101117920100?,03/25/28,debit,1
CcS-5374,793,PL620178960397406583373264,3954092287561231,3097,114,%B3954092287561231^ADVHCGADVHCG^3111000000000000000?,%B3954092287561231=3207101498040855?,01/29/28,credit,0
CcS-5375,794,PL685563386950653767802121,3142785611669777,5157,498,%B3142785611669777^WDTDZEWDTDZE^3406000000000000000?,%B3142785611669777=3004101441716031?,02/29/28,credit,0
CcS-5376,795,US391344054535805063564872,4382192831958724,2525,868,%B4382192831958724^FNXNEHFNXNEH^2207000000000000000?,%B4382192831958724=2911101662837905?,07/29/28,debit,0
CcS-5377,796,ES153636001495108675873410,5022139415446706,9834,725,%B5022139415446706^OLCELVOLCELV^2204000000000000000?,%B5022139415446706=2810101300938244?,01/26/28,debit,0
CcS-5378,797,DE563057939792625356753868,8712070558924334,9746,704,%B8712070558924334^OFLTGTOFLTGT^3210000000000000000?,%B8712070558924334=3410101964790150?,01/29/28,debit,0
CcS-5379,798,PT950700672169401250714747,4119039282926900,4604,589,%B4119039282926900^JWPTXKJWPTXK^3008000000000000000?,%B4119039282926900=2703101473617907?,08/25/28,debit,1
CcS-5380,799,PL282496859075035909426729,3598230133728546,7059,310,%B3598230133728546^PWGHLWPWGHLW^3209000000000000000?,%B3598230133728546=2709101726736279?,12/27/28,credit,0
CcS-5381,800,US312552587667627709440553,8247513415732477,4880,595,%B8247513415732477^WWIAISWWIAIS^3004000000000000000?,%B8247513415732477=2711101416013278?,09/29/28,prepaid,0
CcS-5382,801,CA780416888660547730590442,1272696244176183,3864,576,%B1272696244176183^HWLGONHWLGON^2312000000000000000?,%B1272696244176183=2407101947204386?,02/26/28,debit,0
CcS-5383,802,GB270626425053348023186085,5538480665757369,4067,583,%B5538480665757369^JQUVYDJQUVYD^3406000000000000000?,%B5538480665757369=3203101473626232?,01/29/28,credit,0
CcS-5384,803,NL616956571888680210402552,5750919188249583,8908,834,%B5750919188249583^UGYQMJUGYQMJ^2907000000000000000?,%B5750919188249583=2808101634972027?,02/28/28,credit,0
CcS-5385,804,IT721851699309897423297470,5079339569674014,1092,701,%B5079339569674014^XDNUDJXDNUDJ^2205000000000000000?,%B5079339569674014=2209101771978540?,09/28/28,credit,0
CcS-5386,805,PT619202169362566452352628,9980502312029285,8633,367,%B9980502312029285^PRJAHUPRJAHU^2807000000000000000?,%B9980502312029285=3312101711247199?,06/29/28,debit,0
CcS-5387,806,PT538991348645831463074912,7272933756390674,5196,871,%B7272933756390674^WHEASJWHEASJ^2904000000000000000?,%B7272933756390674=3207101830696885?,04/26/28,debit,0
CcS-5388,807,DE339438871477632779424371,7895909044672393,8867,714,%B7895909044672393^VSJGJQVSJGJQ^2212000000000000000?,%B7895909044672393=3205101267896264?,09/29/28,prepaid,0
CcS-5389,808,ES423294500921070974377727,9502542108290086,5517,262,%B9502542108290086^PADOVKPADOVK^3207000000000000000?,%B9502542108290086=3402101147643886?,06/29/28,credit,0
CcS-5390,809,US164544489921917445864498,5124034397611657,1279,575,%B5124034397611657^UMMSXXUMMSXX^3209000000000000000?,%B5124034397611657=2901101187181450?,10/25/28,credit,1
CcS-5391,810,DE913198532314851583014967,3558892157112781,3644,677,%B3558892157112781^VRYUEXVRYUEX^2805000000000000000?,%B3558892157112781=3403101667182664?,08/29/28,premium_credit,0
CcS-5392,811,US985952841527243317235832,1942801321639507,3951,624,%B1942801321639507^UPCFYRUPCFYR^3412000000000000000?,%B1942801321639507=2510101349223679?,10/27/28,credit,0
CcS-5393,812,GB413466608633159204544979,1080524236476365,4754,624,%B1080524236476365^UKPADFUKPADF^3201000000000000000?,%B1080524236476365=2707101114099109?,03/27/28,debit,0
CcS-5394,813,SE196083627311770588177334,1524531323352377,6772,426,%B1524531323352377^VVYYBQVVYYBQ^2411000000000000000?,%B1524531323352377=2404101255172554?,06/25/28,credit,1
CcS-5395,814,SE308236440141092097776618,9996890076093763,9015,682,%B9996890076093763^GGWMFHGGWMFH^3402000000000000000?,%B9996890076093763=3010101392710808?,08/25/28,debit,1
CcS-5396,815,PT254531616609922528455792,5578880052912943,3594,746,%B5578880052912943^FCJMGOFCJMGO^3105000000000000000?,%B5578880052912943=3103101869486946?,03/26/28,debit,0
CcS-5397,816,ES415034101795918739625292,6703354552689280,1662,361,%B6703354552689280^ZIKPIQZIKPIQ^3102000000000000000?,%B6703354552689280=3207101492697947?,05/27/28,credit,0
CcS-5398,817,DE358573376415068446493058,0629253692655066,5443,714,%B0629253692655066^AQLVKZAQLVKZ^3010000000000000000?,%B0629253692655066=3403101813438621?,06/26/28,credit,0
CcS-5399,818,ES534528055748814616879837,1149997285109886,1857,344,%B1149997285109886^ALCMLZALCMLZ^2608000000000000000?,%B1149997285109886=2607101563556813?,08/28/28,credit,0
CcS-5400,819,ES332009504585305645970711,2201616750349664,4819,117,%B2201616750349664^SIRDURSIRDUR^3206000000000000000?,%B2201616750349664=3206101740847411?,07/26/28,debit,0
CcS-5401,820,CA234887867581215203435295,6640850293103635,1730,117,%B6640850293103635^RJDXZIRJDXZI^2210000000000000000?,%B6640850293103635=2611101640980757?,10/28/28,debit,0
CcS-5402,821,CA715797069935549897533836,1202899986575136,2803,806,%B1202899986575136^DJDYTTDJDYTT^2404000000000000000?,%B1202899986575136=2208101454659153?,03/27/28,debit,0
CcS-5403,822,DE444289093380100023910451,4082086871802223,6652,940,%B4082086871802223^XPSOZDXPSOZD^3010000000000000000?,%B4082086871802223=2703101227402069?,12/27/28,debit,0
CcS-5404,823,DE782134758298379668914262,4328678125448064,7436,812,%B4328678125448064^MBTQUSMBTQUS^3304000000000000000?,%B4328678125448064=3412101669487034?,04/29/28,premium_credit,0
CcS-5405,824,US940508940703634634602021,1253048194185853,7860,389,%B1253048194185853^LROPOILROPOI^2202000000000000000?,%B1253048194185853=2408101124233952?,05/29/28,debit,0
CcS-5406,825,SE369872042480082948428667,2484489873649873,9187,896,%B2484489873649873^UMKPWDUMKPWD^3404000000000000000?,%B2484489873649873=2701101248004443?,08/25/28,premium_credit,1
CcS-5407,826,IT488219947258179620512471,8561986330676816,6856,646,%B8561986330676816^GFUKFIGFUKFI^3409000000000000000?,%B8561986330676816=2502101856678939?,08/29/28,debit,0
CcS-5408,827,PT778825635895656058253668,6098296423206500,3257,584,%B6098296423206500^TEWMBRTEWMBR^2804000000000000000?,%B6098296423206500=3009101688693278?,06/25/28,debit,1
CcS-5409,828,PL737775759125630357390465,3383610124439502,9852,416,%B3383610124439502^XXEFKNXXEFKN^2701000000000000000?,%B3383610124439502=3408101352958061?,12/26/28,debit,0
CcS-5410,829,DE806133563900402822847985,8774754045753610,2028,114,%B8774754045753610^EEKQNZEEKQNZ^2601000000000000000?,%B8774754045753610=2803101546328072?,07/25/28,premium_credit,1
CcS-5411,830,ES573116969672457792353934,7438983211436898,5546,562,%B7438983211436898^DVZHATDVZHAT^2311000000000000000?,%B7438983211436898=2901101540748366?,05/28/28,credit,0
CcS-5412,831,ES251198342197305511761907,7611163981837991,3327,691,%B7611163981837991^LIUIPNLIUIPN^2704000000000000000?,%B7611163981837991=3009101588188883?,12/26/28,credit,0
CcS-5413,832,GB681459019315325871219680,5530873188057039,3557,504,%B5530873188057039^YGTNJTYGTNJT^2203000000000000000?,%B5530873188057039=3109101886435994?,11/26/28,debit,0
CcS-5414,833,PT483990866087943087133627,5278436916985471,5799,687,%B5278436916985471^MJLJYIMJLJYI^2412000000000000000?,%B5278436916985471=2202101823249815?,04/28/28,debit,0
CcS-5415,834,CA913852657450702157766742,3939522719327303,9729,852,%B3939522719327303^OQPPKFOQPPKF^3304000000000000000?,%B3939522719327303=3311101459297662?,04/27/28,debit,0
CcS-5416,835,NL932606591908138801117797,4946446151319344,8167,314,%B4946446151319344^QZPBSPQZPBSP^2503000000000000000?,%B4946446151319344=3104101998832482?,05/29/28,debit,0
CcS-5417,836,PT666702950386055159176595,3832570586591498,2106,264,%B3832570586591498^BYPYHUBYPYHU^2710000000000000000?,%B3832570586591498=2412101989312489?,06/25/28,credit,1
CcS-5418,837,GB419129698506048998052821,9494226165798761,1302,613,%B9494226165798761^URNZKQURNZKQ^2701000000000000000?,%B9494226165798761=2305101488003013?,10/26/28,debit,0
CcS-5419,838,GB214599066481411863730929,9568803188238582,7655,518,%B9568803188238582^PTSUDRPTSUDR^2209000000000000000?,%B9568803188238582=3312101947079361?,07/28/28,debit,0
CcS-5420,839,GB961639818597678757711091,4783556735663191,9373,504,%B4783556735663191^ULIGRGULIGRG^3310000000000000000?,%B4783556735663191=3111101601993939?,08/25/28,debit,1
CcS-5421,840,NL283331504181535116226762,3978654898516945,1097,704,%B3978654898516945^RALYTBRALYTB^3403000000000000000?,%B3978654898516945=2703101232597902?,04/29/28,debit,0
CcS-5422,841,NL461624617133708535583705,7738492125643743,7187,361,%B7738492125643743^XYRRDKXYRRDK^2511000000000000000?,%B7738492125643743=3012101367377811?,04/29/28,credit,0
CcS-5423,842,FR663791760162106259756564,1776320799766321,1759,819,%B1776320799766321^KQADQXKQADQX^2710000000000000000?,%B1776320799766321=2902101631377598?,09/29/28,debit,0
CcS-5424,843,FR278043803023045099330194,4152411805139072,4253,163,%B4152411805139072^LRERGGLRERGG^2205000000000000000?,%B4152411805139072=3205101494079918?,12/29/28,debit,0
CcS-5425,844,IT644042025940148440478923,2847553914683248,8114,935,%B2847553914683248^WUMUOLWUMUOL^3105000000000000000?,%B2847553914683248=2712101511872776?,10/25/28,credit,1
CcS-5426,845,PT485847989920149653832431,2350073809028048,2458,888,%B2350073809028048^EAETNAEAETNA^2804000000000000000?,%B2350073809028048=2311101568368722?,02/27/28,premium_credit,0
CcS-5427,846,DE830177915606787272536795,6797055890608394,6658,392,%B6797055890608394^QVBODKQVBODK^2708000000000000000?,%B6797055890608394=3205101782557571?,03/26/28,debit,0
CcS-5428,847,GB226979622860205167549387,7883460268526409,6323,643,%B7883460268526409^DCYEHDDCYEHD^2401000000000000000?,%B7883460268526409=3008101483966746?,11/29/28,debit,0
CcS-5429,848,US907667023599835885424249,7157657836073836,4345,268,%B7157657836073836^SWXZRQSWXZRQ^2411000000000000000?,%B7157657836073836=3406101104812470?,02/27/28,debit,0
CcS-5430,849,GB671298737750133181543538,9951105318967600,9194,769,%B9951105318967600^VTQZSMVTQZSM^2703000000000000000?,%B9951105318967600=2207101312504686?,02/28/28,credit,0
CcS-5431,850,ES562930513472508010731678,0520639067111912,2800,426,%B0520639067111912^OIGJNFOIGJNF^2504000000000000000?,%B0520639067111912=3008101564152972?,06/26/28,credit,0
CcS-5432,851,SE932075464346599891607377,8989484853181674,6757,188,%B8989484853181674^LKJSMBLKJSMB^3205000000000000000?,%B8989484853181674=2905101415556131?,12/29/28,debit,0
CcS-5433,852,DE136505282849788690763591,2498781444596676,6173,527,%B2498781444596676^HYPYZQHYPYZQ^2203000000000000000?,%B2498781444596676=3111101397711640?,03/29/28,credit,0
CcS-5434,853,SE639339816230219650780461,0092182796442263,9526,264,%B0092182796442263^VUDUKIVUDUKI^2609000000000000000?,%B0092182796442263=3008101785120782?,05/28/28,credit,0
CcS-5435,854,US389975521483455337448364,6577988443685556,4480,877,%B6577988443685556^RWMBTNRWMBTN^3006000000000000000?,%B6577988443685556=3110101413217943?,01/27/28,debit,0
CcS-5436,855,CA637799287290437594852534,9420202734900814,4853,133,%B9420202734900814^QNSKFWQNSKFW^2509000000000000000?,%B9420202734900814=3305101815866327?,09/29/28,debit,0
CcS-5437,856,IT930173619798690189624092,3521419380410491,2732,305,%B3521419380410491^TOAKQQTOAKQQ^2201000000000000000?,%B3521419380410491=2201101512195135?,02/25/28,credit,1
CcS-5438,857,IT574861716495344634337484,7682551769589470,5024,438,%B7682551769589470^GIHUGFGIHUGF^3210000000000000000?,%B7682551769589470=3405101575792172?,03/29/28,debit,0
CcS-5439,858,ES916041754209999748600668,9051033202852627,4414,747,%B9051033202852627^KSHQHAKSHQHA^2609000000000000000?,%B9051033202852627=3208101819770794?,01/28/28,debit,0
CcS-5440,859,DE339914889069929901591132,6840927488020691,8702,406,%B6840927488020691^SLEPFNSLEPFN^2606000000000000000?,%B6840927488020691=3211101724560698?,06/29/28,debit,0
CcS-5441,860,DE415368156057611344167132,3520327829094519,3777,211,%B3520327829094519^MVODGHMVODGH^3005000000000000000?,%B3520327829094519=2211101610191906?,05/28/28,debit,0
CcS-5442,861,PL755195870891050516631601,9690780635450635,3770,953,%B9690780635450635^NNIGMWNNIGMW^2811000000000000000?,%B9690780635450635=2411101758296857?,03/26/28,credit,0
CcS-5443,862,PT225256239055814464939174,2511259365879565,9819,535,%B2511259365879565^MGDVCRMGDVCR^3109000000000000000?,%B2511259365879565=2608101116899658?,06/27/28,debit,0
CcS-5444,863,IT731273899998980595766130,4392862034770109,7793,166,%B4392862034770109^IZYYSQIZYYSQ^2711000000000000000?,%B4392862034770109=2408101591331745?,07/25/28,debit,1
CcS-5445,864,NL146385587555342816096140,0560610267289620,2396,745,%B0560610267289620^FSNEYZFSNEYZ^3102000000000000000?,%B0560610267289620=2211101852069488?,07/25/28,credit,1
CcS-5446,865,FR820062988980300840261318,2099431609943832,3949,814,%B2099431609943832^TUHMMETUHMME^2205000000000000000?,%B2099431609943832=3111101994440872?,09/26/28,credit,0
CcS-5447,866,NL656619707439129132468471,9294137554731502,9209,728,%B9294137554731502^THOKJETHOKJE^2805000000000000000?,%B9294137554731502=3402101167588798?,06/29/28,debit,0
CcS-5448,867,SE453363411949915570668365,6525478794250528,7862,208,%B6525478794250528^BCOYIYBCOYIY^2212000000000000000?,%B6525478794250528=2711101681793641?,11/26/28,debit,0
CcS-5449,868,PL727274329665281206197815,7237927466492000,3522,167,%B7237927466492000^WORAMKWORAMK^2411000000000000000?,%B7237927466492000=2710101872334871?,06/27/28,debit,0
CcS-5450,869,GB114821669465823897952885,8963025165465690,9371,306,%B8963025165465690^EQDPQBEQDPQB^2612000000000000000?,%B8963025165465690=3108101533067647?,11/27/28,debit,0
CcS-5451,870,SE748821496239191610359930,6051902909177978,1693,670,%B6051902909177978^LQFWFXLQFWFX^2905000000000000000?,%B6051902909177978=3102101945087435?,11/27/28,credit,0
CcS-5452,871,DE646600576592657380689092,0226525530385226,7031,920,%B0226525530385226^VOWEPYVOWEPY^2812000000000000000?,%B0226525530385226=2312101868296017?,11/29/28,prepaid,0
CcS-5453,872,PT800514669635956859071245,1314213133150159,8451,313,%B1314213133150159^RNGHYLRNGHYL^2308000000000000000?,%B1314213133150159=2305101298687498?,10/25/28,debit,1
CcS-5454,873,NL132838822705581761031218,1286121140780836,2013,307,%B1286121140780836^XXCWRJXXCWRJ^2810000000000000000?,%B1286121140780836=3305101780090353?,03/29/28,credit,0
CcS-5455,874,CA307397789631535720425208,5762608432545800,9349,526,%B5762608432545800^JHMJDAJHMJDA^2506000000000000000?,%B5762608432545800=3310101545025623?,06/29/28,credit,0
CcS-5456,875,US681180929601588721084299,7155806250341362,5531,368,%B7155806250341362^JVZIJIJVZIJI^2611000000000000000?,%B7155806250341362=3002101882485096?,04/26/28,credit,0
CcS-5457,876,GB142800251079890246935037,6949373444873618,2452,806,%B6949373444873618^RLEAPJRLEAPJ^3101000000000000000?,%B6949373444873618=2404101693118756?,04/25/28,credit,1
CcS-5458,877,GB840983877129827463734097,1648791183344680,9746,369,%B1648791183344680^MBIKDKMBIKDK^2310000000000000000?,%B1648791183344680=2307101414014290?,02/25/28,debit,1
CcS-5459,878,IT925078496935134887356003,5492356905813926,1982,483,%B5492356905813926^PLTSBKPLTSBK^2612000000000000000?,%B5492356905813926=3005101960894305?,05/25/28,debit,1
CcS-5460,879,DE398136179380609899026045,3597567463765408,2623,998,%B3597567463765408^HYLGSIHYLGSI^2406000000000000000?,%B3597567463765408=2403101102353229?,12/27/28,credit,0
CcS-5461,880,DE195355302961354548130605,4657213720462543,1196,798,%B4657213720462543^NFAODBNFAODB^3403000000000000000?,%B4657213720462543=3110101469626048?,01/25/28,credit,1
CcS-5462,881,PL531092567376749630298342,4100630319139959,6679,823,%B4100630319139959^KYEJYRKYEJYR^3008000000000000000?,%B4100630319139959=2405101919341899?,10/27/28,debit,0
CcS-5463,882,ES153466813732952182084610,2738208639788127,7239,147,%B2738208639788127^HOVMMTHOVMMT^2209000000000000000?,%B2738208639788127=3107101776197781?,11/25/28,prepaid,1
CcS-5464,883,GB869516076659482847269343,1859186473977036,2098,750,%B1859186473977036^SXPOVFSXPOVF^2602000000000000000?,%B1859186473977036=2212101232999864?,05/28/28,credit,0
CcS-5465,884,PL466559649226903973040876,7506597766256673,8929,981,%B7506597766256673^THCBWQTHCBWQ^3009000000000000000?,%B7506597766256673=3106101939965675?,09/28/28,credit,0
CcS-5466,885,DE132744097603389139294644,3165014043887442,3074,633,%B3165014043887442^ECYTHOECYTHO^2808000000000000000?,%B3165014043887442=2707101546711777?,01/26/28,debit,0
CcS-5467,886,NL685955505315004519733949,0635478329289945,6233,765,%B0635478329289945^ZQFQEHZQFQEH^2401000000000000000?,%B0635478329289945=3308101518496715?,01/26/28,debit,0
CcS-5468,887,GB934927574696593583552322,5575396513476298,3167,458,%B5575396513476298^CIXBILCIXBIL^2912000000000000000?,%B5575396513476298=2207101244407833?,04/27/28,debit,0
CcS-5469,888,CA755351317865739134848874,2966909925260394,2060,348,%B2966909925260394^ZGPQABZGPQAB^2609000000000000000?,%B2966909925260394=2506101480516133?,11/28/28,credit,0
CcS-5470,889,US320716149654519007228533,3118720302528826,7356,399,%B3118720302528826^BEELJMBEELJM^2705000000000000000?,%B3118720302528826=3211101542850075?,07/27/28,credit,0
CcS-5471,890,FR748173900830226576028324,9824862896592290,2328,998,%B9824862896592290^DGKYKVDGKYKV^3402000000000000000?,%B9824862896592290=3110101166435951?,06/27/28,debit,0
CcS-5472,891,CA646049752624619316285097,2076532204378062,4624,263,%B2076532204378062^NFNJKBNFNJKB^3308000000000000000?,%B2076532204378062=3111101614718925?,01/27/28,credit,0
CcS-5473,892,SE542265145103330263170841,6850542277490909,6714,141,%B6850542277490909^YOCKAWYOCKAW^3412000000000000000?,%B6850542277490909=2711101861616239?,11/25/28,debit,1
CcS-5474,893,IT432658326549648309400007,6542706575749052,3100,751,%B6542706575749052^FMEPEAFMEPEA^3209000000000000000?,%B6542706575749052=3006101839759812?,04/28/28,debit,0
CcS-5475,894,SE472836243584044874418369,9266108306392909,5574,378,%B9266108306392909^MWUPEWMWUPEW^3403000000000000000?,%B9266108306392909=3001101649805238?,01/27/28,credit,0
CcS-5476,895,CA324618183995045888237717,8621239082631155,2948,149,%B8621239082631155^NZQJRZNZQJRZ^3002000000000000000?,%B8621239082631155=2302101842354112?,12/29/28,credit,0
CcS-5477,896,SE694141486608561038820188,8989831479656835,5297,701,%B8989831479656835^OTFHJKOTFHJK^2308000000000000000?,%B8989831479656835=2704101554912073?,07/28/28,credit,0
CcS-5478,897,DE400934744387866490595931,8194239787059789,2338,906,%B8194239787059789^OQBFSFOQBFSF^2312000000000000000?,%B8194239787059789=3412101160761907?,12/27/28,debit,0
CcS-5479,898,FR468049580401149354189785,7327265381415356,7920,801,%B7327265381415356^ZWUSZNZWUSZN^2209000000000000000?,%B7327265381415356=3006101949533459?,06/25/28,debit,1
CcS-5480,899,CA973117336388256230869685,8883634718873082,6371,158,%B8883634718873082^UGRAFBUGRAFB^2901000000000000000?,%B8883634718873082=3307101403613530?,07/28/28,debit,0
CcS-5481,900,DE877902387716253532139160,3879419428874887,6234,204,%B3879419428874887^ROTASGROTASG^3109000000000000000?,%B3879419428874887=3410101889687802?,12/26/28,debit,0
CcS-5482,901,DE770460341637090030456771,1873131268554715,7181,598,%B1873131268554715^CVFUMVCVFUMV^2702000000000000000?,%B1873131268554715=2502101503167317?,04/29/28,premium_credit,0
CcS-5483,902,CA858263865867430753243652,6024839366390605,3356,239,%B6024839366390605^OBNTLJOBNTLJ^3008000000000000000?,%B6024839366390605=2710101524924730?,09/29/28,credit,0
CcS-5484,903,IT480640053713774232138530,8964156218521014,8424,947,%B8964156218521014^WHDDNMWHDDNM^2204000000000000000?,%B8964156218521014=3405101909526032?,06/27/28,debit,0
CcS-5485,904,DE875906329627326689652375,2799444926689303,8963,449,%B2799444926689303^TOJYSMTOJYSM^3308000000000000000?,%B2799444926689303=2301101481898815?,02/26/28,credit,0
CcS-5486,905,SE159969046983703312286187,9227687918596755,4167,229,%B9227687918596755^PBMYGHPBMYGH^2701000000000000000?,%B9227687918596755=2608101650738252?,10/29/28,credit,0
CcS-5487,906,FR871252643712939544675230,4428946152473942,9560,955,%B4428946152473942^KBZEXRKBZEXR^2201000000000000000?,%B4428946152473942=2407101928596698?,11/27/28,debit,0
CcS-5488,907,CA374972933589235560813224,9460661994666189,5623,271,%B9460661994666189^KVPROBKVPROB^2611000000000000000?,%B9460661994666189=2906101468278291?,02/25/28,credit,1
CcS-5489,908,PT856285970368257258854022,8315256758508258,1764,864,%B8315256758508258^WRCTUZWRCTUZ^3410000000000000000?,%B8315256758508258=3109101215077871?,04/25/28,debit,1
CcS-5490,909,CA937869528908289075834585,0591401512281917,9966,678,%B0591401512281917^DQZYLWDQZYLW^2307000000000000000?,%B0591401512281917=2308101586300056?,05/26/28,debit,0
CcS-5491,910,US750139348072877834616255,9576118252158568,8728,979,%B9576118252158568^CMAJRWCMAJRW^3407000000000000000?,%B9576118252158568=2611101274620854?,01/28/28,debit,0
CcS-5492,911,GB596831392117457666670207,8632150509659800,6776,779,%B8632150509659800^QKGUVWQKGUVW^3204000000000000000?,%B8632150509659800=3103101314649565?,07/28/28,credit,0
CcS-5493,912,IT400582630603846627039315,8667862755710932,6778,790,%B8667862755710932^BXMLAUBXMLAU^2812000000000000000?,%B8667862755710932=3211101411891238?,07/25/28,credit,1
CcS-5494,913,IT878951816046234252760134,3745442263380695,7016,885,%B3745442263380695^MCITMTMCITMT^2805000000000000000?,%B3745442263380695=2706101719450273?,11/26/28,debit,0
CcS-5495,914,DE539338333173473445629280,5120781229135787,1452,222,%B5120781229135787^CDECQLCDECQL^3102000000000000000?,%B5120781229135787=2511101532887402?,08/25/28,debit,1
CcS-5496,915,US649242909474380405981372,8879122929824182,9375,178,%B8879122929824182^FQQIDEFQQIDE^3401000000000000000?,%B8879122929824182=2604101757727782?,06/29/28,prepaid,0
CcS-5497,916,FR731930799806008995062933,7527486122924478,3597,260,%B7527486122924478^WOMZQZWOMZQZ^3002000000000000000?,%B7527486122924478=3207101512868241?,03/27/28,credit,0
CcS-5498,917,GB118606544053077362764485,4293843170938596,7141,834,%B4293843170938596^MGIZDAMGIZDA^3306000000000000000?,%B4293843170938596=2804101614289024?,07/27/28,debit,0
CcS-5499,918,SE284392863886486828041026,2867271677411769,5394,916,%B2867271677411769^JCNBIVJCNBIV^2610000000000000000?,%B2867271677411769=3210101212811784?,05/27/28,credit,0
CcS-5500,919,CA438251794162480143068078,2483964263163540,6148,527,%B2483964263163540^NQSKAPNQSKAP^2403000000000000000?,%B2483964263163540=2910101141804976?,02/25/28,debit,1
CcS-5501,920,PT315614460974282696979730,6308586704670230,5091,255,%B6308586704670230^MXTMVPMXTMVP^3302000000000000000?,%B6308586704670230=3201101264379333?,04/28/28,credit,0
CcS-5502,921,PL575560906355813360431487,1826245040838160,2757,159,%B1826245040838160^WFGVMGWFGVMG^2212000000000000000?,%B1826245040838160=3111101414569620?,02/28/28,debit,0
CcS-5503,922,GB479612971659332528331164,6001105439442943,5692,287,%B6001105439442943^NLFDLLNLFDLL^3005000000000000000?,%B6001105439442943=3302101757603458?,02/27/28,credit,0
CcS-5504,923,DE962463725583690013535182,7413948597569363,5464,771,%B7413948597569363^FGJHVGFGJHVG^2809000000000000000?,%B7413948597569363=3105101313471011?,01/29/28,debit,0
CcS-5505,924,SE697346288701121045696161,3552467820201829,8794,668,%B3552467820201829^RAYDZMRAYDZM^2408000000000000000?,%B3552467820201829=3204101745397290?,01/27/28,debit,0
CcS-5506,925,FR877449030947020590924412,5530781709709017,7844,912,%B5530781709709017^THYGBWTHYGBW^2609000000000000000?,%B5530781709709017=3309101648338400?,09/27/28,credit,0
CcS-5507,926,IT360017536585128654230461,8194394910557348,7968,522,%B8194394910557348^SVPJWZSVPJWZ^3402000000000000000?,%B8194394910557348=2301101848023555?,08/28/28,credit,0
CcS-5508,927,ES799592173669897769486252,0932959155940875,7078,535,%B0932959155940875^PTMBWCPTMBWC^2907000000000000000?,%B0932959155940875=2810101113295385?,06/26/28,credit,0
CcS-5509,928,GB668152634957133534473567,2749806219606710,5363,508,%B2749806219606710^JEYFLWJEYFLW^2812000000000000000?,%B2749806219606710=2411101815345162?,06/27/28,debit,0
CcS-5510,929,SE863394211875849072802005,3444977093496955,6129,228,%B3444977093496955^SOFBFLSOFBFL^2211000000000000000?,%B3444977093496955=2311101487810973?,11/27/28,debit,0
CcS-5511,930,CA183421976931873495314068,7141169923644705,8849,911,%B7141169923644705^DCLABBDCLABB^3010000000000000000?,%B7141169923644705=3212101379057335?,05/29/28,credit,0
CcS-5512,931,FR335286635755379785133743,2200826128083179,2209,193,%B2200826128083179^TLHRFSTLHRFS^3208000000000000000?,%B2200826128083179=2606101559094755?,12/28/28,credit,0
CcS-5513,932,PL941300403771220275498654,9256672733555731,9666,221,%B9256672733555731^MQPFWCMQPFWC^2812000000000000000?,%B9256672733555731=2906101360610020?,01/29/28,debit,0
CcS-5514,933,DE469533350811432469153107,5679829621908068,5017,655,%B5679829621908068^PMEZTGPMEZTG^3402000000000000000?,%B5679829621908068=3205101856148334?,10/28/28,credit,0
CcS-5515,934,CA881726163904370149910593,6224043539074381,6287,893,%B6224043539074381^TDKNSLTDKNSL^2202000000000000000?,%B6224043539074381=3402101131153910?,09/25/28,debit,1
CcS-5516,935,PT812953541314254197582376,8790307839378974,2185,294,%B8790307839378974^YHZWTFYHZWTF^2803000000000000000?,%B8790307839378974=2610101792757982?,09/28/28,debit,0
CcS-5517,936,US385163233282100448345968,9638215224895776,2390,518,%B9638215224895776^XVOXPPXVOXPP^2408000000000000000?,%B9638215224895776=2305101657476338?,12/25/28,debit,1
CcS-5518,937,ES197186699479028075945481,7626254014347499,7285,731,%B7626254014347499^ODZDVFODZDVF^2812000000000000000?,%B7626254014347499=2606101209893735?,04/28/28,credit,0
CcS-5519,938,ES793241260129637704063778,7998602543051906,9240,757,%B7998602543051906^QMYPUYQMYPUY^3006000000000000000?,%B7998602543051906=2212101416640721?,01/27/28,credit,0
CcS-5520,939,PL276468317656259664216317,4749346183211531,6807,815,%B4749346183211531^BFGRVWBFGRVW^3311000000000000000?,%B4749346183211531=2502101515948542?,06/26/28,debit,0
CcS-5521,940,US708437287794098105099966,8050306679574609,8940,817,%B8050306679574609^HPLOWBHPLOWB^3006000000000000000?,%B8050306679574609=3308101455008374?,06/26/28,credit,0
CcS-5522,941,IT114214415602319431071394,5029692452403406,9886,849,%B5029692452403406^ECDABSECDABS^3010000000000000000?,%B5029692452403406=2808101255481224?,08/28/28,credit,0
CcS-5523,942,GB931565301995726836698207,3419261424544859,5496,236,%B3419261424544859^PDAOXSPDAOXS^2604000000000000000?,%B3419261424544859=3211101827941640?,09/26/28,credit,0
CcS-5524,943,FR733063787074088660806884,6881940169981907,4153,701,%B6881940169981907^XQTOPMXQTOPM^2804000000000000000?,%B6881940169981907=2911101880855969?,04/29/28,debit,0
CcS-5525,944,PT841980946955576491959439,9235208970756475,8552,896,%B9235208970756475^BNROCXBNROCX^2911000000000000000?,%B9235208970756475=3307101367862991?,11/29/28,premium_credit,0
CcS-5526,945,NL911589459347009392497044,5880951390590651,7744,357,%B5880951390590651^GETRDCGETRDC^2811000000000000000?,%B5880951390590651=3204101388628708?,09/29/28,credit,0
CcS-5527,946,GB267961590992580518121339,7812451528152487,6590,151,%B7812451528152487^CHHYNQCHHYNQ^3209000000000000000?,%B7812451528152487=2302101307119426?,03/29/28,debit,0
CcS-5528,947,ES504751698643754628337501,0384060583214403,8711,407,%B0384060583214403^IIDGFBIIDGFB^2203000000000000000?,%B0384060583214403=3107101463110870?,09/27/28,debit,0
CcS-5529,948,NL496824496133792183850268,1713062234714532,3230,450,%B1713062234714532^FNWICVFNWICV^2305000000000000000?,%B1713062234714532=2612101946453161?,04/29/28,premium_credit,0
CcS-5530,949,GB307127897354389206972251,1630167004570389,7113,906,%B1630167004570389^MPSNPPMPSNPP^2711000000000000000?,%B1630167004570389=3112101576400119?,08/26/28,prepaid,0
CcS-5531,950,GB798806231092980242330566,6091153126813888,1607,783,%B6091153126813888^IQGGXNIQGGXN^3210000000000000000?,%B6091153126813888=2601101831646347?,08/26/28,debit,0
CcS-5532,951,IT412469491561974721644787,2508873594711330,7810,427,%B2508873594711330^DUAOPIDUAOPI^3010000000000000000?,%B2508873594711330=3107101233085941?,08/29/28,debit,0
CcS-5533,952,PT679646236110005497407571,1794680308919185,6313,173,%B1794680308919185^MZXVQZMZXVQZ^3101000000000000000?,%B1794680308919185=3007101460004999?,06/29/28,debit,0
CcS-5534,953,NL340094639492114314987887,2307692061045303,4714,574,%B2307692061045303^SVGOVHSVGOVH^2611000000000000000?,%B2307692061045303=2405101840995318?,02/27/28,credit,0
CcS-5535,954,ES721882562402727856576902,9576171290124012,5784,377,%B9576171290124012^OWCXHROWCXHR^3310000000000000000?,%B9576171290124012=2811101762402051?,04/26/28,premium_credit,0
CcS-5536,955,NL590145818683607661987004,6413742254909439,6829,573,%B6413742254909439^FINUGUFINUGU^3410000000000000000?,%B6413742254909439=2603101445077648?,05/27/28,debit,0
CcS-5537,956,US167314576602261968015114,4043280325143183,8438,868,%B4043280325143183^HZVNRHHZVNRH^2808000000000000000?,%B4043280325143183=3401101349117012?,10/29/28,credit,0
CcS-5538,957,GB665233303358955660708387,8891087322902483,5542,980,%B8891087322902483^NUAFCENUAFCE^2711000000000000000?,%B8891087322902483=3107101150113528?,01/26/28,debit,0
CcS-5539,958,FR465832271588770608207616,8791625667190848,8050,364,%B8791625667190848^ELGBEJELGBEJ^2902000000000000000?,%B8791625667190848=2205101156459039?,03/29/28,credit,0
CcS-5540,959,SE759611623611802934284668,9921326714420598,1586,623,%B9921326714420598^XOVISVXOVISV^2910000000000000000?,%B9921326714420598=2810101339260158?,06/29/28,premium_credit,0
CcS-5541,960,ES437084378230294700288037,1227059946702812,7404,716,%B1227059946702812^FUPQZCFUPQZC^3003000000000000000?,%B1227059946702812=3401101477079835?,08/26/28,debit,0
CcS-5542,961,FR256646518415941996916533,5545083335943594,3657,981,%B5545083335943594^UJWFJCUJWFJC^3302000000000000000?,%B5545083335943594=3305101133744527?,01/27/28,debit,0
CcS-5543,962,CA548955040893185921595848,5066329789746054,6680,426,%B5066329789746054^ICEPFLICEPFL^3304000000000000000?,%B5066329789746054=3210101631218857?,12/29/28,prepaid,0
CcS-5544,963,GB581089625938130634013109,5846931241822937,5746,524,%B5846931241822937^GZVURGGZVURG^2201000000000000000?,%B5846931241822937=2706101302777430?,10/27/28,debit,0
CcS-5545,964,IT792425695181588187679708,4410405592533003,2961,623,%B4410405592533003^WNDLSKWNDLSK^2507000000000000000?,%B4410405592533003=2908101421917989?,08/26/28,debit,0
CcS-5546,965,PT726915449574749571628962,1700212415055417,8542,110,%B1700212415055417^KIDSCBKIDSCB^3202000000000000000?,%B1700212415055417=3311101678173013?,11/25/28,debit,1
CcS-5547,966,PL241976439903551803317111,1338691451160194,8283,877,%B1338691451160194^XYXEXFXYXEXF^2509000000000000000?,%B1338691451160194=2404101815039751?,09/28/28,credit,0
CcS-5548,967,FR494310010812847651386257,6660063511363205,9750,502,%B6660063511363205^UUPJIBUUPJIB^2510000000000000000?,%B6660063511363205=3211101402610575?,07/27/28,credit,0
CcS-5549,968,US569592823901508711770410,1741738151793720,7191,421,%B1741738151793720^TQBVRPTQBVRP^3407000000000000000?,%B1741738151793720=2803101532749676?,03/25/28,debit,1
CcS-5550,969,PT699890184859927818374534,8082554389573413,6786,563,%B8082554389573413^DKIYLBDKIYLB^3012000000000000000?,%B8082554389573413=2408101421317888?,02/29/28,debit,0
CcS-5551,970,FR922302382238807901945194,4002568071715805,7139,824,%B4002568071715805^MVVRMXMVVRMX^2505000000000000000?,%B4002568071715805=2206101263231027?,10/28/28,debit,0
CcS-5552,971,FR310421293112151079313146,0137998113823944,6046,427,%B0137998113823944^KAEIOMKAEIOM^2311000000000000000?,%B0137998113823944=2904101737830028?,09/28/28,credit,0
CcS-5553,972,CA873766306574797802537904,3973369730267653,7881,181,%B3973369730267653^HDXBUOHDXBUO^2502000000000000000?,%B3973369730267653=2406101135433754?,03/28/28,debit,0
CcS-5554,973,PT200959245399561661220095,2213493296909119,2247,996,%B2213493296909119^GNEKCMGNEKCM^3204000000000000000?,%B2213493296909119=3208101951081210?,07/28/28,credit,0
CcS-5555,974,CA756532894733552181879642,3198519113591327,1279,875,%B3198519113591327^VWZNCPVWZNCP^3007000000000000000?,%B3198519113591327=2512101580149899?,07/27/28,debit,0
CcS-5556,975,NL891748376741629999123969,6602934648268287,9239,932,%B6602934648268287^KKUOKLKKUOKL^2506000000000000000?,%B6602934648268287=3109101193581989?,02/25/28,prepaid,1
CcS-5557,976,ES100557110267687710565671,1773321902421450,3704,203,%B1773321902421450^FUNKMKFUNKMK^3312000000000000000?,%B1773321902421450=2601101519179456?,12/26/28,debit,0
CcS-5558,977,SE907796138737958053249795,6709061809145974,5566,436,%B6709061809145974^AUOUGZAUOUGZ^2809000000000000000?,%B6709061809145974=3103101323601578?,10/26/28,credit,0
CcS-5559,978,SE155289934421764090733814,6102683147566850,2958,888,%B6102683147566850^QBVCTWQBVCTW^3111000000000000000?,%B6102683147566850=3408101722487506?,05/27/28,credit,0
CcS-5560,979,US382959947399259879720225,2859284532114945,4149,207,%B2859284532114945^CSYRNICSYRNI^2612000000000000000?,%B2859284532114945=2303101539332538?,03/29/28,credit,0
CcS-5561,980,GB738542663911736289866097,0640141944921254,7219,197,%B0640141944921254^SJZLOHSJZLOH^3008000000000000000?,%B0640141944921254=3003101307460149?,09/28/28,debit,0
CcS-5562,981,US511073959908645281900915,3927676778458253,1681,843,%B3927676778458253^UUAEGSUUAEGS^3206000000000000000?,%B3927676778458253=3102101745200493?,03/25/28,credit,1
CcS-5563,982,PT187323084624936412726469,0900179041575588,7914,738,%B0900179041575588^YJAQRCYJAQRC^2302000000000000000?,%B0900179041575588=3208101995618210?,08/26/28,debit,0
CcS-5564,983,DE975037051878811813109642,4411082463421206,2513,920,%B4411082463421206^ETGMJNETGMJN^3006000000000000000?,%B4411082463421206=2303101300081446?,12/28/28,debit,0
CcS-5565,984,FR808425712614862198889208,9365990226842212,3444,280,%B9365990226842212^MQTJEFMQTJEF^3410000000000000000?,%B9365990226842212=3311101295042223?,03/27/28,debit,0
CcS-5566,985,GB548755787015733190986819,6292290258130826,9539,705,%B6292290258130826^YJWSHNYJWSHN^2705000000000000000?,%B6292290258130826=2402101962039196?,11/27/28,credit,0
CcS-5567,986,SE401968203354480777297177,3894421676118259,3607,539,%B3894421676118259^XWWLNQXWWLNQ^2712000000000000000?,%B3894421676118259=3307101863443185?,12/28/28,debit,0
CcS-5568,987,PL783889895078705886636949,5207582949172606,8460,243,%B5207582949172606^AFTNZFAFTNZF^3008000000000000000?,%B5207582949172606=2910101274803163?,07/27/28,debit,0
CcS-5569,988,ES948191821685622764582257,0273256033864956,7619,829,%B0273256033864956^ZLYDAPZLYDAP^2704000000000000000?,%B0273256033864956=3004101317279585?,02/29/28,debit,0
CcS-5570,989,NL712738593394669648179724,7542877961073522,8572,656,%B7542877961073522^ASPBICASPBIC^3405000000000000000?,%B7542877961073522=2209101617406811?,05/27/28,credit,0
CcS-5571,990,NL118633275959982322095849,1414626149629690,4540,763,%B1414626149629690^OQUKGLOQUKGL^2304000000000000000?,%B1414626149629690=2811101775041869?,12/26/28,credit,0
CcS-5572,991,PT515663994395619276034239,5506736078870173,5517,398,%B5506736078870173^NOUTJMNOUTJM^2409000000000000000?,%B5506736078870173=3012101791075086?,09/28/28,credit,0
CcS-5573,992,DE596781302767549848340529,0572369741798885,6367,185,%B0572369741798885^YGPAYSYGPAYS^2304000000000000000?,%B0572369741798885=2311101789182714?,06/27/28,debit,0
CcS-5574,993,PT158469886336769337862904,4616947954266620,9391,421,%B4616947954266620^EZYVOHEZYVOH^2206000000000000000?,%B4616947954266620=2606101558187499?,05/25/28,credit,1
CcS-5575,994,IT674031368223654373261373,0614350721343754,4535,519,%B0614350721343754^XMIJVHXMIJVH^3309000000000000000?,%B0614350721343754=2510101500973085?,05/26/28,credit,0
CcS-5576,995,NL916143868961114061387913,5773144739388052,2247,358,%B5773144739388052^MWPXAGMWPXAG^2608000000000000000?,%B5773144739388052=2604101263976172?,06/25/28,credit,1
CcS-5577,996,CA113737408702246009542239,0588188797837421,1038,635,%B0588188797837421^ZYWOPIZYWOPI^2608000000000000000?,%B0588188797837421=3402101495393912?,11/29/28,debit,0
CcS-5578,997,NL253929681540609837042337,4605740537699194,5497,910,%B4605740537699194^DEDWPEDEDWPE^2805000000000000000?,%B4605740537699194=2410101426900495?,06/28/28,debit,0
CcS-5579,998,CA114153861697221029688554,1536856830091294,3239,136,%B1536856830091294^MKCNGLMKCNGL^2708000000000000000?,%B1536856830091294=2910101705727326?,08/25/28,credit,1
CcS-5580,999,PT765320560065677886858115,2817924362775136,6027,865,%B2817924362775136^AASOKIAASOKI^2203000000000000000?,%B2817924362775136=2506101519845164?,11/27/28,credit,0
CcS-5581,1000,DE547675881948247153525692,1218043528746901,5217,912,%B1218043528746901^AKPQRZAKPQRZ^3308000000000000000?,%B1218043528746901=3210101255202204?,08/28/28,debit,0
CcS-5582,1001,DE941606033415579031737138,1103496640751637,1336,737,%B1103496640751637^TYZQRFTYZQRF^3103000000000000000?,%B1103496640751637=2901101240956982?,05/28/28,credit,0
CcS-5583,1002,DE528861681662579725117944,9138635200481823,6206,882,%B9138635200481823^FYJFQTFYJFQT^3209000000000000000?,%B9138635200481823=2311101751233797?,12/27/28,debit,0
CcS-5584,1003,DE839372272142562890636880,6937527769819651,5744,228,%B6937527769819651^IJYRVHIJYRVH^3001000000000000000?,%B6937527769819651=2208101305665368?,11/26/28,debit,0
CcS-5585,1004,DE743695862694192556584477,8145614590196722,5043,120,%B8145614590196722^SCHALDSCHALD^3304000000000000000?,%B8145614590196722=2502101886778297?,04/28/28,credit,0
CcS-5586,1005,PT145501960940567220245234,5715555660587466,6822,442,%B5715555660587466^OOKBHYOOKBHY^3003000000000000000?,%B5715555660587466=2504101320094698?,08/28/28,prepaid,0
CcS-5587,1006,US290142651745759263554079,0884760202311946,9857,355,%B0884760202311946^CFWEVKCFWEVK^2508000000000000000?,%B0884760202311946=2308101891639970?,11/29/28,debit,0
CcS-5588,1007,ES972508443308839936308143,7158003122550074,8167,720,%B7158003122550074^YIULXGYIULXG^2209000000000000000?,%B7158003122550074=2412101575542022?,10/28/28,debit,0
CcS-5589,1008,SE966133193870787907488526,8143154828974670,6980,742,%B8143154828974670^KPUMONKPUMON^2601000000000000000?,%B8143154828974670=2201101516709194?,10/27/28,prepaid,0
CcS-5590,1009,ES344327551349429441422481,0377165514720683,2260,840,%B0377165514720683^DIPIGMDIPIGM^2604000000000000000?,%B0377165514720683=2501101228140624?,05/28/28,credit,0
CcS-5591,1010,GB116007825256427408212697,4540177690373020,6747,792,%B4540177690373020^WQOMKKWQOMKK^2812000000000000000?,%B4540177690373020=2807101478847334?,08/26/28,prepaid,0
CcS-5592,1011,US426486005802430933932601,9345690796065874,7040,944,%B9345690796065874^BMYIOVBMYIOV^3205000000000000000?,%B9345690796065874=2812101792055770?,01/26/28,debit,0
CcS-5593,1012,NL834941239551181128559463,9314968834414912,2866,464,%B9314968834414912^CICSTZCICSTZ^3010000000000000000?,%B9314968834414912=2612101585914741?,09/27/28,credit,0
CcS-5594,1013,PL656905117283509923403439,6870624772308014,9114,497,%B6870624772308014^PVMPHIPVMPHI^2409000000000000000?,%B6870624772308014=2309101125380647?,02/27/28,prepaid,0
CcS-5595,1014,FR742497689613786408519919,2081596522259809,5554,262,%B2081596522259809^OEOPGLOEOPGL^3412000000000000000?,%B2081596522259809=3002101603156870?,02/25/28,debit,1
CcS-5596,1015,CA889198180655109771331833,6034198558878336,3970,295,%B6034198558878336^JALHZHJALHZH^3410000000000000000?,%B6034198558878336=2603101297957029?,12/29/28,debit,0
CcS-5597,1016,GB914973201380559298920133,7741084159886486,6695,421,%B7741084159886486^GJTILKGJTILK^2208000000000000000?,%B7741084159886486=2512101196217589?,09/28/28,debit,0
CcS-5598,1017,IT255209838462270772083682,5822444333795313,3142,578,%B5822444333795313^CUVKVPCUVKVP^3209000000000000000?,%B5822444333795313=2505101980825195?,08/27/28,debit,0
CcS-5599,1018,US752413124829533994637888,6195183572916550,4868,566,%B6195183572916550^FQOJISFQOJIS^2911000000000000000?,%B6195183572916550=2204101946878219?,01/25/28,debit,1
CcS-5600,1019,ES660348702253309304294243,4736878830524638,8127,286,%B4736878830524638^IIEGVHIIEGVH^2303000000000000000?,%B4736878830524638=2612101864888621?,03/27/28,credit,0
CcS-5601,1020,ES799100084394822176136007,3869170673999163,6082,915,%B3869170673999163^HUDORQHUDORQ^2403000000000000000?,%B3869170673999163=2806101130217811?,06/28/28,debit,0
CcS-5602,1021,PT359023492468439874880545,1755157999548965,4817,531,%B1755157999548965^LYFCDJLYFCDJ^2206000000000000000?,%B1755157999548965=3306101319996289?,01/29/28,debit,0
CcS-5603,1022,IT212946354105486095628109,9171671201120871,3726,449,%B9171671201120871^GTRSRRGTRSRR^2208000000000000000?,%B9171671201120871=2903101727724259?,05/25/28,debit,1
CcS-5604,1023,PT709039264825912350537877,6039225185116812,6081,234,%B6039225185116812^SHCPAPSHCPAP^2906000000000000000?,%B6039225185116812=2901101890767874?,06/26/28,debit,0
CcS-5605,1024,ES609154589649670963419480,3676815162656107,7667,905,%B3676815162656107^PCUVOCPCUVOC^2912000000000000000?,%B3676815162656107=2311101304808861?,04/26/28,prepaid,0
CcS-5606,1025,SE801689349367721508676446,6882704632508333,1338,120,%B6882704632508333^HZPMDOHZPMDO^3210000000000000000?,%B6882704632508333=3202101380579181?,10/26/28,debit,0
CcS-5607,1026,PT126410871123852757917493,3242404097665758,1066,914,%B3242404097665758^EJHNATEJHNAT^2511000000000000000?,%B3242404097665758=2611101771701702?,08/26/28,debit,0
CcS-5608,1027,DE569665820685917897802282,0248644026468580,9523,588,%B0248644026468580^GIZQPMGIZQPM^2406000000000000000?,%B0248644026468580=2206101347162898?,03/25/28,debit,1
CcS-5609,1028,FR379021801086095494327648,0684695625222280,7296,375,%B0684695625222280^WCIOLNWCIOLN^3203000000000000000?,%B0684695625222280=2406101436771383?,01/27/28,credit,0
CcS-5610,1029,DE581663736372195665755216,2781765479547199,3970,788,%B2781765479547199^FSNGOYFSNGOY^2202000000000000000?,%B2781765479547199=2603101626768500?,10/27/28,credit,0
CcS-5611,1030,NL440243178769153488374813,7277446652686233,4696,108,%B7277446652686233^FQTDCIFQTDCI^2208000000000000000?,%B7277446652686233=3404101558049759?,04/26/28,credit,0
CcS-5612,1031,DE271287152549369632313340,4650266067297534,4117,759,%B4650266067297534^OHSUHCOHSUHC^3302000000000000000?,%B4650266067297534=2208101208890748?,05/26/28,debit,0
CcS-5613,1032,PT527478336490737131499764,4231090792383244,3152,643,%B4231090792383244^ZFWRCMZFWRCM^2408000000000000000?,%B4231090792383244=3406101948550904?,09/29/28,debit,0
CcS-5614,1033,PL196463393709491934711172,9848805032596281,9813,307,%B9848805032596281^PMVDOPPMVDOP^2504000000000000000?,%B9848805032596281=3308101616715059?,04/27/28,debit,0
CcS-5615,1034,DE743193649399251371817769,5449799389240826,3144,257,%B5449799389240826^VEJXOMVEJXOM^2212000000000000000?,%B5449799389240826=2205101180268256?,03/27/28,credit,0
CcS-5616,1035,PT323823261911377776564714,4897098676388500,4178,224,%B4897098676388500^TYVOUNTYVOUN^2810000000000000000?,%B4897098676388500=3106101125248674?,11/29/28,premium_credit,0
CcS-5617,1036,DE260820627131309428358162,2186691347385853,7002,195,%B2186691347385853^TAMRDITAMRDI^2211000000000000000?,%B2186691347385853=2701101767885134?,10/26/28,debit,0
CcS-5618,1037,CA483863147995435210803583,0036030267264443,3511,154,%B0036030267264443^HHSICZHHSICZ^2305000000000000000?,%B0036030267264443=2604101208260152?,11/25/28,debit,1
CcS-5619,1038,IT595896256652519072721727,9886758121065488,9763,158,%B9886758121065488^IVOZMZIVOZMZ^2801000000000000000?,%B9886758121065488=2402101737931377?,02/27/28,debit,0
CcS-5620,1039,ES860118943993628480971731,1524491835107292,1572,618,%B1524491835107292^SRSVVLSRSVVL^2610000000000000000?,%B1524491835107292=3208101653416887?,08/28/28,debit,0
CcS-5621,1040,IT285292846417811374463837,5722890852403837,7218,768,%B5722890852403837^CNOLIRCNOLIR^3112000000000000000?,%B5722890852403837=3210101453104826?,03/26/28,credit,0
CcS-5622,1041,GB856614398120942335966724,8773739367803731,5089,200,%B8773739367803731^OFVWSJOFVWSJ^2908000000000000000?,%B8773739367803731=2802101478724881?,07/25/28,debit,1
CcS-5623,1042,US475744005994958766550646,6527358223750819,3277,989,%B6527358223750819^LTKBMILTKBMI^2811000000000000000?,%B6527358223750819=2312101488253706?,06/27/28,premium_credit,0
CcS-5624,1043,FR447602938564246887463943,7732767849486796,4409,733,%B7732767849486796^XQEEWAXQEEWA^2308000000000000000?,%B7732767849486796=3404101337573495?,08/27/28,credit,0
CcS-5625,1044,PL780415417410109922906968,3618734870322601,7344,218,%B3618734870322601^PCCTYUPCCTYU^3408000000000000000?,%B3618734870322601=2306101344166206?,01/26/28,debit,0
CcS-5626,1045,PL184773733713007354953360,7870953094113223,8105,232,%B7870953094113223^VXOACXVXOACX^3203000000000000000?,%B7870953094113223=3304101893077952?,02/25/28,debit,1
CcS-5627,1046,FR853843509044802236694861,0664777573881219,1765,593,%B0664777573881219^IRORFOIRORFO^2306000000000000000?,%B0664777573881219=3404101760319987?,03/27/28,debit,0
CcS-5628,1047,ES916468827533365144567974,3232729483155341,9077,694,%B3232729483155341^AWALUJAWALUJ^2807000000000000000?,%B3232729483155341=2403101637022126?,05/29/28,debit,0
CcS-5629,1048,DE405230231575928353319111,6267299803846635,6393,873,%B6267299803846635^TOQURRTOQURR^2412000000000000000?,%B6267299803846635=2509101315230644?,03/25/28,credit,1
CcS-5630,1049,NL323992436965667022496953,0053348202438946,3761,123,%B0053348202438946^OPHKZVOPHKZV^2712000000000000000?,%B0053348202438946=3111101182048886?,10/29/28,credit,0
CcS-5631,1050,PT837421031205347352726622,8069774113417469,7432,551,%B8069774113417469^LXNIGVLXNIGV^3402000000000000000?,%B8069774113417469=3003101509233254?,07/29/28,credit,0
CcS-5632,1051,PT197214670168279231844340,7889335715542866,2035,516,%B7889335715542866^DSZLHPDSZLHP^2804000000000000000?,%B7889335715542866=3308101875205612?,12/25/28,debit,1
CcS-5633,1052,FR165334039249470242592573,8395985801378332,5810,416,%B8395985801378332^PBWNHLPBWNHL^2801000000000000000?,%B8395985801378332=2410101173540622?,07/26/28,credit,0
CcS-5634,1053,PL233244608188262772460201,6208143528069666,5091,793,%B6208143528069666^XDAREWXDAREW^3311000000000000000?,%B6208143528069666=2702101725951326?,12/25/28,premium_credit,1
CcS-5635,1054,GB246255187138364950345542,6328662244520638,6728,625,%B6328662244520638^LRRYDKLRRYDK^3008000000000000000?,%B6328662244520638=3009101926683346?,01/26/28,credit,0
CcS-5636,1055,FR456043617890434820231007,7901217726052149,8202,930,%B7901217726052149^IWBUQIIWBUQI^3009000000000000000?,%B7901217726052149=2902101618645988?,08/28/28,credit,0
CcS-5637,1056,IT229275794259744227038559,1225114485184034,1768,281,%B1225114485184034^QITKXZQITKXZ^2304000000000000000?,%B1225114485184034=3304101167252781?,12/26/28,credit,0
CcS-5638,1057,FR946587716097284668137442,8133569224994846,1754,309,%B8133569224994846^ERUKHMERUKHM^3212000000000000000?,%B8133569224994846=2209101674150352?,04/26/28,debit,0
CcS-5639,1058,DE276375553295519833972966,8753249631874274,6401,377,%B8753249631874274^TAPTIYTAPTIY^2510000000000000000?,%B8753249631874274=2908101407410791?,03/26/28,credit,0
CcS-5640,1059,FR753189500759651273721602,0805435436598380,7725,560,%B0805435436598380^UGUSBXUGUSBX^2908000000000000000?,%B0805435436598380=2903101822916306?,05/29/28,credit,0
CcS-5641,1060,PL319428987496121902381808,1716868851198000,3013,512,%B1716868851198000^BCNEUZBCNEUZ^2905000000000000000?,%B1716868851198000=2201101202382080?,02/27/28,debit,0
CcS-5642,1061,US607863551140492272207995,2644700955756129,6472,215,%B2644700955756129^OLZUYUOLZUYU^3001000000000000000?,%B2644700955756129=2408101120937082?,04/26/28,debit,0
CcS-5643,1062,CA195123836741744652603355,2258845777319089,1815,723,%B2258845777319089^PYEHJKPYEHJK^2602000000000000000?,%B2258845777319089=2812101677706078?,12/27/28,credit,0
CcS-5644,1063,PT140635982725181453666699,6808616557546582,5899,622,%B6808616557546582^VYCVJDVYCVJD^2703000000000000000?,%B6808616557546582=3301101953778398?,06/27/28,credit,0
CcS-5645,1064,DE201268297735781049250351,1436063009072781,1692,414,%B1436063009072781^WHCGZQWHCGZQ^3202000000000000000?,%B1436063009072781=2705101527034369?,07/28/28,credit,0
CcS-5646,1065,PT463107906657900056989408,0416565247554320,9471,372,%B0416565247554320^GQKESBGQKESB^3409000000000000000?,%B0416565247554320=2811101119189035?,10/29/28,credit,0
CcS-5647,1066,SE311262167811634059701618,5019858299861603,1570,136,%B5019858299861603^BSTPRMBSTPRM^2811000000000000000?,%B5019858299861603=2705101202867919?,08/29/28,credit,0
CcS-5648,1067,PL794697854617302839923221,3768403605208780,8048,522,%B3768403605208780^HQNVFTHQNVFT^2204000000000000000?,%B3768403605208780=2812101450439953?,04/26/28,credit,0
CcS-5649,1068,US909593757582219566456196,3198265494963681,9700,100,%B3198265494963681^XBSLETXBSLET^2311000000000000000?,%B3198265494963681=3403101774563381?,07/28/28,credit,0
CcS-5650,1069,IT340054299666538866748566,6676366203397050,4743,622,%B6676366203397050^NYBOERNYBOER^2507000000000000000?,%B6676366203397050=3109101612509458?,08/27/28,prepaid,0
CcS-5651,1070,SE742556535200472178817167,0472521295834455,4703,338,%B0472521295834455^ERHHNXERHHNX^3012000000000000000?,%B0472521295834455=2501101810619734?,08/28/28,credit,0
CcS-5652,1071,PT542069278107959028852750,6742657068185340,4730,664,%B6742657068185340^CCHWPOCCHWPO^2506000000000000000?,%B6742657068185340=3203101952797541?,06/28/28,debit,0
CcS-5653,1072,NL441650752468312674209014,2581563375071211,4420,497,%B2581563375071211^DWYOQEDWYOQE^2705000000000000000?,%B2581563375071211=2606101355466656?,08/26/28,debit,0
CcS-5654,1073,PT241120142951732478035580,8001961768875715,7550,253,%B8001961768875715^ZMSEUPZMSEUP^2405000000000000000?,%B8001961768875715=2704101312129569?,07/25/28,credit,1
CcS-5655,1074,CA604905839982649067508653,6567950518680350,7387,788,%B6567950518680350^DQCVIVDQCVIV^3304000000000000000?,%B6567950518680350=2206101258151361?,10/29/28,debit,0
CcS-5656,1075,DE858112092384502669080618,0749814924372776,3503,364,%B0749814924372776^VAIWTYVAIWTY^3412000000000000000?,%B0749814924372776=2709101984059067?,04/29/28,credit,0
CcS-5657,1076,CA678351250617467258396068,9082860372227779,6566,590,%B9082860372227779^RPZMRGRPZMRG^3212000000000000000?,%B9082860372227779=2409101606324276?,01/29/28,credit,0
CcS-5658,1077,IT662607065975483659541308,5233971186634187,3232,295,%B5233971186634187^PXFHQKPXFHQK^3306000000000000000?,%B5233971186634187=2308101927938906?,02/25/28,prepaid,1
CcS-5659,1078,CA754033411171517014585760,7672380656242472,3393,625,%B7672380656242472^SRNFHPSRNFHP^2607000000000000000?,%B7672380656242472=2707101404395482?,02/26/28,debit,0
CcS-5660,1079,US220736678868493259831221,0108786206673955,5709,210,%B0108786206673955^LCCUVPLCCUVP^3108000000000000000?,%B0108786206673955=2801101837141277?,01/27/28,credit,0
CcS-5661,1080,CA952957795462917853567259,9319700818250679,9982,120,%B9319700818250679^GAUGEZGAUGEZ^3003000000000000000?,%B9319700818250679=2210101600925325?,01/29/28,debit,0
CcS-5662,1081,ES513517287591750545036451,4637132989712799,9398,755,%B4637132989712799^PQYAVXPQYAVX^3302000000000000000?,%B4637132989712799=2303101819170991?,10/28/28,debit,0
CcS-5663,1082,IT172875898187184823046655,8062754491842665,4615,940,%B8062754491842665^MBTHXOMBTHXO^3302000000000000000?,%B8062754491842665=2308101198101732?,10/28/28,credit,0
CcS-5664,1083,DE139833749858303865130213,6282103515695950,2794,754,%B6282103515695950^XHGTPLXHGTPL^2302000000000000000?,%B6282103515695950=3007101286743140?,12/28/28,credit,0
CcS-5665,1084,GB218626767809530193050892,6880427716870937,3501,463,%B6880427716870937^XRIRQEXRIRQE^3207000000000000000?,%B6880427716870937=2606101932273411?,11/28/28,debit,0
CcS-5666,1085,PT985566934256884362384961,0990630333621077,2086,543,%B0990630333621077^DKZOKIDKZOKI^2403000000000000000?,%B0990630333621077=2712101353815780?,07/29/28,credit,0
CcS-5667,1086,DE723731423265174576212737,1747748686255383,7610,262,%B1747748686255383^APQXWEAPQXWE^2511000000000000000?,%B1747748686255383=3302101194332884?,12/25/28,debit,1
CcS-5668,1087,SE456590751419695659029100,1547462229191736,9832,125,%B1547462229191736^JDIGLKJDIGLK^2208000000000000000?,%B1547462229191736=2309101534635173?,03/27/28,credit,0
CcS-5669,1088,DE971053749479552596125988,1312061999860137,4196,923,%B1312061999860137^QILOPNQILOPN^2701000000000000000?,%B1312061999860137=3411101898573785?,08/25/28,debit,1
CcS-5670,1089,NL308984540300260699084582,2452789911326234,9166,202,%B2452789911326234^JGJPGEJGJPGE^2208000000000000000?,%B2452789911326234=2404101507269287?,04/27/28,prepaid,0
CcS-5671,1090,US436231898140759911946885,5203275677448195,3291,862,%B5203275677448195^KSLLPFKSLLPF^2902000000000000000?,%B5203275677448195=2210101224638150?,05/28/28,debit,0
CcS-5672,1091,GB981249094432660622553422,5415695713148648,5679,384,%B5415695713148648^KZFSJDKZFSJD^3107000000000000000?,%B5415695713148648=2608101355762891?,01/27/28,credit,0
CcS-5673,1092,SE540895869964693519219164,6116206394075855,5990,109,%B6116206394075855^SJPCAXSJPCAX^2412000000000000000?,%B6116206394075855=2812101228212104?,08/28/28,premium_credit,0
CcS-5674,1093,CA892944393751115020308571,2887675093822597,6655,607,%B2887675093822597^CCUNOJCCUNOJ^2704000000000000000?,%B2887675093822597=2605101867329541?,10/29/28,debit,0
CcS-5675,1094,GB703675070819574140771579,4965781965454671,2436,487,%B4965781965454671^UASLSDUASLSD^2911000000000000000?,%B4965781965454671=2801101456037087?,06/28/28,premium_credit,0
CcS-5676,1095,DE646230899196739049956034,0453656366110322,5537,830,%B0453656366110322^POGHXLPOGHXL^3310000000000000000?,%B0453656366110322=2709101754833921?,12/25/28,credit,1
CcS-5677,1096,SE656710990083866114906676,6964327400046861,5540,559,%B6964327400046861^FYZIFBFYZIFB^2610000000000000000?,%B6964327400046861=3409101378246722?,01/29/28,debit,0
CcS-5678,1097,PL522278937019998117445778,8091696432926298,2476,596,%B8091696432926298^OSPOELOSPOEL^2811000000000000000?,%B8091696432926298=3103101813080532?,09/28/28,credit,0
CcS-5679,1098,CA392046280557249476269744,6319549284823384,6443,987,%B6319549284823384^XVRJOTXVRJOT^2810000000000000000?,%B6319549284823384=3111101624173495?,02/28/28,credit,0
CcS-5680,1099,GB410755442218724947564073,0947128415999229,8496,162,%B0947128415999229^ZXGPDRZXGPDR^2309000000000000000?,%B0947128415999229=2507101605078677?,01/27/28,debit,0
CcS-5681,1100,PT242110572091252806978740,2834113395480343,6407,443,%B2834113395480343^DSDPRFDSDPRF^3411000000000000000?,%B2834113395480343=2605101540840595?,06/26/28,credit,0
CcS-5682,1101,ES437649283538372724051205,6716548767548387,4559,552,%B6716548767548387^AQXCBKAQXCBK^2503000000000000000?,%B6716548767548387=2304101138619023?,04/26/28,debit,0
CcS-5683,1102,IT197825595749972603465511,9284865337796781,2093,667,%B9284865337796781^ODXSKJODXSKJ^2308000000000000000?,%B9284865337796781=2609101698141211?,09/27/28,debit,0
CcS-5684,1103,GB687608783448795990683347,3225701670161145,5071,320,%B3225701670161145^KDMAUPKDMAUP^3403000000000000000?,%B3225701670161145=2204101172600532?,07/29/28,debit,0
CcS-5685,1104,DE107470260450688230346476,2478778718808526,1669,129,%B2478778718808526^YZGBNFYZGBNF^3312000000000000000?,%B2478778718808526=2912101121732866?,06/28/28,credit,0
CcS-5686,1105,ES696218977298716768660140,8834418901281463,1184,128,%B8834418901281463^VKWEUVVKWEUV^3402000000000000000?,%B8834418901281463=3103101557552275?,08/25/28,debit,1
CcS-5687,1106,FR706447890931880297111486,1278850533660202,3227,270,%B1278850533660202^SZLGBWSZLGBW^3007000000000000000?,%B1278850533660202=2706101215852382?,12/26/28,credit,0
CcS-5688,1107,CA191146682080747681894405,0454481502557205,4987,825,%B0454481502557205^OBMEYCOBMEYC^2504000000000000000?,%B0454481502557205=2604101270738826?,06/26/28,credit,0
CcS-5689,1108,PL332922387577080186902043,1085242446147490,5697,454,%B1085242446147490^KBBGPZKBBGPZ^2605000000000000000?,%B1085242446147490=2407101684068178?,09/27/28,debit,0
CcS-5690,1109,PT763232501723020940867897,2038132961679838,6177,168,%B2038132961679838^LAUIGNLAUIGN^3410000000000000000?,%B2038132961679838=2301101829688693?,09/28/28,debit,0
CcS-5691,1110,GB526735168431611819221928,6710557239550540,1202,354,%B6710557239550540^BRHCITBRHCIT^3008000000000000000?,%B6710557239550540=3105101751577362?,05/27/28,credit,0
CcS-5692,1111,IT154600910093920202372288,4654090393481867,6202,524,%B4654090393481867^AXWRFJAXWRFJ^3403000000000000000?,%B4654090393481867=2812101187407496?,09/28/28,debit,0
CcS-5693,1112,DE679480669008638421836088,9537477317364830,5793,223,%B9537477317364830^VIPUTEVIPUTE^2508000000000000000?,%B9537477317364830=2207101756482885?,12/26/28,prepaid,0
CcS-5694,1113,FR715403904370770885066807,3299523138080845,9967,876,%B3299523138080845^ADGQYRADGQYR^2807000000000000000?,%B3299523138080845=2812101636972003?,04/26/28,credit,0
CcS-5695,1114,ES147650974344923374591877,8352998504033597,3588,660,%B8352998504033597^NLBCCVNLBCCV^3304000000000000000?,%B8352998504033597=2202101572170088?,10/26/28,debit,0
CcS-5696,1115,FR502185734949315339275845,3226538019416066,8315,777,%B3226538019416066^EVTRMWEVTRMW^2410000000000000000?,%B3226538019416066=2302101440678512?,05/28/28,prepaid,0
CcS-5697,1116,IT846995553956186299699485,7815745201670165,4369,985,%B7815745201670165^XQYLCDXQYLCD^2306000000000000000?,%B7815745201670165=2202101764824366?,07/26/28,credit,0
CcS-5698,1117,FR563138263241936195424962,3141615504343346,8360,527,%B3141615504343346^JFUPDQJFUPDQ^2508000000000000000?,%B3141615504343346=3006101662976284?,04/27/28,debit,0
CcS-5699,1118,SE274931807382629612762781,3550691228637406,6529,834,%B3550691228637406^OBCPJUOBCPJU^2806000000000000000?,%B3550691228637406=2807101208889749?,02/25/28,credit,1
CcS-5700,1119,PT947419428181095531925348,6155819763386710,9926,100,%B6155819763386710^ALXBMWALXBMW^2810000000000000000?,%B6155819763386710=2804101353036427?,06/25/28,debit,1
CcS-5701,1120,GB867155454140263726172516,1749074125470216,2002,838,%B1749074125470216^GKVDKCGKVDKC^2411000000000000000?,%B1749074125470216=3311101368370442?,01/26/28,credit,0
CcS-5702,1121,CA271223055374936997105174,0669688051384873,2820,481,%B0669688051384873^BAULSSBAULSS^2303000000000000000?,%B0669688051384873=3001101169546021?,04/28/28,prepaid,0
CcS-5703,1122,SE544157155087363791123549,0994713202300377,1166,515,%B0994713202300377^RPEICCRPEICC^3003000000000000000?,%B0994713202300377=2904101927623982?,07/26/28,debit,0
CcS-5704,1123,CA705398607361201415552296,4370585094121937,1586,492,%B4370585094121937^SXWUGRSXWUGR^3105000000000000000?,%B4370585094121937=2202101956453445?,07/25/28,credit,1
CcS-5705,1124,FR415728825437988442802664,0524124429088407,2613,666,%B0524124429088407^SPVISISPVISI^2308000000000000000?,%B0524124429088407=2208101659848130?,08/26/28,credit,0
CcS-5706,1125,IT867395495229600053503310,4879307225457155,1249,724,%B4879307225457155^DJWQCEDJWQCE^3303000000000000000?,%B4879307225457155=3007101436074897?,02/28/28,credit,0
CcS-5707,1126,US885314863474595740321667,7917767224528193,7250,785,%B7917767224528193^KGBICRKGBICR^2803000000000000000?,%B7917767224528193=3202101199841127?,09/27/28,debit,0
CcS-5708,1127,IT890557918508790764538890,0057613398947596,1609,795,%B0057613398947596^RYDDONRYDDON^2408000000000000000?,%B0057613398947596=2306101796164603?,02/27/28,debit,0
CcS-5709,1128,US772133834530123499207736,3196964193989763,1119,863,%B3196964193989763^APWZPXAPWZPX^2303000000000000000?,%B3196964193989763=3402101411367244?,05/27/28,credit,0
CcS-5710,1129,NL606508124227391419721220,4360694068068889,7550,479,%B4360694068068889^QTRLYJQTRLYJ^2901000000000000000?,%B4360694068068889=2506101825998437?,08/25/28,credit,1
CcS-5711,1130,PT427800504074537880639760,4146690631563484,9395,724,%B4146690631563484^WTMVSVWTMVSV^2602000000000000000?,%B4146690631563484=2403101398335248?,10/25/28,credit,1
CcS-5712,1131,SE951840691232283705046088,0012669171300554,9186,576,%B0012669171300554^OOEWQBOOEWQB^2307000000000000000?,%B0012669171300554=2404101481866792?,11/28/28,debit,0
CcS-5713,1132,NL921183591312174477646022,9796953505175545,3283,685,%B9796953505175545^XSDYACXSDYAC^2503000000000000000?,%B9796953505175545=2611101597585071?,02/27/28,premium_credit,0
CcS-5714,1133,SE243263463585407442910849,4392207337811789,6063,528,%B4392207337811789^YCLOFVYCLOFV^2601000000000000000?,%B4392207337811789=2710101118110500?,12/29/28,credit,0
CcS-5715,1134,ES193187378135649963722452,6220305503537516,5089,694,%B6220305503537516^UFZKQTUFZKQT^3403000000000000000?,%B6220305503537516=3309101731581171?,06/25/28,debit,1
CcS-5716,1135,CA894952621932672504106934,3093493794482431,7344,977,%B3093493794482431^SMVTGZSMVTGZ^2904000000000000000?,%B3093493794482431=2703101806910143?,05/25/28,debit,1
CcS-5717,1136,PT959260906088773348239464,9495956265366368,5049,515,%B9495956265366368^MRZXATMRZXAT^2502000000000000000?,%B9495956265366368=3411101297803597?,11/27/28,debit,0
CcS-5718,1137,PT665906200499113967968638,5339478666544857,1027,806,%B5339478666544857^DFOLIXDFOLIX^3207000000000000000?,%B5339478666544857=3004101447639397?,09/27/28,credit,0
CcS-5719,1138,DE277017757712621511136543,3414027022852254,1708,565,%B3414027022852254^XRLBAUXRLBAU^2203000000000000000?,%B3414027022852254=2503101557136642?,10/25/28,prepaid,1
CcS-5720,1139,GB801793401702194333335136,2284131389670255,6733,691,%B2284131389670255^QETZBYQETZBY^3005000000000000000?,%B2284131389670255=2505101662351170?,09/26/28,debit,0
CcS-5721,1140,SE318651548042805202197269,9457773578971220,2099,796,%B9457773578971220^MIQZATMIQZAT^2907000000000000000?,%B9457773578971220=2702101220166213?,10/29/28,debit,0
CcS-5722,1141,CA816903349473040279460575,4430127956844085,7853,527,%B4430127956844085^OQJAJJOQJAJJ^2608000000000000000?,%B4430127956844085=2612101389379030?,12/27/28,debit,0
CcS-5723,1142,SE415753587646074667655443,8283830165887552,1332,532,%B8283830165887552^FSPMTVFSPMTV^2202000000000000000?,%B8283830165887552=3307101910498535?,05/26/28,premium_credit,0
CcS-5724,1143,NL552427495038403566745191,7111485587746705,9677,902,%B7111485587746705^BMZMJJBMZMJJ^2707000000000000000?,%B7111485587746705=3001101794841557?,05/26/28,prepaid,0
CcS-5725,1144,US375520238973681207166212,1023834545059209,2829,216,%B1023834545059209^YFZOIRYFZOIR^2811000000000000000?,%B1023834545059209=3312101181232824?,11/27/28,debit,0
CcS-5726,1145,US598718518450103102332179,5732162027610955,8201,408,%B5732162027610955^HAAXSWHAAXSW^2201000000000000000?,%B5732162027610955=2201101948213881?,04/29/28,credit,0
CcS-5727,1146,DE718208071625537464352555,7468780136786643,9841,296,%B7468780136786643^UUIOXCUUIOXC^2901000000000000000?,%B7468780136786643=2701101690347392?,09/28/28,credit,0
CcS-5728,1147,PT332731673574855168444049,1085233726582895,4778,239,%B1085233726582895^VWLOHJVWLOHJ^2205000000000000000?,%B1085233726582895=3309101491155719?,09/26/28,credit,0
CcS-5729,1148,CA478853309444009107357453,7467928761068215,5433,485,%B7467928761068215^BFWQFLBFWQFL^3201000000000000000?,%B7467928761068215=3008101288190501?,11/27/28,credit,0
CcS-5730,1149,ES415763275788989028391043,9272440385744670,4797,326,%B9272440385744670^WCBFQLWCBFQL^3102000000000000000?,%B9272440385744670=3410101500078185?,07/26/28,credit,0
CcS-5731,1150,IT844752878372460023071455,6788646975286272,6168,669,%B6788646975286272^EZMJGOEZMJGO^2608000000000000000?,%B6788646975286272=3301101156264310?,05/28/28,debit,0
CcS-5732,1151,NL252751030479177571673852,8803757318034881,3292,565,%B8803757318034881^ORIEZMORIEZM^3301000000000000000?,%B8803757318034881=2302101706350877?,09/29/28,debit,0
CcS-5733,1152,IT423090030510650985162684,6069191663210652,4121,884,%B6069191663210652^USZPPJUSZPPJ^3402000000000000000?,%B6069191663210652=2808101975102956?,04/25/28,premium_credit,1
CcS-5734,1153,DE957723776539811022329587,7583698870049691,4663,897,%B7583698870049691^FMWAAGFMWAAG^3208000000000000000?,%B7583698870049691=2409101247134941?,05/29/28,credit,0
CcS-5735,1154,FR967951435137023115527214,8032178300451092,4275,405,%B8032178300451092^AMEHSMAMEHSM^3208000000000000000?,%B8032178300451092=3208101615789861?,03/29/28,debit,0
CcS-5736,1155,NL111795334233660285539827,2976429450810060,8467,142,%B2976429450810060^UCABLYUCABLY^2611000000000000000?,%B2976429450810060=3007101915328753?,09/26/28,credit,0
CcS-5737,1156,DE710235962630079630596557,9536549984618280,6148,427,%B9536549984618280^CLERVQCLERVQ^2506000000000000000?,%B9536549984618280=2811101985149976?,02/29/28,premium_credit,0
CcS-5738,1157,FR661693279433432394164850,6288971462952067,7502,294,%B6288971462952067^BMYASNBMYASN^2501000000000000000?,%B6288971462952067=2403101911314663?,08/26/28,debit,0
CcS-5739,1158,DE588012454035334746755194,1168665956722492,9787,505,%B1168665956722492^RTMBRBRTMBRB^2211000000000000000?,%B1168665956722492=2210101594875403?,05/29/28,premium_credit,0
CcS-5740,1159,SE791598429320967178603657,8800289602579518,4733,723,%B8800289602579518^HRWTQJHRWTQJ^3311000000000000000?,%B8800289602579518=2704101154898739?,12/26/28,credit,0
CcS-5741,1160,ES756486085781144991938304,6689638889875884,3205,675,%B6689638889875884^ECDTUFECDTUF^2802000000000000000?,%B6689638889875884=3112101164341693?,11/26/28,debit,0
CcS-5742,1161,ES310663824479930402509261,9854510157143479,6684,550,%B9854510157143479^XNRHQOXNRHQO^2810000000000000000?,%B9854510157143479=2607101594869313?,08/27/28,credit,0
CcS-5743,1162,ES201499020234338884415194,0765697752215298,8887,289,%B0765697752215298^MPEZYYMPEZYY^3209000000000000000?,%B0765697752215298=2805101266998321?,08/29/28,credit,0
CcS-5744,1163,ES504346910360355064506323,9494867852035448,3865,766,%B9494867852035448^TKLPQZTKLPQZ^2712000000000000000?,%B9494867852035448=2805101522603576?,02/26/28,debit,0
CcS-5745,1164,US204762012007717140839105,2948130378272512,4306,480,%B2948130378272512^SHPLYESHPLYE^2410000000000000000?,%B2948130378272512=2704101631608494?,10/28/28,prepaid,0
CcS-5746,1165,DE870051418143098297384173,7019778776251288,4230,818,%B7019778776251288^OZASAPOZASAP^2504000000000000000?,%B7019778776251288=2601101933001510?,02/27/28,debit,0
CcS-5747,1166,SE900786810639726698390695,0988224548625209,9643,818,%B0988224548625209^GQRABPGQRABP^2807000000000000000?,%B0988224548625209=2703101498114210?,12/26/28,credit,0
CcS-5748,1167,SE207934715917492137092019,4846518719327803,9235,811,%B4846518719327803^PXVFQKPXVFQK^2702000000000000000?,%B4846518719327803=2202101944208284?,06/26/28,credit,0
CcS-5749,1168,PL230870901150368923441490,3658494957019823,4858,207,%B3658494957019823^QLAONVQLAONV^2212000000000000000?,%B3658494957019823=3402101621070503?,03/25/28,credit,1
CcS-5750,1169,PL334582071193402752654772,2903104609761944,4641,811,%B2903104609761944^NPLTNRNPLTNR^2902000000000000000?,%B2903104609761944=2502101291651518?,01/28/28,credit,0
CcS-5751,1170,GB799277670256653480144679,3894546523828872,3460,908,%B3894546523828872^SBYJOYSBYJOY^2212000000000000000?,%B3894546523828872=2206101583841522?,12/28/28,debit,0
CcS-5752,1171,US757452482763479699177813,2738071781656585,4092,707,%B2738071781656585^ZEJFXCZEJFXC^2805000000000000000?,%B2738071781656585=2601101717552089?,06/27/28,debit,0
CcS-5753,1172,SE606461354161862548211308,3554150348327751,3438,377,%B3554150348327751^QXAVQWQXAVQW^3304000000000000000?,%B3554150348327751=3410101375547722?,11/29/28,credit,0
CcS-5754,1173,NL324172461279729618788634,3797534487558905,4031,890,%B3797534487558905^XZRZCLXZRZCL^2204000000000000000?,%B3797534487558905=2401101396365277?,06/26/28,credit,0
CcS-5755,1174,ES269744436193297623396737,7781870861828292,3790,150,%B7781870861828292^RCYUPZRCYUPZ^3305000000000000000?,%B7781870861828292=3412101986554950?,02/25/28,premium_credit,1
CcS-5756,1175,NL406379179566113535458557,3216458137333549,2207,370,%B3216458137333549^WZTLJZWZTLJZ^2411000000000000000?,%B3216458137333549=2607101725137126?,12/26/28,premium_credit,0
CcS-5757,1176,IT859050798581832007101238,1062721873596810,9135,243,%B1062721873596810^MEPAQZMEPAQZ^3307000000000000000?,%B1062721873596810=2902101603544360?,12/26/28,credit,0
CcS-5758,1177,GB595055498994896289638583,5587179555764496,2894,180,%B5587179555764496^LWBQZJLWBQZJ^3111000000000000000?,%B5587179555764496=2712101955048471?,10/26/28,debit,0
CcS-5759,1178,IT948931664475030443879245,0072021154795745,3897,241,%B0072021154795745^DHUGTODHUGTO^3002000000000000000?,%B0072021154795745=3403101432283890?,02/27/28,debit,0
CcS-5760,1179,CA377992435293345197366916,6105287339745043,3455,792,%B6105287339745043^QXELZOQXELZO^2805000000000000000?,%B6105287339745043=2305101604583705?,05/25/28,debit,1
CcS-5761,1180,DE191476298426304736788456,8564201690885632,3764,629,%B8564201690885632^CGVHXHCGVHXH^2201000000000000000?,%B8564201690885632=2304101356595520?,01/27/28,credit,0
CcS-5762,1181,FR660556155874664626551160,2974115618022721,1821,657,%B2974115618022721^UFTNTYUFTNTY^2711000000000000000?,%B2974115618022721=2505101517758117?,07/29/28,credit,0
CcS-5763,1182,ES852896034664044357947427,8498648805072796,2522,532,%B8498648805072796^VZESVNVZESVN^3404000000000000000?,%B8498648805072796=3403101340638401?,02/26/28,debit,0
CcS-5764,1183,PT892257940025106171091160,4275734782004835,1384,523,%B4275734782004835^QRXALVQRXALV^2908000000000000000?,%B4275734782004835=2605101887066478?,04/28/28,credit,0
CcS-5765,1184,PT246570686583955926077783,5437362668046183,9799,747,%B5437362668046183^YGSMBKYGSMBK^2505000000000000000?,%B5437362668046183=2410101671991859?,04/26/28,debit,0
CcS-5766,1185,NL676157347250352052766764,2344702212847592,5397,220,%B2344702212847592^CPBZITCPBZIT^3402000000000000000?,%B2344702212847592=2304101776474888?,01/26/28,debit,0
CcS-5767,1186,US557795179088595530004600,6809026536431149,4619,919,%B6809026536431149^NNHJGONNHJGO^3107000000000000000?,%B6809026536431149=2307101747078424?,08/25/28,credit,1
CcS-5768,1187,DE545116871649393386638793,9714949689515566,7874,520,%B9714949689515566^ZPCNMJZPCNMJ^2401000000000000000?,%B9714949689515566=2408101512986655?,12/28/28,credit,0
CcS-5769,1188,CA450492011732390046864276,6848383307754409,9982,290,%B6848383307754409^DKVDUUDKVDUU^2408000000000000000?,%B6848383307754409=3204101253519325?,03/29/28,debit,0
CcS-5770,1189,GB342718369676364962966176,7516229778679158,9475,550,%B7516229778679158^IULOMIIULOMI^2705000000000000000?,%B7516229778679158=2706101992541246?,07/26/28,credit,0
CcS-5771,1190,SE258049636844147317346493,2313314239994832,1385,404,%B2313314239994832^DHBMJXDHBMJX^2907000000000000000?,%B2313314239994832=3208101883287961?,01/25/28,debit,1
CcS-5772,1191,ES913931473185294584809301,0443909861727680,3704,853,%B0443909861727680^YWGGCBYWGGCB^3206000000000000000?,%B0443909861727680=2310101147652505?,12/28/28,debit,0
CcS-5773,1192,GB164092500281525661237408,6950187161018900,4496,690,%B6950187161018900^YOHHNVYOHHNV^2408000000000000000?,%B6950187161018900=2609101238804384?,07/26/28,debit,0
CcS-5774,1193,GB905740921546154546460858,6876180254498899,2248,989,%B6876180254498899^AYQJYIAYQJYI^2802000000000000000?,%B6876180254498899=3312101185556520?,10/29/28,debit,0
CcS-5775,1194,DE713904356251939861537707,3901950389952446,3049,636,%B3901950389952446^YISNHMYISNHM^2411000000000000000?,%B3901950389952446=2502101712828170?,09/26/28,debit,0
CcS-5776,1195,US182422078400808223455980,6985594132647865,5445,960,%B6985594132647865^VUUYNWVUUYNW^2611000000000000000?,%B6985594132647865=3006101638938932?,11/29/28,debit,0
CcS-5777,1196,IT245811684677396034965325,8231824254030425,1026,100,%B8231824254030425^IBTSHFIBTSHF^2712000000000000000?,%B8231824254030425=3207101749036677?,10/29/28,credit,0
CcS-5778,1197,DE424231869277044210391491,9772194461302392,5409,556,%B9772194461302392^VOFJHBVOFJHB^2810000000000000000?,%B9772194461302392=2802101405611312?,02/28/28,debit,0
CcS-5779,1198,US199981932071705320906521,7769619685678537,5845,363,%B7769619685678537^KSHYMEKSHYME^3408000000000000000?,%B7769619685678537=2212101485114970?,05/29/28,prepaid,0
CcS-5780,1199,PL137664920053699905601885,2224815332187905,7715,532,%B2224815332187905^BDBHXVBDBHXV^2305000000000000000?,%B2224815332187905=2312101438166651?,04/29/28,debit,0
CcS-5781,1200,PL762315263708224902315930,2085779264497192,5299,781,%B2085779264497192^MQMHGEMQMHGE^3012000000000000000?,%B2085779264497192=3411101135273008?,12/29/28,debit,0
CcS-5782,1201,PL322550195113757326610725,6198087934630585,6499,463,%B6198087934630585^HJOTTAHJOTTA^2807000000000000000?,%B6198087934630585=3305101496711085?,01/29/28,credit,0
CcS-5783,1202,ES176421677218592401899279,4770792688499245,6737,771,%B4770792688499245^SQOSTGSQOSTG^2603000000000000000?,%B4770792688499245=2511101829506192?,07/26/28,debit,0
CcS-5784,1203,IT477113713727105789710662,1710857511024965,8647,838,%B1710857511024965^HBHDUOHBHDUO^2910000000000000000?,%B1710857511024965=3205101362587276?,01/25/28,debit,1
CcS-5785,1204,ES468024279510948980254313,7654501006261012,1284,372,%B7654501006261012^VSVRRWVSVRRW^2407000000000000000?,%B7654501006261012=2205101665615325?,03/29/28,debit,0
CcS-5786,1205,GB511906679507127348696007,7779146109753206,3501,581,%B7779146109753206^GDPMPXGDPMPX^2512000000000000000?,%B7779146109753206=2910101329031623?,06/27/28,premium_credit,0
CcS-5787,1206,GB159138669640476610370164,2730961348442387,6175,980,%B2730961348442387^NPRRMRNPRRMR^3209000000000000000?,%B2730961348442387=2201101104488938?,02/28/28,debit,0
CcS-5788,1207,FR308703485521164904087307,2666835263081608,2173,884,%B2666835263081608^YGNDUHYGNDUH^3308000000000000000?,%B2666835263081608=2610101333721643?,12/25/28,debit,1
CcS-5789,1208,FR401489797816942971344322,3886748946370766,9439,258,%B3886748946370766^NLAFWZNLAFWZ^2208000000000000000?,%B3886748946370766=2301101596858171?,02/26/28,debit,0
CcS-5790,1209,US455039951948228238341789,3126662885892566,1017,313,%B3126662885892566^YQBAKKYQBAKK^3010000000000000000?,%B3126662885892566=3004101780403802?,12/28/28,credit,0
CcS-5791,1210,IT593601948522629296882707,2287905424565309,7066,713,%B2287905424565309^BLWYZDBLWYZD^3307000000000000000?,%B2287905424565309=3406101263153364?,05/29/28,credit,0
CcS-5792,1211,US725871306371717014044611,2373014887093595,2392,487,%B2373014887093595^XPBMDUXPBMDU^2903000000000000000?,%B2373014887093595=2510101903759618?,10/28/28,premium_credit,0
CcS-5793,1212,PT259272936008541165722493,3180400439560474,7311,927,%B3180400439560474^TMQPVXTMQPVX^2803000000000000000?,%B3180400439560474=2409101144770827?,05/25/28,debit,1
CcS-5794,1213,PL225761855180571299604596,8989339666462001,8884,703,%B8989339666462001^RQHQEGRQHQEG^2602000000000000000?,%B8989339666462001=3005101555699994?,01/28/28,credit,0
CcS-5795,1214,ES186260366307313774162584,2230106832706821,2382,951,%B2230106832706821^MIHTMQMIHTMQ^3204000000000000000?,%B2230106832706821=2412101393318404?,10/28/28,credit,0
CcS-5796,1215,DE650308776826548322102751,1010211929584501,8816,896,%B1010211929584501^NTEPAMNTEPAM^2209000000000000000?,%B1010211929584501=2904101881032903?,04/29/28,premium_credit,0
CcS-5797,1216,IT804300389950781560442105,2733584263524827,8875,741,%B2733584263524827^KUTJILKUTJIL^2806000000000000000?,%B2733584263524827=3008101583915176?,04/26/28,credit,0
CcS-5798,1217,PT644422028108473745551998,3589431647813927,7564,184,%B3589431647813927^KYXKHZKYXKHZ^2407000000000000000?,%B3589431647813927=2304101638944897?,07/28/28,credit,0
CcS-5799,1218,ES803789157283464334281637,9813348272033243,2737,906,%B9813348272033243^KYOFEUKYOFEU^3411000000000000000?,%B9813348272033243=2203101600724536?,04/26/28,debit,0
CcS-5800,1219,IT821685651842338415674773,9642527761409683,6649,899,%B9642527761409683^NTEJUONTEJUO^2708000000000000000?,%B9642527761409683=2905101403961921?,12/27/28,credit,0
CcS-5801,1220,GB318303157585647117515758,0054198495222895,9272,123,%B0054198495222895^NWMOUPNWMOUP^2706000000000000000?,%B0054198495222895=3108101596378882?,02/25/28,debit,1
CcS-5802,1221,US448945329421572580217895,4020596047139140,9020,816,%B4020596047139140^RRPRNKRRPRNK^3301000000000000000?,%B4020596047139140=2408101760385438?,09/29/28,debit,0
CcS-5803,1222,GB639616074826705175236891,1216371452684621,4769,912,%B1216371452684621^HPQXJIHPQXJI^2904000000000000000?,%B1216371452684621=3309101661111177?,11/28/28,prepaid,0
CcS-5804,1223,NL293766617129666346725894,5488401402591780,6546,254,%B5488401402591780^YKHFXNYKHFXN^2710000000000000000?,%B5488401402591780=2504101438948854?,12/25/28,credit,1
CcS-5805,1224,GB602640708039380983686155,3914429078462280,5701,569,%B3914429078462280^YXRHYDYXRHYD^2406000000000000000?,%B3914429078462280=3210101358656178?,09/26/28,debit,0
CcS-5806,1225,PT125097813516576909945638,4429299703801106,3164,525,%B4429299703801106^NZNDISNZNDIS^2911000000000000000?,%B4429299703801106=3208101738626795?,01/26/28,debit,0
CcS-5807,1226,PT401029457308273223361710,6958628146312875,4895,226,%B6958628146312875^KSAGFDKSAGFD^2205000000000000000?,%B6958628146312875=2201101703295402?,05/25/28,debit,1
CcS-5808,1227,SE660266716353800447627321,9561367827712514,7356,211,%B9561367827712514^AMRFLXAMRFLX^3405000000000000000?,%B9561367827712514=2510101710934798?,02/28/28,premium_credit,0
CcS-5809,1228,NL986482578307925352614242,4310964114034832,9753,662,%B4310964114034832^LXGVGPLXGVGP^2807000000000000000?,%B4310964114034832=2710101150473661?,09/25/28,debit,1
CcS-5810,1229,CA261779294195132077050802,7346374677501911,8710,809,%B7346374677501911^QQRDZUQQRDZU^3210000000000000000?,%B7346374677501911=2809101307537972?,05/28/28,credit,0
CcS-5811,1230,US773670047025020384296583,5590912236223844,5999,318,%B5590912236223844^OFEQUGOFEQUG^2311000000000000000?,%B5590912236223844=3110101681604217?,06/29/28,debit,0
CcS-5812,1231,FR101918644894875444042582,4722780366906843,9502,250,%B4722780366906843^YSLUDQYSLUDQ^2407000000000000000?,%B4722780366906843=3204101529238774?,06/26/28,premium_credit,0
CcS-5813,1232,GB488939427239610370923322,4411954772571253,5794,762,%B4411954772571253^WLQAVKWLQAVK^3203000000000000000?,%B4411954772571253=2909101439677923?,10/25/28,debit,1
CcS-5814,1233,GB419377506645823891842780,4085097868104612,3573,143,%B4085097868104612^NEPCVWNEPCVW^2806000000000000000?,%B4085097868104612=3004101991684731?,09/27/28,debit,0
CcS-5815,1234,PT238107512401066949521981,8525891555879025,1054,958,%B8525891555879025^OVDTQWOVDTQW^3004000000000000000?,%B8525891555879025=3011101497171398?,02/27/28,prepaid,0
CcS-5816,1235,NL207768270057790088609177,1712706192365524,9039,590,%B1712706192365524^FSAPXQFSAPXQ^3009000000000000000?,%B1712706192365524=3105101715151732?,06/27/28,premium_credit,0
CcS-5817,1236,IT521242905428976194455230,8365195225987633,6123,482,%B8365195225987633^JNAHMWJNAHMW^3302000000000000000?,%B8365195225987633=2609101932316585?,02/29/28,credit,0
CcS-5818,1237,PT533663919371469581367443,8427856259147010,1603,135,%B8427856259147010^IQLWYCIQLWYC^2912000000000000000?,%B8427856259147010=2403101772436581?,06/28/28,debit,0
CcS-5819,1238,IT413286832973923136209752,3225805164314398,2809,767,%B3225805164314398^OXLDHLOXLDHL^2309000000000000000?,%B3225805164314398=3202101146244849?,11/26/28,credit,0
CcS-5820,1239,CA520888553786611913841364,8787850293520263,7203,399,%B8787850293520263^QNQPVRQNQPVR^3109000000000000000?,%B8787850293520263=3210101111524929?,05/27/28,debit,0
CcS-5821,1240,DE684326905715055464715491,4858478542793904,8711,255,%B4858478542793904^MEJNRDMEJNRD^2603000000000000000?,%B4858478542793904=2607101391090416?,09/27/28,debit,0
CcS-5822,1241,NL273543164257991932697739,8101720509241013,2831,594,%B8101720509241013^ETMDORETMDOR^3306000000000000000?,%B8101720509241013=2304101970217178?,11/26/28,prepaid,0
CcS-5823,1242,ES632721888213179015894427,2671230803459852,9206,287,%B2671230803459852^QRNGVCQRNGVC^2305000000000000000?,%B2671230803459852=2208101588959279?,05/27/28,debit,0
CcS-5824,1243,GB911439837048259553625942,2338782587863629,3532,981,%B2338782587863629^NCGGSGNCGGSG^3406000000000000000?,%B2338782587863629=3401101306035014?,07/26/28,credit,0
CcS-5825,1244,ES740704408485661413254016,1255343220071993,8732,624,%B1255343220071993^GCWYWNGCWYWN^2412000000000000000?,%B1255343220071993=2606101611212251?,03/25/28,debit,1
CcS-5826,1245,NL942449914300072891883330,2680466533954681,5622,287,%B2680466533954681^FGPJLYFGPJLY^2804000000000000000?,%B2680466533954681=2902101842554450?,06/27/28,debit,0
CcS-5827,1246,PL333728676813171756583089,9819517796707893,1475,976,%B9819517796707893^DERELKDERELK^3408000000000000000?,%B9819517796707893=2909101591381397?,09/26/28,debit,0
CcS-5828,1247,FR389593128461720787066374,8721665512208656,2499,962,%B8721665512208656^HAYSSDHAYSSD^2602000000000000000?,%B8721665512208656=3404101840702947?,11/27/28,credit,0
CcS-5829,1248,DE254139767666120195107862,6214957211810113,6399,485,%B6214957211810113^BFBZWEBFBZWE^2706000000000000000?,%B6214957211810113=3008101464617000?,10/29/28,debit,0
CcS-5830,1249,FR619221924300098889339629,7655216513491652,2200,271,%B7655216513491652^QPHKVSQPHKVS^2503000000000000000?,%B7655216513491652=2406101968444099?,09/29/28,credit,0
CcS-5831,1250,US930243787879068090914779,5164588403331803,4385,334,%B5164588403331803^UEAWQUUEAWQU^2910000000000000000?,%B5164588403331803=3103101137097443?,07/25/28,credit,1
CcS-5832,1251,CA458827447599038439087280,1074638065512337,5016,541,%B1074638065512337^OIUMFMOIUMFM^2212000000000000000?,%B1074638065512337=2609101640568399?,08/26/28,debit,0
CcS-5833,1252,CA204065839596380028404536,9090316863610066,2912,518,%B9090316863610066^PTFESQPTFESQ^2509000000000000000?,%B9090316863610066=3212101756900478?,02/29/28,debit,0
CcS-5834,1253,ES795691466270323873707915,3186063939814942,3335,793,%B3186063939814942^VXZNSNVXZNSN^3110000000000000000?,%B3186063939814942=3308101665601064?,01/27/28,credit,0
CcS-5835,1254,NL844177467314633388977607,2586599947659819,3154,308,%B2586599947659819^OLLVOQOLLVOQ^2303000000000000000?,%B2586599947659819=3406101931696629?,09/29/28,debit,0
CcS-5836,1255,GB910022907335887099124497,5704812873688979,3709,504,%B5704812873688979^QSILZGQSILZG^3005000000000000000?,%B5704812873688979=3111101216510241?,11/28/28,debit,0
CcS-5837,1256,CA720814247758610707806473,1112721020874216,2227,347,%B1112721020874216^RLJXKTRLJXKT^3302000000000000000?,%B1112721020874216=2408101179154529?,02/29/28,debit,0
CcS-5838,1257,ES616785242984696693323845,1526261393997565,4656,352,%B1526261393997565^RLRYOURLRYOU^3108000000000000000?,%B1526261393997565=3204101989383077?,02/26/28,debit,0
CcS-5839,1258,PL606653977087183951931884,9894740081687123,5716,735,%B9894740081687123^IDOUKLIDOUKL^2411000000000000000?,%B9894740081687123=3404101473199511?,12/25/28,debit,1
CcS-5840,1259,US857231721091130054057422,3866345522259564,6603,889,%B3866345522259564^GYCKOZGYCKOZ^2803000000000000000?,%B3866345522259564=3110101629273132?,10/25/28,debit,1
CcS-5841,1260,SE208600312102698987507789,9133554006791166,9232,706,%B9133554006791166^ULRULFULRULF^3001000000000000000?,%B9133554006791166=3110101184554854?,05/26/28,credit,0
CcS-5842,1261,SE552576727463258382548513,1174881335188012,7843,604,%B1174881335188012^KLNMQGKLNMQG^3201000000000000000?,%B1174881335188012=2402101837465544?,03/28/28,debit,0
CcS-5843,1262,DE208089003510375402692458,0051865228921961,1826,574,%B0051865228921961^XGVGFIXGVGFI^2608000000000000000?,%B0051865228921961=3312101146479397?,02/28/28,credit,0
CcS-5844,1263,US755188683900192137231076,3588173025011006,5661,610,%B3588173025011006^CNVUXTCNVUXT^2404000000000000000?,%B3588173025011006=2902101981465227?,06/26/28,credit,0
CcS-5845,1264,US589260283050901217505082,0864543476680385,3305,896,%B0864543476680385^LKIBAULKIBAU^2701000000000000000?,%B0864543476680385=3111101324641230?,05/29/28,debit,0
CcS-5846,1265,GB965063633399717906653401,6268191153831274,7902,702,%B6268191153831274^TMPQCHTMPQCH^3302000000000000000?,%B6268191153831274=3011101431051659?,12/28/28,credit,0
CcS-5847,1266,US966973060684107371223884,3896086721498953,7972,131,%B3896086721498953^CKADSICKADSI^3107000000000000000?,%B3896086721498953=3010101971936392?,04/29/28,debit,0
CcS-5848,1267,PT708015264970895473840784,6831957459553430,4570,676,%B6831957459553430^BXVSNMBXVSNM^3011000000000000000?,%B6831957459553430=2704101322486801?,01/28/28,credit,0
CcS-5849,1268,DE898412928754918974580348,3168261889966900,3137,676,%B3168261889966900^LHSQDLLHSQDL^3311000000000000000?,%B3168261889966900=2301101805549870?,10/28/28,credit,0
CcS-5850,1269,FR724427673793034979594235,7933055256875281,9507,523,%B7933055256875281^KTCMBZKTCMBZ^3311000000000000000?,%B7933055256875281=2909101704601231?,03/25/28,debit,1
CcS-5851,1270,NL985177531559213742487963,9177417727880739,3914,134,%B9177417727880739^AVFUVBAVFUVB^2202000000000000000?,%B9177417727880739=2302101289136245?,09/27/28,premium_credit,0
CcS-5852,1271,FR226222226435712161498772,8569854731755979,4266,999,%B8569854731755979^LKTKWRLKTKWR^3103000000000000000?,%B8569854731755979=2902101558733510?,04/27/28,debit,0
CcS-5853,1272,DE460163940185648945984344,9734025078057050,2978,357,%B9734025078057050^XSQHDGXSQHDG^2602000000000000000?,%B9734025078057050=2407101948066064?,12/26/28,credit,0
CcS-5854,1273,NL324037365487496862948875,1556944833905781,3735,485,%B1556944833905781^CPBZQCCPBZQC^3008000000000000000?,%B1556944833905781=3107101204854944?,02/29/28,credit,0
CcS-5855,1274,PL870756991674052486758209,8652335988017758,7190,203,%B8652335988017758^HNYWRCHNYWRC^2906000000000000000?,%B8652335988017758=3306101873140596?,06/28/28,credit,0
CcS-5856,1275,DE783756816367167094815125,7286617241154017,2865,204,%B7286617241154017^YFWXZEYFWXZE^2908000000000000000?,%B7286617241154017=2408101663665501?,10/29/28,credit,0
CcS-5857,1276,CA982968140614003667831992,6231920602970807,4907,336,%B6231920602970807^ZMHWKPZMHWKP^2408000000000000000?,%B6231920602970807=3210101563396095?,12/27/28,debit,0
CcS-5858,1277,FR637529713387636077880960,5437890018442431,3280,987,%B5437890018442431^FWUIFSFWUIFS^2406000000000000000?,%B5437890018442431=2406101987368857?,04/26/28,debit,0
CcS-5859,1278,SE821271326735267639897519,2532892083454627,5950,942,%B2532892083454627^TGINGOTGINGO^3310000000000000000?,%B2532892083454627=2612101662246545?,06/28/28,debit,0
CcS-5860,1279,SE608505467093303653167883,5763954404251144,8094,638,%B5763954404251144^WYNVXTWYNVXT^2409000000000000000?,%B5763954404251144=2503101108838529?,09/25/28,credit,1
CcS-5861,1280,NL947254686589307554925065,0656780583556103,8469,277,%B0656780583556103^YPKEZFYPKEZF^3211000000000000000?,%B0656780583556103=2304101113318509?,04/28/28,debit,0
CcS-5862,1281,NL972738846553979240083869,5405757251303534,2400,871,%B5405757251303534^ASXZZRASXZZR^3406000000000000000?,%B5405757251303534=2505101840109384?,12/27/28,credit,0
CcS-5863,1282,ES760671980280395539999044,0165211764189740,3959,245,%B0165211764189740^WJABEUWJABEU^3301000000000000000?,%B0165211764189740=2306101827594041?,06/29/28,credit,0
CcS-5864,1283,GB383222680790875596760933,6532409143641252,5137,189,%B6532409143641252^UUSPREUUSPRE^2804000000000000000?,%B6532409143641252=3303101369627750?,10/29/28,debit,0
CcS-5865,1284,CA608284562340761684540564,7019739121951153,9642,723,%B7019739121951153^BIPNYHBIPNYH^2711000000000000000?,%B7019739121951153=2305101610039405?,05/27/28,premium_credit,0
CcS-5866,1285,FR965699862067047961356627,4528033252344895,8234,710,%B4528033252344895^XGTHCOXGTHCO^2704000000000000000?,%B4528033252344895=2711101188115483?,05/25/28,credit,1
CcS-5867,1286,PL873341857055704258928801,8479666106648884,5993,322,%B8479666106648884^LSDUVFLSDUVF^2812000000000000000?,%B8479666106648884=2302101787616422?,10/25/28,credit,1
CcS-5868,1287,IT606164968822644483556158,7305697607688341,7533,630,%B7305697607688341^KUNTVVKUNTVV^2905000000000000000?,%B7305697607688341=3306101224435309?,01/27/28,debit,0
CcS-5869,1288,IT357074883046898851425490,4538423681227504,3216,626,%B4538423681227504^HUWGVBHUWGVB^3309000000000000000?,%B4538423681227504=3006101656901264?,01/27/28,debit,0
CcS-5870,1289,PL321450620669253386582383,4524484588563501,3992,368,%B4524484588563501^NDQSDUNDQSDU^2706000000000000000?,%B4524484588563501=2601101301900971?,10/28/28,premium_credit,0
CcS-5871,1290,PT228632526062856859155168,8727025032612082,2533,872,%B8727025032612082^SFHYKDSFHYKD^2902000000000000000?,%B8727025032612082=2905101933696928?,10/26/28,credit,0
CcS-5872,1291,US753450780359026774007480,1186944821238867,7344,519,%B1186944821238867^DQLLESDQLLES^2401000000000000000?,%B1186944821238867=2312101697232499?,10/25/28,credit,1
CcS-5873,1292,CA936376467221333169290148,5196739807560936,9056,853,%B5196739807560936^IWXPNGIWXPNG^2905000000000000000?,%B5196739807560936=2502101470588636?,04/26/28,credit,0
CcS-5874,1293,US118172723793885088687886,0936580771276349,2345,311,%B0936580771276349^DNTMIZDNTMIZ^3106000000000000000?,%B0936580771276349=3408101188116446?,03/28/28,debit,0
CcS-5875,1294,SE270556131321129363632727,4180935731071496,7868,136,%B4180935731071496^SJDIKFSJDIKF^3112000000000000000?,%B4180935731071496=2412101513890384?,05/26/28,debit,0
CcS-5876,1295,IT562325897319034123271850,5143582106335903,5761,848,%B5143582106335903^FJNRVDFJNRVD^2402000000000000000?,%B5143582106335903=2811101868171152?,11/27/28,debit,0
CcS-5877,1296,FR605351057472502342746470,5403686484159258,6821,281,%B5403686484159258^ZRCRZDZRCRZD^3212000000000000000?,%B5403686484159258=3008101707586014?,11/28/28,debit,0
CcS-5878,1297,US659258540105245421119332,5151283707832360,1399,231,%B5151283707832360^DTSMQXDTSMQX^3103000000000000000?,%B5151283707832360=2506101174767538?,07/29/28,prepaid,0
CcS-5879,1298,CA787217516963728428112892,5442308191455282,8264,405,%B5442308191455282^UINYIQUINYIQ^3106000000000000000?,%B5442308191455282=2506101667715212?,12/25/28,debit,1
CcS-5880,1299,DE549550187144538438112939,7749820862723974,6038,952,%B7749820862723974^JPBRHOJPBRHO^2204000000000000000?,%B7749820862723974=2302101499366391?,08/28/28,prepaid,0
CcS-5881,1300,IT502754337544526045118120,0265610830378320,5783,627,%B0265610830378320^OVTEEWOVTEEW^2201000000000000000?,%B0265610830378320=2203101397184798?,02/26/28,debit,0
CcS-5882,1301,CA886177236441534417016610,2534497741989509,8022,619,%B2534497741989509^NUDNTXNUDNTX^2608000000000000000?,%B2534497741989509=3109101489281485?,02/25/28,debit,1
CcS-5883,1302,IT950059615387714127434796,8729837499577253,4937,410,%B8729837499577253^EZAXVZEZAXVZ^2511000000000000000?,%B8729837499577253=3310101218026232?,01/25/28,prepaid,1
CcS-5884,1303,GB884988828845699954037752,4994514957716062,3095,202,%B4994514957716062^HPCGNAHPCGNA^2402000000000000000?,%B4994514957716062=2412101831018745?,10/27/28,debit,0
CcS-5885,1304,GB146825071453821240930821,2121208324204563,5600,521,%B2121208324204563^IVAODNIVAODN^3112000000000000000?,%B2121208324204563=2609101143691401?,05/25/28,debit,1
CcS-5886,1305,US566807769361544707395507,4130578421202457,9367,848,%B4130578421202457^YIXFQIYIXFQI^3310000000000000000?,%B4130578421202457=3404101242078630?,09/25/28,debit,1
CcS-5887,1306,DE858630895504306321749849,9864262462997281,6605,412,%B9864262462997281^XMQGNPXMQGNP^2911000000000000000?,%B9864262462997281=2409101605354611?,09/28/28,credit,0
CcS-5888,1307,NL929447547042423819037489,2260192290640340,1676,640,%B2260192290640340^TKKORPTKKORP^2207000000000000000?,%B2260192290640340=2303101661095887?,07/26/28,credit,0
CcS-5889,1308,IT420188949389127014698239,0129407552180906,1280,600,%B0129407552180906^LEIZMPLEIZMP^2211000000000000000?,%B0129407552180906=2902101559273609?,12/25/28,debit,1
CcS-5890,1309,CA960387376591236773874218,3186883379248940,9320,545,%B3186883379248940^RTRTZGRTRTZG^2806000000000000000?,%B3186883379248940=3403101500670897?,05/27/28,debit,0
CcS-5891,1310,NL236060187883496581711235,3655958442699170,5743,382,%B3655958442699170^FJIFHBFJIFHB^3210000000000000000?,%B3655958442699170=3109101847786894?,03/25/28,debit,1
CcS-5892,1311,SE911574075167105576799414,4645086729176506,4074,697,%B4645086729176506^BZSTBUBZSTBU^2905000000000000000?,%B4645086729176506=2302101334879499?,07/26/28,debit,0
CcS-5893,1312,US310894088998599161339659,5713043804637964,7926,968,%B5713043804637964^MECGNDMECGND^3203000000000000000?,%B5713043804637964=2306101743965414?,01/29/28,prepaid,0
CcS-5894,1313,GB113266363829148208415282,4502977547302032,2534,767,%B4502977547302032^XKTBNHXKTBNH^3109000000000000000?,%B4502977547302032=3402101124763003?,11/26/28,credit,0
CcS-5895,1314,GB592888161047265062391045,7128428086847332,6529,282,%B7128428086847332^UGDAQVUGDAQV^2311000000000000000?,%B7128428086847332=3310101573190614?,08/25/28,debit,1
CcS-5896,1315,DE925577563455283735015260,2969540102650094,1842,100,%B2969540102650094^TLSGOHTLSGOH^3405000000000000000?,%B2969540102650094=2303101687091275?,07/27/28,credit,0
CcS-5897,1316,GB530376643951063658952689,9827315235650675,2027,923,%B9827315235650675^UDPQMVUDPQMV^3109000000000000000?,%B9827315235650675=2703101236194982?,11/29/28,debit,0
CcS-5898,1317,IT955673430561519402331758,9418699078194053,5741,249,%B9418699078194053^QWIQFXQWIQFX^2308000000000000000?,%B9418699078194053=3305101891561461?,01/26/28,credit,0
CcS-5899,1318,NL761825916080800707231569,5364241332451492,1047,115,%B5364241332451492^CCOYQVCCOYQV^2410000000000000000?,%B5364241332451492=3009101205980821?,03/25/28,debit,1
CcS-5900,1319,ES422634822883008549221685,7475079585549955,2825,940,%B7475079585549955^VMOPRAVMOPRA^2707000000000000000?,%B7475079585549955=3004101282132922?,09/28/28,debit,0
CcS-5901,1320,PT947792045981061123605622,8747838204154515,8108,638,%B8747838204154515^GJJIAZGJJIAZ^2610000000000000000?,%B8747838204154515=2502101253137897?,08/29/28,credit,0
CcS-5902,1321,CA332672025082266564791483,1254352756231423,9170,666,%B1254352756231423^WFOILAWFOILA^3406000000000000000?,%B1254352756231423=2308101307616430?,02/25/28,debit,1
CcS-5903,1322,ES277865559823284977896242,3486844731393095,9514,728,%B3486844731393095^LZFQOULZFQOU^2401000000000000000?,%B3486844731393095=2701101115131927?,09/29/28,credit,0
CcS-5904,1323,NL239887608915945779161078,6755972369119396,3439,505,%B6755972369119396^DFWXYRDFWXYR^2211000000000000000?,%B6755972369119396=3402101795670991?,12/27/28,debit,0
CcS-5905,1324,FR156363846740326551574816,2602624440710358,1485,527,%B2602624440710358^DIPDYHDIPDYH^2608000000000000000?,%B2602624440710358=2210101169260562?,09/27/28,debit,0
CcS-5906,1325,IT215398577341351196942262,8425335692146359,3524,882,%B8425335692146359^ISJTXEISJTXE^3411000000000000000?,%B8425335692146359=2203101154440761?,12/28/28,debit,0
CcS-5907,1326,CA331230332982168540287870,0011263199068318,9376,563,%B0011263199068318^YKJGXBYKJGXB^2201000000000000000?,%B0011263199068318=3005101420314761?,07/27/28,debit,0
CcS-5908,1327,CA565107636116256693206804,2504252951793173,3636,404,%B2504252951793173^EZHVIUEZHVIU^2812000000000000000?,%B2504252951793173=3209101135561190?,08/25/28,debit,1
CcS-5909,1328,DE441667253230666108144706,2790422375408294,3135,229,%B2790422375408294^UQXXIEUQXXIE^3310000000000000000?,%B2790422375408294=2510101115365360?,11/25/28,debit,1
CcS-5910,1329,GB353802236495241322377041,2086072487346015,4422,355,%B2086072487346015^NMKUQANMKUQA^2805000000000000000?,%B2086072487346015=2704101204789702?,10/26/28,credit,0
CcS-5911,1330,PL239988711149866229207168,0635210130460185,1434,685,%B0635210130460185^QNFLJUQNFLJU^2910000000000000000?,%B0635210130460185=2502101462956414?,06/25/28,debit,1
CcS-5912,1331,FR560494082164338809674677,1265449652336486,7159,462,%B1265449652336486^XEULEWXEULEW^3105000000000000000?,%B1265449652336486=3301101418726687?,10/27/28,prepaid,0
CcS-5913,1332,FR341509522634595120273136,0144973288030573,2123,408,%B0144973288030573^WMNWUUWMNWUU^2905000000000000000?,%B0144973288030573=2910101139011403?,07/26/28,debit,0
CcS-5914,1333,CA294498621827347491560985,0534881063953951,4106,129,%B0534881063953951^IYCBBFIYCBBF^3012000000000000000?,%B0534881063953951=2508101616746130?,08/26/28,credit,0
CcS-5915,1334,IT425814545281149215563729,9126597586551320,3248,291,%B9126597586551320^MEKUCMMEKUCM^2311000000000000000?,%B9126597586551320=3208101134910662?,09/29/28,debit,0
CcS-5916,1335,DE882122603296079677808026,4917799184351838,9488,319,%B4917799184351838^PYABJHPYABJH^3403000000000000000?,%B4917799184351838=3311101816559362?,03/29/28,credit,0
CcS-5917,1336,FR164026118539866721012472,1505418523108548,4605,575,%B1505418523108548^WYODYAWYODYA^2805000000000000000?,%B1505418523108548=2908101762980653?,01/28/28,credit,0
CcS-5918,1337,CA354479496977237406219408,8947879601612117,5141,930,%B8947879601612117^POOKYJPOOKYJ^2308000000000000000?,%B8947879601612117=3008101177389856?,05/26/28,debit,0
CcS-5919,1338,SE594568432499247137475049,1717182032794858,5502,179,%B1717182032794858^ZCYDQHZCYDQH^2511000000000000000?,%B1717182032794858=2201101315148733?,11/28/28,debit,0
CcS-5920,1339,FR369310497791569045682792,1692913731541359,4146,749,%B1692913731541359^LLYJASLLYJAS^2707000000000000000?,%B1692913731541359=2503101775778174?,07/26/28,credit,0
CcS-5921,1340,DE868482625717036059568623,9771971738655420,9730,367,%B9771971738655420^BLKKLHBLKKLH^2612000000000000000?,%B9771971738655420=2303101165069433?,02/25/28,debit,1
CcS-5922,1341,GB374625234550723745074061,5545763546535884,9547,244,%B5545763546535884^QTEWATQTEWAT^2906000000000000000?,%B5545763546535884=3211101785190610?,03/25/28,credit,1
CcS-5923,1342,PL392585052338764932087010,7975775014569158,4647,164,%B7975775014569158^XSBQZYXSBQZY^3103000000000000000?,%B7975775014569158=2609101871532615?,04/28/28,debit,0
CcS-5924,1343,GB572177510505916911535792,2432390300877189,6225,861,%B2432390300877189^QMXGVHQMXGVH^3308000000000000000?,%B2432390300877189=2311101120778520?,12/29/28,credit,0
CcS-5925,1344,IT459868721259309985020831,5124720693362147,2323,548,%B5124720693362147^SCSVQRSCSVQR^2710000000000000000?,%B5124720693362147=2708101254150089?,06/28/28,debit,0
CcS-5926,1345,SE695568838706693699444564,6325156202397163,5579,588,%B6325156202397163^FWYTRWFWYTRW^3001000000000000000?,%B6325156202397163=3001101810710787?,12/26/28,credit,0
CcS-5927,1346,NL566923361439809253252608,2177995536709730,5822,535,%B2177995536709730^TUKGBDTUKGBD^3211000000000000000?,%B2177995536709730=2702101327822246?,02/27/28,credit,0
CcS-5928,1347,CA901355773586771626108990,0922603305164131,8267,522,%B0922603305164131^EZBIMTEZBIMT^2910000000000000000?,%B0922603305164131=2707101316170998?,03/26/28,premium_credit,0
CcS-5929,1348,PT412066716894928021129658,3657040814495587,6603,703,%B3657040814495587^ZUSVTVZUSVTV^2810000000000000000?,%B3657040814495587=2701101179343760?,07/26/28,credit,0
CcS-5930,1349,PT819248278655546662588381,8333651765817173,3142,805,%B8333651765817173^HNNOYGHNNOYG^2804000000000000000?,%B8333651765817173=2711101715657198?,11/26/28,debit,0
CcS-5931,1350,IT525185732300704982914190,5852691435199636,3456,969,%B5852691435199636^KAHPYEKAHPYE^2308000000000000000?,%B5852691435199636=2511101810948490?,02/27/28,credit,0
CcS-5932,1351,NL939803418887509473750020,4765947947125690,7145,662,%B4765947947125690^SUDNSKSUDNSK^2501000000000000000?,%B4765947947125690=2707101773009429?,04/28/28,debit,0
CcS-5933,1352,SE468640405760789105362276,2403634652110311,9206,688,%B2403634652110311^WZTWJTWZTWJT^2411000000000000000?,%B2403634652110311=3305101934809958?,09/29/28,debit,0
CcS-5934,1353,PL222804351384718661789422,9555609150387698,5882,938,%B9555609150387698^DSJMAXDSJMAX^3005000000000000000?,%B9555609150387698=2809101623641480?,01/27/28,credit,0
CcS-5935,1354,CA660985829296637100157257,0082023166385385,6048,210,%B0082023166385385^JROPFIJROPFI^2410000000000000000?,%B0082023166385385=3403101877877470?,08/29/28,premium_credit,0
CcS-5936,1355,SE756326065221046659567406,8661281269220817,7296,358,%B8661281269220817^ZXAEIPZXAEIP^2909000000000000000?,%B8661281269220817=3104101197426966?,10/26/28,premium_credit,0
CcS-5937,1356,ES944668459509696335295397,1415436789249902,8399,506,%B1415436789249902^CYYDLKCYYDLK^3409000000000000000?,%B1415436789249902=2802101326308961?,07/28/28,debit,0
CcS-5938,1357,IT718309664402064368585985,4086839039550121,5130,989,%B4086839039550121^ILQVLVILQVLV^2204000000000000000?,%B4086839039550121=3403101856371701?,01/25/28,credit,1
CcS-5939,1358,GB782449761169935893680918,6064059564122157,2277,430,%B6064059564122157^DGCPIDDGCPID^2407000000000000000?,%B6064059564122157=3404101392752055?,02/28/28,debit,0
CcS-5940,1359,CA224087292261836747391259,3313731793863360,9837,780,%B3313731793863360^UKBDPGUKBDPG^2211000000000000000?,%B3313731793863360=3308101485219240?,05/29/28,prepaid,0
CcS-5941,1360,FR836377622165613016492123,0462266495508695,3192,485,%B0462266495508695^GNXPPAGNXPPA^2211000000000000000?,%B0462266495508695=3006101128881041?,09/28/28,credit,0
CcS-5942,1361,NL367812365596078103152876,5426731023117996,6112,314,%B5426731023117996^FDCWZXFDCWZX^2705000000000000000?,%B5426731023117996=3005101199581827?,12/27/28,debit,0
CcS-5943,1362,NL914734221419390101305021,1602915284692485,1466,841,%B1602915284692485^OMNIIYOMNIIY^3405000000000000000?,%B1602915284692485=2201101647195427?,05/25/28,debit,1
CcS-5944,1363,DE562592948275718023531225,1408433969434807,8342,367,%B1408433969434807^XQJYJBXQJYJB^2801000000000000000?,%B1408433969434807=2704101849830814?,05/28/28,debit,0
CcS-5945,1364,PT394338673208813301750665,7984612873871175,1155,655,%B7984612873871175^JUGMWHJUGMWH^3208000000000000000?,%B7984612873871175=2312101736356159?,03/27/28,debit,0
CcS-5946,1365,CA144137745899914825332907,8855057842507362,1436,479,%B8855057842507362^RDBJZXRDBJZX^2809000000000000000?,%B8855057842507362=3410101882124408?,07/28/28,debit,0
CcS-5947,1366,NL700033560912835111485858,3025807356061436,8762,732,%B3025807356061436^GANBYNGANBYN^2812000000000000000?,%B3025807356061436=2612101214239176?,04/28/28,premium_credit,0
CcS-5948,1367,CA700538505226188685891455,9424561772984166,4912,271,%B9424561772984166^MNGDKWMNGDKW^2605000000000000000?,%B9424561772984166=2805101950190429?,05/28/28,debit,0
CcS-5949,1368,PT395790716375499432226771,2235520589285119,8799,256,%B2235520589285119^WOFXLAWOFXLA^2609000000000000000?,%B2235520589285119=3207101169285148?,08/27/28,credit,0
CcS-5950,1369,PL981525399524728867806925,9984690799565899,6547,630,%B9984690799565899^CGHDHECGHDHE^3002000000000000000?,%B9984690799565899=2505101653312034?,06/27/28,debit,0
CcS-5951,1370,PL529713495633488044672015,6002963786561406,4123,780,%B6002963786561406^AZDBOFAZDBOF^3212000000000000000?,%B6002963786561406=2702101356871112?,10/29/28,prepaid,0
CcS-5952,1371,IT214486562627998267256356,4340373009952912,9897,695,%B4340373009952912^GBZQYVGBZQYV^3201000000000000000?,%B4340373009952912=2207101869036211?,09/26/28,debit,0
CcS-5953,1372,ES700108662414792371021913,6654285510834722,5906,903,%B6654285510834722^LTJCXRLTJCXR^2711000000000000000?,%B6654285510834722=3411101948208758?,05/26/28,credit,0
CcS-5954,1373,CA189943741363518302698531,0726724355340346,9550,841,%B0726724355340346^MVZAGPMVZAGP^3005000000000000000?,%B0726724355340346=2912101808298205?,12/29/28,debit,0
CcS-5955,1374,GB367611788704695095323758,0293930910499373,3681,703,%B0293930910499373^IHGQTJIHGQTJ^2702000000000000000?,%B0293930910499373=2609101343231577?,02/29/28,credit,0
CcS-5956,1375,FR813596137845966219787713,8841438750413065,3646,502,%B8841438750413065^KTIDJMKTIDJM^3403000000000000000?,%B8841438750413065=3008101731206189?,05/26/28,credit,0
CcS-5957,1376,PT185776698101289644510020,4997575472705434,8639,741,%B4997575472705434^ZLIMFKZLIMFK^2304000000000000000?,%B4997575472705434=3408101323695827?,03/26/28,credit,0
CcS-5958,1377,ES424840663206490022177545,1042157457813140,2938,483,%B1042157457813140^BKNBMLBKNBML^2210000000000000000?,%B1042157457813140=3105101832991003?,02/26/28,credit,0
CcS-5959,1378,NL680723696147841345505904,0328001836647755,2259,662,%B0328001836647755^VDMWZJVDMWZJ^2310000000000000000?,%B0328001836647755=3207101943448945?,01/28/28,credit,0
CcS-5960,1379,CA196741269302918089455588,4104954089531908,5827,266,%B4104954089531908^ZMAXNZZMAXNZ^3412000000000000000?,%B4104954089531908=2304101736585809?,07/25/28,debit,1
CcS-5961,1380,ES982648795491223265711046,9013911957380291,4933,215,%B9013911957380291^AILRYZAILRYZ^2804000000000000000?,%B9013911957380291=3209101426376830?,05/26/28,credit,0
CcS-5962,1381,PL560272692195194445294734,0003855019334702,3883,677,%B0003855019334702^ZBRYUFZBRYUF^3103000000000000000?,%B0003855019334702=2811101675615429?,04/28/28,debit,0
CcS-5963,1382,CA187199668010037978163233,9380460490023486,6823,252,%B9380460490023486^VBEHQUVBEHQU^2308000000000000000?,%B9380460490023486=2807101716088179?,01/29/28,debit,0
CcS-5964,1383,NL529129640075328837376565,8205745317170957,9455,478,%B8205745317170957^NXQYGMNXQYGM^3411000000000000000?,%B8205745317170957=3109101182655093?,08/27/28,credit,0
CcS-5965,1384,PT485634818490642206173348,2621891377128645,6308,517,%B2621891377128645^ZDWCUAZDWCUA^3012000000000000000?,%B2621891377128645=3308101418304137?,10/27/28,credit,0
CcS-5966,1385,NL188077656933433852297235,9371764626425585,2931,384,%B9371764626425585^HEBBQHHEBBQH^2811000000000000000?,%B9371764626425585=2909101998426066?,06/26/28,credit,0
CcS-5967,1386,ES412534424468484357349090,1366817080858395,6198,958,%B1366817080858395^YBKVPMYBKVPM^3009000000000000000?,%B1366817080858395=3010101249359115?,09/25/28,debit,1
CcS-5968,1387,NL857648025051949103182839,9292761266651447,2476,708,%B9292761266651447^DAQBJIDAQBJI^2707000000000000000?,%B9292761266651447=2201101159188037?,11/27/28,debit,0
CcS-5969,1388,ES255758424320732305279488,3039944521547263,6697,749,%B3039944521547263^ZKHUJPZKHUJP^3005000000000000000?,%B3039944521547263=2910101460240160?,09/25/28,debit,1
CcS-5970,1389,ES181466926636721860998416,2218897742472770,1727,100,%B2218897742472770^XKLDNLXKLDNL^2307000000000000000?,%B2218897742472770=2407101312803690?,02/29/28,debit,0
CcS-5971,1390,DE513813436583805680015251,7401445490446446,1949,430,%B7401445490446446^MXETNSMXETNS^3304000000000000000?,%B7401445490446446=3012101886948896?,06/28/28,premium_credit,0
CcS-5972,1391,GB955149578463940215892115,2959121082963470,1238,972,%B2959121082963470^PSMNAZPSMNAZ^2901000000000000000?,%B2959121082963470=3112101232002922?,09/26/28,credit,0
CcS-5973,1392,DE526609912437358174952710,7762208472937032,1541,633,%B7762208472937032^ISCTRDISCTRD^2606000000000000000?,%B7762208472937032=3309101456319242?,11/29/28,prepaid,0
CcS-5974,1393,ES227141381394994499174577,0771284686391317,9383,373,%B0771284686391317^BFUNTZBFUNTZ^3103000000000000000?,%B0771284686391317=3008101982639620?,03/29/28,credit,0
CcS-5975,1394,GB489679695447010968683699,3911576272612877,7282,151,%B3911576272612877^LFVWXKLFVWXK^2403000000000000000?,%B3911576272612877=2510101121968060?,12/29/28,debit,0
CcS-5976,1395,ES391171000546241883197343,7438129265037215,8451,725,%B7438129265037215^BULERXBULERX^2802000000000000000?,%B7438129265037215=3308101603057162?,03/29/28,debit,0
CcS-5977,1396,PT395070480966438408487965,9134553353835507,3788,849,%B9134553353835507^LXQADTLXQADT^3312000000000000000?,%B9134553353835507=3107101419193758?,03/27/28,debit,0
CcS-5978,1397,SE324065606671007681375191,5556067165663311,7996,171,%B5556067165663311^MZCXQIMZCXQI^2411000000000000000?,%B5556067165663311=3306101165454581?,09/29/28,debit,0
CcS-5979,1398,SE971273510574091218912827,2245044047850360,5696,358,%B2245044047850360^LPHREKLPHREK^2903000000000000000?,%B2245044047850360=2306101601768644?,02/27/28,credit,0
CcS-5980,1399,IT302992723460726928942234,2142992524251167,3454,703,%B2142992524251167^NWHQIJNWHQIJ^2812000000000000000?,%B2142992524251167=3109101362426098?,08/29/28,debit,0
CcS-5981,1400,US635414626050659084607781,7165855289535799,2321,147,%B7165855289535799^MAEIIYMAEIIY^3105000000000000000?,%B7165855289535799=2610101526317934?,05/25/28,credit,1
CcS-5982,1401,CA675401269819003832978413,5480766217462067,5261,470,%B5480766217462067^GVEWTJGVEWTJ^3405000000000000000?,%B5480766217462067=3204101676408979?,08/26/28,credit,0
CcS-5983,1402,NL778464212111174840729915,1968492026289804,7815,174,%B1968492026289804^BFZPUPBFZPUP^3012000000000000000?,%B1968492026289804=2608101759627673?,11/28/28,credit,0
CcS-5984,1403,DE928972806616685998273062,8511848170939617,6185,372,%B8511848170939617^AOBOMMAOBOMM^2301000000000000000?,%B8511848170939617=2406101827693353?,07/26/28,debit,0
CcS-5985,1404,GB220969728199845145437101,2614650862897841,4465,487,%B2614650862897841^SGYOUISGYOUI^2506000000000000000?,%B2614650862897841=2206101199491817?,10/28/28,credit,0
CcS-5986,1405,CA470804788755812576748591,3142934717243479,6141,241,%B3142934717243479^FTHIDHFTHIDH^2609000000000000000?,%B3142934717243479=2507101410962257?,03/29/28,credit,0
CcS-5987,1406,DE964409498772889658525116,3188822920187677,3429,585,%B3188822920187677^QWLTRAQWLTRA^2509000000000000000?,%B3188822920187677=3206101849973829?,01/26/28,prepaid,0
CcS-5988,1407,FR227860339238016860650015,0581833984942481,7898,845,%B0581833984942481^FPCSEWFPCSEW^3101000000000000000?,%B0581833984942481=2907101683603791?,12/26/28,premium_credit,0
CcS-5989,1408,CA885801775571105551620082,4061249701366242,4828,994,%B4061249701366242^ASTJSNASTJSN^3101000000000000000?,%B4061249701366242=2507101374200787?,04/29/28,debit,0
CcS-5990,1409,DE541131496180164037418009,9813214928694492,5029,445,%B9813214928694492^RQJZFRRQJZFR^2710000000000000000?,%B9813214928694492=3311101961659267?,11/26/28,debit,0
CcS-5991,1410,FR168545588430566057206341,0066369645839833,2709,792,%B0066369645839833^QJCMBCQJCMBC^2408000000000000000?,%B0066369645839833=3403101132549712?,01/25/28,debit,1
CcS-5992,1411,DE243766649296765854593534,9468556638657216,7342,262,%B9468556638657216^UEXANSUEXANS^2204000000000000000?,%B9468556638657216=3305101874656865?,12/26/28,debit,0
CcS-5993,1412,PL540550694749413399720685,4629917595484187,8546,975,%B4629917595484187^OEODHTOEODHT^2405000000000000000?,%B4629917595484187=3202101767401657?,11/27/28,debit,0
CcS-5994,1413,PL971057000946300924488878,0909861475928453,6286,682,%B0909861475928453^YSWJFUYSWJFU^2907000000000000000?,%B0909861475928453=2406101926444973?,09/26/28,debit,0
CcS-5995,1414,PL167774923868672735016594,5121298992364495,6550,997,%B5121298992364495^UGCWBSUGCWBS^3209000000000000000?,%B5121298992364495=2812101834185219?,03/26/28,debit,0
CcS-5996,1415,PL333475549403815184894816,0805357565873929,1321,632,%B0805357565873929^YKWJAUYKWJAU^3211000000000000000?,%B0805357565873929=2407101630312985?,09/26/28,debit,0
CcS-5997,1416,GB321948400107174031548249,9632208489873615,2439,135,%B9632208489873615^LFYAIOLFYAIO^2912000000000000000?,%B9632208489873615=3310101551093373?,11/28/28,debit,0
CcS-5998,1417,DE503012966082212593170971,1826646932568182,6648,942,%B1826646932568182^WEKNGUWEKNGU^2709000000000000000?,%B1826646932568182=2810101722043065?,01/29/28,debit,0
CcS-5999,1418,NL673629239297842625365635,8897297575953586,2687,663,%B8897297575953586^PFKVCRPFKVCR^2208000000000000000?,%B8897297575953586=3408101686573474?,09/29/28,debit,0
CcS-6000,1419,IT697982492412674232283527,3197036270348211,5003,272,%B3197036270348211^IARENTIARENT^3210000000000000000?,%B3197036270348211=2901101499581244?,02/25/28,debit,1
CcS-6001,1420,NL103718122427960517976707,9005528762115396,1363,876,%B9005528762115396^HCGXJBHCGXJB^3308000000000000000?,%B9005528762115396=2311101952718608?,07/29/28,debit,0
CcS-6002,1421,SE722128142869211481172255,7295903501983448,9219,141,%B7295903501983448^OHSEWROHSEWR^2402000000000000000?,%B7295903501983448=3002101785467620?,11/28/28,debit,0
CcS-6003,1422,SE383830772866429422038555,9928052576960541,9380,187,%B9928052576960541^JBFBKIJBFBKI^3403000000000000000?,%B9928052576960541=3310101395439095?,06/26/28,premium_credit,0
CcS-6004,1423,CA374929139869821859339956,4915658409686858,3048,662,%B4915658409686858^FGIZPZFGIZPZ^3408000000000000000?,%B4915658409686858=3404101782963116?,06/27/28,credit,0
CcS-6005,1424,PL844790037754991441794400,7287310707915383,1503,682,%B7287310707915383^XUVGBVXUVGBV^2507000000000000000?,%B7287310707915383=2602101693152526?,04/26/28,debit,0
CcS-6006,1425,SE237917545323877045899500,7547255083228583,4398,774,%B7547255083228583^JDYNHJJDYNHJ^2508000000000000000?,%B7547255083228583=2507101858383966?,11/29/28,credit,0
CcS-6007,1426,PL782640785181593532740723,1026069060116081,7127,411,%B1026069060116081^KLAXHGKLAXHG^2612000000000000000?,%B1026069060116081=2209101320523907?,06/26/28,debit,0
CcS-6008,1427,US607527452738408742867253,0436637999319823,1151,811,%B0436637999319823^VUKCVNVUKCVN^2606000000000000000?,%B0436637999319823=2509101496433365?,09/29/28,debit,0
CcS-6009,1428,SE934741673279169746874325,1300767894924305,5839,947,%B1300767894924305^PZJFBLPZJFBL^2510000000000000000?,%B1300767894924305=3306101396971929?,10/25/28,premium_credit,1
CcS-6010,1429,NL966940450256668126509613,2971892724436884,7136,165,%B2971892724436884^HUHPOKHUHPOK^2405000000000000000?,%B2971892724436884=3109101387546339?,04/26/28,prepaid,0
CcS-6011,1430,PT718425381948964713567386,3300445934097147,5456,497,%B3300445934097147^BCOTFQBCOTFQ^2412000000000000000?,%B3300445934097147=3212101451282957?,08/29/28,credit,0
CcS-6012,1431,PT284286242268433279021650,2646703891132752,7429,905,%B2646703891132752^SDREEISDREEI^3302000000000000000?,%B2646703891132752=2211101517728533?,03/29/28,debit,0
CcS-6013,1432,PT119623638510726328555253,9148893030532167,7491,491,%B9148893030532167^PPYHTRPPYHTR^3401000000000000000?,%B9148893030532167=2902101639347625?,11/28/28,credit,0
CcS-6014,1433,IT673064857856551459435577,8501302506011968,4998,414,%B8501302506011968^QBWUJKQBWUJK^2304000000000000000?,%B8501302506011968=3305101396172004?,07/28/28,debit,0
CcS-6015,1434,FR931096722675716456860437,1882528041529221,5769,279,%B1882528041529221^AMQYKEAMQYKE^2301000000000000000?,%B1882528041529221=3009101130451468?,07/27/28,debit,0
CcS-6016,1435,US282572490997671631846393,7726663024236062,9344,177,%B7726663024236062^EEMKYTEEMKYT^2710000000000000000?,%B7726663024236062=3011101795674735?,08/29/28,debit,0
CcS-6017,1436,FR731804136402980934922053,9651373755668425,2624,220,%B9651373755668425^YJSXFGYJSXFG^3011000000000000000?,%B9651373755668425=2604101892533573?,05/29/28,credit,0
CcS-6018,1437,NL382628721232891760558976,4621347661064170,8283,351,%B4621347661064170^WUWUBDWUWUBD^2702000000000000000?,%B4621347661064170=2711101810422212?,08/25/28,debit,1
CcS-6019,1438,ES544194095100034405234339,2607975332495951,5955,853,%B2607975332495951^HVKAIFHVKAIF^3212000000000000000?,%B2607975332495951=2409101289906705?,11/28/28,debit,0
CcS-6020,1439,US611190970709287137860708,1847540017990264,6314,899,%B1847540017990264^AWNSHLAWNSHL^3111000000000000000?,%B1847540017990264=2901101402739398?,04/25/28,premium_credit,1
CcS-6021,1440,US913351337179188594677224,3329292743979359,9060,581,%B3329292743979359^IJKMPWIJKMPW^3102000000000000000?,%B3329292743979359=3311101603060581?,04/25/28,credit,1
CcS-6022,1441,IT106602782555455957526583,5675656678897147,2999,764,%B5675656678897147^FCQJRDFCQJRD^2511000000000000000?,%B5675656678897147=3004101990000946?,10/26/28,debit,0
CcS-6023,1442,SE847127879027063637599708,9236497276688557,2522,809,%B9236497276688557^DZQHBPDZQHBP^2409000000000000000?,%B9236497276688557=3112101469154501?,09/29/28,credit,0
CcS-6024,1443,IT408585532213862780088623,7269917038978054,2626,747,%B7269917038978054^IAVUCBIAVUCB^2208000000000000000?,%B7269917038978054=3211101748961783?,06/29/28,credit,0
CcS-6025,1444,GB147705540239641205731393,8921697598623109,9043,182,%B8921697598623109^FCUMJLFCUMJL^3404000000000000000?,%B8921697598623109=2710101661103075?,08/27/28,debit,0
CcS-6026,1445,ES966869346582793804345072,2750860456611932,6689,889,%B2750860456611932^TRVJXCTRVJXC^2512000000000000000?,%B2750860456611932=3306101575404663?,04/29/28,credit,0
CcS-6027,1446,US146739397339223121521874,1817654463350082,1745,924,%B1817654463350082^OHLVXKOHLVXK^2206000000000000000?,%B1817654463350082=3003101197231022?,07/26/28,debit,0
CcS-6028,1447,US623298364677954174757088,6548126689406137,7072,815,%B6548126689406137^DTWEIKDTWEIK^2703000000000000000?,%B6548126689406137=2302101787338926?,10/27/28,credit,0
CcS-6029,1448,CA187626048128275649699245,5216328959921959,7668,237,%B5216328959921959^UKNUTSUKNUTS^3301000000000000000?,%B5216328959921959=2211101277447204?,12/27/28,premium_credit,0
CcS-6030,1449,GB497795740358359489521259,0626560882465431,8288,636,%B0626560882465431^XMMPIWXMMPIW^3010000000000000000?,%B0626560882465431=2909101896910530?,03/27/28,debit,0
CcS-6031,1450,SE944006139479808439487949,0786598601905968,2466,579,%B0786598601905968^KREGOFKREGOF^3408000000000000000?,%B0786598601905968=2407101762815992?,03/27/28,credit,0
CcS-6032,1451,NL782049256331164416144212,4227801856009874,7473,666,%B4227801856009874^QKSAHHQKSAHH^2407000000000000000?,%B4227801856009874=2901101546749934?,02/28/28,debit,0
CcS-6033,1452,US505361589438530892505226,5590389661002516,6893,269,%B5590389661002516^XDZCYEXDZCYE^2212000000000000000?,%B5590389661002516=2404101440386986?,12/25/28,debit,1
CcS-6034,1453,PL390841241275110655427247,5148510384350665,9906,839,%B5148510384350665^YUBBMNYUBBMN^2801000000000000000?,%B5148510384350665=3010101375563894?,10/27/28,debit,0
CcS-6035,1454,SE402450168934329121704042,3701545769522042,1390,745,%B3701545769522042^LXFHXVLXFHXV^2307000000000000000?,%B3701545769522042=2904101231394986?,01/29/28,credit,0
CcS-6036,1455,NL930907269416625400162829,6145973706969237,9833,207,%B6145973706969237^EBBJEKEBBJEK^2503000000000000000?,%B6145973706969237=3003101155662287?,09/26/28,debit,0
CcS-6037,1456,IT227364573591889955963690,4909044312290511,3349,638,%B4909044312290511^FEUZXMFEUZXM^3109000000000000000?,%B4909044312290511=2209101533731203?,02/27/28,credit,0
CcS-6038,1457,NL160795003644713375989839,9212998921461944,7104,641,%B9212998921461944^YTYSXRYTYSXR^3001000000000000000?,%B9212998921461944=2303101423777738?,12/25/28,premium_credit,1
CcS-6039,1458,GB520454634381035973082597,6540686021748169,1191,355,%B6540686021748169^EACMDSEACMDS^2411000000000000000?,%B6540686021748169=2607101564962147?,03/29/28,debit,0
CcS-6040,1459,IT866980710357009183620083,5146316002055341,7053,325,%B5146316002055341^OUHLQWOUHLQW^3307000000000000000?,%B5146316002055341=3406101854309397?,06/29/28,credit,0
CcS-6041,1460,IT874023582347822680015274,6335278499160230,5593,327,%B6335278499160230^VXBNPVVXBNPV^3108000000000000000?,%B6335278499160230=2708101971744055?,06/28/28,debit,0
CcS-6042,1461,FR151426181152291446772543,9446546537023618,8034,597,%B9446546537023618^ACJQPYACJQPY^3211000000000000000?,%B9446546537023618=2605101661981030?,04/28/28,credit,0
CcS-6043,1462,ES807800357023918233044104,5798016030154610,8029,227,%B5798016030154610^GCYTXHGCYTXH^2304000000000000000?,%B5798016030154610=2604101311785019?,07/28/28,credit,0
CcS-6044,1463,CA669174481914044755447085,3536032546767572,6555,534,%B3536032546767572^KHWSWXKHWSWX^3412000000000000000?,%B3536032546767572=3202101562123462?,06/28/28,debit,0
CcS-6045,1464,ES390410885784132969997418,4253919955447727,5442,326,%B4253919955447727^YJRIGPYJRIGP^2811000000000000000?,%B4253919955447727=3006101908103079?,11/27/28,debit,0
CcS-6046,1465,ES512770397881878824259412,5398911699270706,5149,461,%B5398911699270706^AQSGEWAQSGEW^2605000000000000000?,%B5398911699270706=2704101373935267?,01/25/28,debit,1
CcS-6047,1466,PL374235762124675119440086,9713891261220697,3945,537,%B9713891261220697^ZSMVSNZSMVSN^3108000000000000000?,%B9713891261220697=2804101510450195?,03/27/28,debit,0
CcS-6048,1467,NL924222021799540116657387,0586920370559948,4002,487,%B0586920370559948^TLBSZFTLBSZF^3211000000000000000?,%B0586920370559948=2806101356297768?,08/28/28,credit,0
CcS-6049,1468,GB448849024330593095441064,5403319427580291,3263,335,%B5403319427580291^JSGKGMJSGKGM^2411000000000000000?,%B5403319427580291=2501101796837538?,03/25/28,credit,1
CcS-6050,1469,ES732558706818527677609997,6410728168349910,1579,462,%B6410728168349910^CXTUPTCXTUPT^2403000000000000000?,%B6410728168349910=2511101147788710?,05/27/28,credit,0
CcS-6051,1470,IT751118425888934095163380,6261622579604924,5926,820,%B6261622579604924^PQHEWQPQHEWQ^2510000000000000000?,%B6261622579604924=3401101980432833?,03/29/28,credit,0
CcS-6052,1471,GB532316844870162507101794,2496591849643378,3729,433,%B2496591849643378^LIQFQTLIQFQT^2301000000000000000?,%B2496591849643378=2209101857754641?,04/27/28,debit,0
CcS-6053,1472,DE722736997220716663697865,2252967484987131,8358,285,%B2252967484987131^KMXJNOKMXJNO^2302000000000000000?,%B2252967484987131=2604101587087887?,07/25/28,debit,1
CcS-6054,1473,PL919691475501269548968278,5001050406093412,4554,204,%B5001050406093412^IUQKLCIUQKLC^2206000000000000000?,%B5001050406093412=2210101288583635?,10/26/28,debit,0
CcS-6055,1474,IT326357535059738553740675,6832517434160992,3286,696,%B6832517434160992^SLXQSOSLXQSO^2302000000000000000?,%B6832517434160992=2407101745213108?,12/27/28,debit,0
CcS-6056,1475,US693012498456375051339949,8950961280725654,9103,137,%B8950961280725654^EJOWXXEJOWXX^3207000000000000000?,%B8950961280725654=3402101908201476?,01/27/28,credit,0
CcS-6057,1476,ES782852245342937703134046,8894036058855376,9479,879,%B8894036058855376^XPIBFAXPIBFA^2301000000000000000?,%B8894036058855376=2902101917754596?,10/25/28,debit,1
CcS-6058,1477,FR288709915401294652532370,9030528214758892,4600,714,%B9030528214758892^CCCYAMCCCYAM^3107000000000000000?,%B9030528214758892=2212101835094704?,02/28/28,credit,0
CcS-6059,1478,SE477982899336592741926980,2972604990133493,1025,552,%B2972604990133493^GKITRTGKITRT^2510000000000000000?,%B2972604990133493=2301101363268794?,11/27/28,debit,0
CcS-6060,1479,CA118626191020773011186899,5816822199544195,3185,738,%B5816822199544195^DXJIBGDXJIBG^2911000000000000000?,%B5816822199544195=2207101420686829?,06/27/28,debit,0
CcS-6061,1480,SE761390750803481803637654,6203496177447973,7638,544,%B6203496177447973^JYDAJFJYDAJF^2811000000000000000?,%B6203496177447973=3003101214642626?,08/25/28,prepaid,1
CcS-6062,1481,SE587011549961810125650871,3678574348703761,3856,685,%B3678574348703761^NLHQDENLHQDE^2404000000000000000?,%B3678574348703761=2308101899973086?,05/26/28,debit,0
CcS-6063,1482,DE192298143055065362955952,8830881891669962,4476,474,%B8830881891669962^QUONQLQUONQL^3307000000000000000?,%B8830881891669962=2703101972878779?,02/28/28,credit,0
CcS-6064,1483,SE110564456364609116865249,9785936214574686,2409,213,%B9785936214574686^XZOHEBXZOHEB^3106000000000000000?,%B9785936214574686=2408101589479413?,04/27/28,debit,0
CcS-6065,1484,DE338864308516535540261990,0760545575939310,6428,391,%B0760545575939310^XOQGIAXOQGIA^3205000000000000000?,%B0760545575939310=2712101281835122?,08/27/28,debit,0
CcS-6066,1485,US899450803230933276819251,8323566679557552,4887,920,%B8323566679557552^GECASGGECASG^2806000000000000000?,%B8323566679557552=2710101427131563?,09/26/28,prepaid,0
CcS-6067,1486,GB311911406004626834784418,1322272952326331,6387,363,%B1322272952326331^LIJXOPLIJXOP^2910000000000000000?,%B1322272952326331=3109101804333881?,04/26/28,premium_credit,0
CcS-6068,1487,DE193050916077660284469754,5366408382045325,9876,647,%B5366408382045325^SIYJNBSIYJNB^3010000000000000000?,%B5366408382045325=3006101107952497?,05/27/28,debit,0
CcS-6069,1488,FR298529632653971527701302,5524042288908253,6541,441,%B5524042288908253^LIWEELLIWEEL^3302000000000000000?,%B5524042288908253=2501101357159467?,04/25/28,credit,1
CcS-6070,1489,DE604967710505689906383106,3556732180348590,3788,251,%B3556732180348590^CLEZNUCLEZNU^2605000000000000000?,%B3556732180348590=2602101940017691?,03/27/28,debit,0
CcS-6071,1490,PL846789908556866298356892,4296683404769435,3299,742,%B4296683404769435^BMOVGEBMOVGE^2507000000000000000?,%B4296683404769435=3012101846902704?,07/28/28,debit,0
CcS-6072,1491,FR711878809980437480750134,7746392443658720,1337,662,%B7746392443658720^OPWWPXOPWWPX^2610000000000000000?,%B7746392443658720=2811101900773321?,01/26/28,credit,0
CcS-6073,1492,US576305883690980859638559,5518172249546609,1263,482,%B5518172249546609^OVEFRPOVEFRP^2808000000000000000?,%B5518172249546609=2506101892869879?,06/29/28,debit,0
CcS-6074,1493,SE916115826882017602764264,6128975126669095,5948,571,%B6128975126669095^CLSPSXCLSPSX^3110000000000000000?,%B6128975126669095=2501101496981952?,04/25/28,debit,1
CcS-6075,1494,CA609303806786892019018431,9924406622380784,7494,864,%B9924406622380784^OHCHNDOHCHND^2812000000000000000?,%B9924406622380784=2803101464651114?,06/25/28,premium_credit,1
CcS-6076,1495,NL192704131241874043816122,2818298571108750,7006,152,%B2818298571108750^YEUWLUYEUWLU^2509000000000000000?,%B2818298571108750=2710101182856471?,07/28/28,credit,0
CcS-6077,1496,PT231055048994659319498226,0158050231129468,7697,952,%B0158050231129468^TUDDVSTUDDVS^3108000000000000000?,%B0158050231129468=3310101522564508?,08/27/28,debit,0
CcS-6078,1497,CA477679543715954142667980,5081322452797996,4366,366,%B5081322452797996^TDZUSWTDZUSW^3404000000000000000?,%B5081322452797996=2812101881661977?,01/29/28,debit,0
CcS-6079,1498,SE934504110983384364727585,8113673129836681,2311,394,%B8113673129836681^ETLKVTETLKVT^2404000000000000000?,%B8113673129836681=3409101500767509?,05/27/28,credit,0
CcS-6080,1499,FR882694665149570964623154,8750861828531862,5161,355,%B8750861828531862^GEATGCGEATGC^2506000000000000000?,%B8750861828531862=2910101564518264?,12/25/28,premium_credit,1
CcS-6081,1500,PL920775809717256210400429,7855778639704478,6512,797,%B7855778639704478^XLJDYQXLJDYQ^2906000000000000000?,%B7855778639704478=2906101987865946?,03/29/28,credit,0
CcS-6082,1501,SE302123815454537896046444,1397883530604863,2712,512,%B1397883530604863^QOAOGYQOAOGY^3203000000000000000?,%B1397883530604863=3201101555353357?,06/27/28,debit,0
CcS-6083,1502,ES424055741604421369256128,6238195141083220,4570,912,%B6238195141083220^CYCFCCCYCFCC^3006000000000000000?,%B6238195141083220=2307101349587335?,04/26/28,premium_credit,0
CcS-6084,1503,NL747625078833665608574629,3567921030723543,6005,957,%B3567921030723543^QWFFVNQWFFVN^2601000000000000000?,%B3567921030723543=2712101673529539?,09/29/28,premium_credit,0
CcS-6085,1504,GB285867113074614881142004,1666986821740479,7145,682,%B1666986821740479^SSLMYXSSLMYX^3306000000000000000?,%B1666986821740479=2206101883384532?,05/29/28,credit,0
CcS-6086,1505,SE952220247633377164126556,9434715904350545,5948,687,%B9434715904350545^PTJKMIPTJKMI^2404000000000000000?,%B9434715904350545=3404101483537863?,05/29/28,credit,0
CcS-6087,1506,ES457654521801990735479607,2929062729326403,5326,145,%B2929062729326403^SOXLKMSOXLKM^2910000000000000000?,%B2929062729326403=3302101554908038?,07/29/28,credit,0
CcS-6088,1507,GB721094227010632292140497,4951174483012599,3275,851,%B4951174483012599^CUXDAOCUXDAO^3209000000000000000?,%B4951174483012599=2705101473124492?,04/25/28,credit,1
CcS-6089,1508,IT962896053524264396698297,7938836734227100,5002,895,%B7938836734227100^NUTEALNUTEAL^2502000000000000000?,%B7938836734227100=3410101956385344?,05/26/28,credit,0
CcS-6090,1509,PL435426453664669703027623,6685002012775113,8413,574,%B6685002012775113^JERKRUJERKRU^2705000000000000000?,%B6685002012775113=2511101379281663?,11/25/28,credit,1
CcS-6091,1510,CA331608900869324155098056,6052142055311999,1283,500,%B6052142055311999^YEKKRFYEKKRF^2405000000000000000?,%B6052142055311999=3003101506238665?,11/28/28,debit,0
CcS-6092,1511,PL587911867095041829619392,7112558405043312,3901,242,%B7112558405043312^ZTCLZSZTCLZS^2701000000000000000?,%B7112558405043312=3409101872523144?,01/26/28,prepaid,0
CcS-6093,1512,PL974507367238862365539789,3707528084455917,8844,634,%B3707528084455917^XPNZRKXPNZRK^3411000000000000000?,%B3707528084455917=3403101696904330?,12/28/28,credit,0
CcS-6094,1513,CA283251673772029017386200,8317119388911121,9527,133,%B8317119388911121^HVKDTGHVKDTG^2906000000000000000?,%B8317119388911121=3202101388754996?,05/29/28,credit,0
CcS-6095,1514,NL757718869447745554809268,5240193404887555,3237,461,%B5240193404887555^HFEJZYHFEJZY^2904000000000000000?,%B5240193404887555=2608101216934186?,12/26/28,credit,0
CcS-6096,1515,PT243747175416052500196333,9250747516455000,3067,841,%B9250747516455000^JCDVZOJCDVZO^2309000000000000000?,%B9250747516455000=2505101515300117?,05/29/28,credit,0
CcS-6097,1516,PL886221533716154756571648,2029393220844479,1664,793,%B2029393220844479^BCXZQFBCXZQF^2407000000000000000?,%B2029393220844479=2908101515565199?,06/26/28,debit,0
CcS-6098,1517,US898773714344460160825327,8829346296431546,6703,587,%B8829346296431546^LOHYMKLOHYMK^2906000000000000000?,%B8829346296431546=2610101978458450?,04/25/28,credit,1
CcS-6099,1518,GB402727610016862778883931,4980336090487675,5270,358,%B4980336090487675^SIVANUSIVANU^3201000000000000000?,%B4980336090487675=2405101520201044?,07/26/28,prepaid,0
CcS-6100,1519,CA872810463325715703038554,2117631722129764,5929,254,%B2117631722129764^OMNSEDOMNSED^2503000000000000000?,%B2117631722129764=2911101162007108?,01/26/28,debit,0
CcS-6101,1520,GB511886137954910005388255,9155058329817631,5163,925,%B9155058329817631^UTGEAKUTGEAK^2605000000000000000?,%B9155058329817631=2212101632399684?,07/26/28,debit,0
CcS-6102,1521,NL858359707508897600797077,8149389840621023,4826,644,%B8149389840621023^CCHCJDCCHCJD^2305000000000000000?,%B8149389840621023=3110101835469036?,02/26/28,credit,0
CcS-6103,1522,DE519202776149725178035156,2733578178375104,6889,248,%B2733578178375104^MNOQISMNOQIS^2907000000000000000?,%B2733578178375104=3103101979689445?,02/28/28,debit,0
CcS-6104,1523,NL737421119493146475894756,5961883895366447,1865,748,%B5961883895366447^WBVVSNWBVVSN^2904000000000000000?,%B5961883895366447=2611101957023420?,01/27/28,debit,0
CcS-6105,1524,ES673518710933142292343836,1101972220391734,7879,847,%B1101972220391734^TPNKJDTPNKJD^2710000000000000000?,%B1101972220391734=2705101491822675?,12/26/28,credit,0
CcS-6106,1525,CA429887551688186445712962,6832925704067768,4317,573,%B6832925704067768^LRUVZQLRUVZQ^2403000000000000000?,%B6832925704067768=3305101639272356?,08/26/28,credit,0
CcS-6107,1526,PL668089672426159185455595,1232060836922146,2922,128,%B1232060836922146^RBXRIIRBXRII^2808000000000000000?,%B1232060836922146=3305101590932401?,01/26/28,debit,0
CcS-6108,1527,FR610985972288442662752505,7638699077154226,6437,678,%B7638699077154226^IQJLUHIQJLUH^3405000000000000000?,%B7638699077154226=3103101483994523?,04/27/28,debit,0
CcS-6109,1528,CA382405135596058775304460,3149492681086444,7094,270,%B3149492681086444^KAARHDKAARHD^2702000000000000000?,%B3149492681086444=2702101724372576?,07/26/28,premium_credit,0
CcS-6110,1529,PT986029879571612149455673,4688553448797250,8196,522,%B4688553448797250^LQMNUQLQMNUQ^2403000000000000000?,%B4688553448797250=2803101520248787?,07/29/28,prepaid,0
CcS-6111,1530,PT182148536946118308018202,2607513346686570,1733,883,%B2607513346686570^NLGWVVNLGWVV^3110000000000000000?,%B2607513346686570=3212101614406563?,07/29/28,debit,0
CcS-6112,1531,DE444090699200423516473734,6362263059069676,2867,125,%B6362263059069676^WVAOMNWVAOMN^3112000000000000000?,%B6362263059069676=2210101843702620?,11/28/28,debit,0
CcS-6113,1532,IT903843361326374882838145,0857446856005972,8222,611,%B0857446856005972^ZORKSIZORKSI^2207000000000000000?,%B0857446856005972=2902101151738729?,01/26/28,credit,0
CcS-6114,1533,US963777147911054077427236,4656629220664856,5442,457,%B4656629220664856^UASZDSUASZDS^3306000000000000000?,%B4656629220664856=3309101353303727?,01/25/28,credit,1
CcS-6115,1534,FR555763117700309094095394,6246897600852128,5965,648,%B6246897600852128^DYZTZQDYZTZQ^3101000000000000000?,%B6246897600852128=2409101941683125?,02/28/28,debit,0
CcS-6116,1535,SE762282945550505952251492,9023834559387185,7260,202,%B9023834559387185^DPZPFDDPZPFD^3210000000000000000?,%B9023834559387185=2207101582127989?,05/27/28,debit,0
CcS-6117,1536,IT764512250676360799280507,0957012801867438,6893,983,%B0957012801867438^PHYPSFPHYPSF^2602000000000000000?,%B0957012801867438=3108101753159806?,01/26/28,debit,0
CcS-6118,1537,US925378407155680974577660,8251788320320538,1925,384,%B8251788320320538^MMCXPIMMCXPI^2903000000000000000?,%B8251788320320538=2403101716739831?,05/26/28,credit,0
CcS-6119,1538,US149294288524782411152947,9150018440950801,3414,587,%B9150018440950801^IOGEYLIOGEYL^2302000000000000000?,%B9150018440950801=3109101220080801?,10/29/28,prepaid,0
CcS-6120,1539,DE511716337378734584165272,9377442798001985,1739,407,%B9377442798001985^IQJNMDIQJNMD^2809000000000000000?,%B9377442798001985=2411101494581666?,09/27/28,credit,0
CcS-6121,1540,DE458318973551854190636404,6620771829513580,2843,701,%B6620771829513580^XUWPCUXUWPCU^2409000000000000000?,%B6620771829513580=2307101651996900?,08/26/28,premium_credit,0
CcS-6122,1541,SE561809374961330723194427,1934314956125648,3021,776,%B1934314956125648^DJEMNDDJEMND^2310000000000000000?,%B1934314956125648=2207101531915123?,05/25/28,debit,1
CcS-6123,1542,ES291053906846333473685347,7292928294996188,4332,497,%B7292928294996188^WJNLYKWJNLYK^2810000000000000000?,%B7292928294996188=2610101645174970?,11/26/28,debit,0
CcS-6124,1543,DE696508491475743921809155,9051945029903277,2976,787,%B9051945029903277^PAQDNRPAQDNR^2805000000000000000?,%B9051945029903277=2903101598272188?,09/27/28,credit,0
CcS-6125,1544,DE693698160232762612694875,1970761301156858,5375,953,%B1970761301156858^YICHKSYICHKS^3210000000000000000?,%B1970761301156858=2803101986818418?,06/27/28,debit,0
CcS-6126,1545,DE275846668171095140607442,4225163584867709,9681,736,%B4225163584867709^HATXAVHATXAV^3009000000000000000?,%B4225163584867709=3101101327880130?,12/27/28,credit,0
CcS-6127,1546,PT839351199351678515790505,8659888937270968,7369,767,%B8659888937270968^TGCJPFTGCJPF^2410000000000000000?,%B8659888937270968=2907101743745630?,04/29/28,credit,0
CcS-6128,1547,US482328303099233852636167,2619218044636313,2437,805,%B2619218044636313^ALJRLPALJRLP^3004000000000000000?,%B2619218044636313=2502101687712940?,10/25/28,credit,1
CcS-6129,1548,ES798040905569851381639507,4215430036630734,1254,370,%B4215430036630734^TQHIYQTQHIYQ^3002000000000000000?,%B4215430036630734=2810101572876219?,03/29/28,debit,0
CcS-6130,1549,GB776564259858103496705070,8932416218582722,3648,914,%B8932416218582722^WZYOCMWZYOCM^2209000000000000000?,%B8932416218582722=3002101622285311?,10/28/28,debit,0
CcS-6131,1550,PT197532554298546060856601,4161714838502457,7268,363,%B4161714838502457^JZPHDLJZPHDL^3210000000000000000?,%B4161714838502457=3001101513586249?,05/26/28,debit,0
CcS-6132,1551,NL148751196850862121913528,5507538431475725,9604,624,%B5507538431475725^LUSHIBLUSHIB^2302000000000000000?,%B5507538431475725=2612101358973956?,06/28/28,credit,0
CcS-6133,1552,DE896808124934944999410972,9387390607111985,2673,794,%B9387390607111985^TFMJGTTFMJGT^3001000000000000000?,%B9387390607111985=2406101734956571?,04/26/28,credit,0
CcS-6134,1553,NL325528245086056446220712,4544789168709297,1278,280,%B4544789168709297^XRSXAGXRSXAG^2801000000000000000?,%B4544789168709297=2506101708506563?,01/25/28,debit,1
CcS-6135,1554,GB277876900761896802915931,3079427067843043,5877,342,%B3079427067843043^PHOXYLPHOXYL^2704000000000000000?,%B3079427067843043=2509101995432804?,06/25/28,credit,1
CcS-6136,1555,CA965381562368417819903004,3206686288921602,2284,330,%B3206686288921602^QWHZQSQWHZQS^2702000000000000000?,%B3206686288921602=3105101393219738?,09/28/28,debit,0
CcS-6137,1556,DE624976006587558387236227,3887933350874505,4606,919,%B3887933350874505^EWDWMZEWDWMZ^2608000000000000000?,%B3887933350874505=3005101933377845?,07/29/28,debit,0
CcS-6138,1557,US717540478592741071280717,3150001090941262,7495,469,%B3150001090941262^CZHTRACZHTRA^2303000000000000000?,%B3150001090941262=2208101931710261?,01/29/28,debit,0
CcS-6139,1558,CA532309097713176692409330,7154552440778551,9104,457,%B7154552440778551^CQKYVCCQKYVC^2508000000000000000?,%B7154552440778551=2310101987472513?,06/28/28,credit,0
CcS-6140,1559,IT980479710154374370817897,9063781880923784,3870,288,%B9063781880923784^ELONFUELONFU^2403000000000000000?,%B9063781880923784=2502101879840758?,06/27/28,debit,0
CcS-6141,1560,ES841274322996747831419159,5050580879760982,6727,481,%B5050580879760982^PTRIFZPTRIFZ^2912000000000000000?,%B5050580879760982=2811101103732005?,05/27/28,debit,0
CcS-6142,1561,US531494924815721003567790,0644688783555008,8211,457,%B0644688783555008^KDSGJBKDSGJB^3409000000000000000?,%B0644688783555008=2912101772961728?,12/29/28,debit,0
CcS-6143,1562,GB859024997753372739819038,9325249669835239,1005,278,%B9325249669835239^VTOPHLVTOPHL^3406000000000000000?,%B9325249669835239=2701101308755495?,03/25/28,credit,1
CcS-6144,1563,PL498898867181717215506035,6038220670295726,6130,872,%B6038220670295726^FPTGAXFPTGAX^2508000000000000000?,%B6038220670295726=2306101332852090?,04/29/28,debit,0
CcS-6145,1564,PL244572532235013987976565,3523121388453289,6686,186,%B3523121388453289^JLPKSWJLPKSW^2312000000000000000?,%B3523121388453289=2910101330795876?,06/27/28,credit,0
CcS-6146,1565,PL606515109994388829229455,1966748680533494,3671,799,%B1966748680533494^WESWAHWESWAH^2401000000000000000?,%B1966748680533494=3407101873854798?,11/29/28,prepaid,0
CcS-6147,1566,GB511538131423894849870242,2953514961054124,7003,552,%B2953514961054124^ZSIFFJZSIFFJ^2301000000000000000?,%B2953514961054124=3212101534634334?,04/27/28,debit,0
CcS-6148,1567,CA240113515072720327088544,9047128808903837,9698,616,%B9047128808903837^OVVJQJOVVJQJ^2209000000000000000?,%B9047128808903837=3306101421219186?,03/28/28,credit,0
CcS-6149,1568,PT776729040172935701577239,7576558324624638,6796,834,%B7576558324624638^KEEZRZKEEZRZ^2305000000000000000?,%B7576558324624638=3005101660059763?,01/27/28,debit,0
CcS-6150,1569,ES955780083619065293068011,3612849419503890,1033,431,%B3612849419503890^BCOKPIBCOKPI^3107000000000000000?,%B3612849419503890=3206101669375329?,05/25/28,debit,1
CcS-6151,1570,NL285055615881464206756814,3408577784583193,6935,804,%B3408577784583193^DMYIRODMYIRO^2505000000000000000?,%B3408577784583193=2509101469428311?,09/25/28,prepaid,1
CcS-6152,1571,US261231172234259273424622,7990385101524316,4661,407,%B7990385101524316^GXBZMHGXBZMH^3411000000000000000?,%B7990385101524316=3105101874388929?,05/27/28,debit,0
CcS-6153,1572,NL348294833565369226510582,1478722870602154,9805,788,%B1478722870602154^DFYDRUDFYDRU^2908000000000000000?,%B1478722870602154=3105101971485760?,08/28/28,credit,0
CcS-6154,1573,NL343999184414510588849027,5416400779802576,9260,762,%B5416400779802576^PJXLMSPJXLMS^3404000000000000000?,%B5416400779802576=3210101880085476?,12/25/28,debit,1
CcS-6155,1574,ES562141898238061825418258,9509417448111642,3559,635,%B9509417448111642^QOLPTYQOLPTY^3009000000000000000?,%B9509417448111642=3303101488234283?,08/28/28,premium_credit,0
CcS-6156,1575,DE424524529198632388588542,3578747531091343,8383,907,%B3578747531091343^WVRBGCWVRBGC^3408000000000000000?,%B3578747531091343=2511101253081452?,08/25/28,credit,1
CcS-6157,1576,DE310546007575596123088300,3110720568076511,9016,486,%B3110720568076511^TOQOKGTOQOKG^2307000000000000000?,%B3110720568076511=2506101117896185?,02/25/28,credit,1
CcS-6158,1577,GB899163663189920738768134,9960770419243900,2190,802,%B9960770419243900^ZWVFDHZWVFDH^3102000000000000000?,%B9960770419243900=3101101748816677?,11/25/28,debit,1
CcS-6159,1578,CA790884927640600856176471,1946059300804995,5841,546,%B1946059300804995^MFVLRNMFVLRN^3307000000000000000?,%B1946059300804995=2704101954106121?,01/27/28,credit,0
CcS-6160,1579,PT225544166738922196916207,8107702880903016,1708,186,%B8107702880903016^DJGGGXDJGGGX^3111000000000000000?,%B8107702880903016=3309101150283666?,03/27/28,credit,0
CcS-6161,1580,FR215347764574288906356744,2196048948492196,1403,238,%B2196048948492196^BRUBRCBRUBRC^2709000000000000000?,%B2196048948492196=2908101240300320?,06/26/28,credit,0
CcS-6162,1581,DE466443066591158461559553,1563641356198323,4338,441,%B1563641356198323^HWQRDFHWQRDF^2209000000000000000?,%B1563641356198323=3006101376205784?,10/27/28,debit,0
CcS-6163,1582,SE748442641846697362879813,3121608461865293,7949,563,%B3121608461865293^NDDQCHNDDQCH^3412000000000000000?,%B3121608461865293=2306101142254738?,07/26/28,credit,0
CcS-6164,1583,GB973365271018445207678141,3242424021018519,6470,766,%B3242424021018519^XIENTXXIENTX^3007000000000000000?,%B3242424021018519=3212101935850677?,03/28/28,credit,0
CcS-6165,1584,US953976069247574985831741,6156116247252261,6327,509,%B6156116247252261^QWBJMSQWBJMS^3307000000000000000?,%B6156116247252261=3102101384297171?,01/29/28,debit,0
CcS-6166,1585,SE610570259265856193419996,9120674313110014,7786,408,%B9120674313110014^UQQYBQUQQYBQ^3101000000000000000?,%B9120674313110014=2303101579652560?,05/25/28,prepaid,1
CcS-6167,1586,ES787987484734313453935663,8070933048860483,6131,934,%B8070933048860483^TLZLGWTLZLGW^2511000000000000000?,%B8070933048860483=2801101682345291?,04/29/28,prepaid,0
CcS-6168,1587,PL434943547151530526293863,1728428984030334,5658,500,%B1728428984030334^GSPNFMGSPNFM^2411000000000000000?,%B1728428984030334=2402101552781647?,11/27/28,debit,0
CcS-6169,1588,US261845686342020468399062,2428799058342541,8933,180,%B2428799058342541^VLVCWBVLVCWB^2303000000000000000?,%B2428799058342541=2911101423282870?,12/29/28,premium_credit,0
CcS-6170,1589,DE828556043361462104437134,0686693000725898,7796,625,%B0686693000725898^QHYNOTQHYNOT^3005000000000000000?,%B0686693000725898=3203101696684957?,08/28/28,credit,0
CcS-6171,1590,SE330395633504274677119429,9917206896927939,9673,708,%B9917206896927939^CMYWBMCMYWBM^2601000000000000000?,%B9917206896927939=2605101170364648?,08/26/28,credit,0
CcS-6172,1591,FR817028508600437157020608,3510049211018639,3001,229,%B3510049211018639^BUZEGVBUZEGV^3208000000000000000?,%B3510049211018639=2806101546261822?,08/25/28,credit,1
CcS-6173,1592,ES372389544002190426795494,5640078670370533,9003,897,%B5640078670370533^NZYTDANZYTDA^3207000000000000000?,%B5640078670370533=2507101754202279?,09/28/28,credit,0
CcS-6174,1593,US452335788477933247780354,2204232465628068,8580,676,%B2204232465628068^UHSHZTUHSHZT^3402000000000000000?,%B2204232465628068=3010101623212421?,01/25/28,premium_credit,1
CcS-6175,1594,PL432189230098393515607583,4302686522471036,3052,359,%B4302686522471036^XBYSBHXBYSBH^3008000000000000000?,%B4302686522471036=2903101961085699?,08/29/28,debit,0
CcS-6176,1595,FR421774663595581977013445,7037215307408804,4715,322,%B7037215307408804^EOCPOCEOCPOC^2501000000000000000?,%B7037215307408804=3102101157376736?,04/29/28,credit,0
CcS-6177,1596,GB665457545802282589498857,1037216596602649,7511,353,%B1037216596602649^ZSHAKCZSHAKC^2708000000000000000?,%B1037216596602649=3212101658878957?,04/25/28,credit,1
CcS-6178,1597,PL233712893126867260521385,8091096583615447,2504,687,%B8091096583615447^UDHPHLUDHPHL^3306000000000000000?,%B8091096583615447=3303101976324312?,12/26/28,debit,0
CcS-6179,1598,PT494717026360621812236689,1423600840065053,1722,244,%B1423600840065053^VRBBERVRBBER^2211000000000000000?,%B1423600840065053=2402101161002294?,11/28/28,credit,0
CcS-6180,1599,DE784155454320386663617978,1906257626177002,6358,746,%B1906257626177002^PYLZDIPYLZDI^3302000000000000000?,%B1906257626177002=2803101522696977?,09/27/28,debit,0
CcS-6181,1600,GB981997985537680977868978,7100025615239700,6194,637,%B7100025615239700^CRELGECRELGE^2404000000000000000?,%B7100025615239700=2308101773555286?,05/29/28,credit,0
CcS-6182,1601,IT645639135391809682588377,4554157746156850,1791,786,%B4554157746156850^OHXRFGOHXRFG^3205000000000000000?,%B4554157746156850=2211101216971272?,11/26/28,debit,0
CcS-6183,1602,GB323896750822837314232038,2512655676416852,3331,691,%B2512655676416852^FRZFBEFRZFBE^2607000000000000000?,%B2512655676416852=3310101251050804?,04/26/28,debit,0
CcS-6184,1603,PL435983522997478161627383,7371711436500419,9579,879,%B7371711436500419^BHGUHLBHGUHL^3006000000000000000?,%B7371711436500419=2701101624706594?,11/29/28,debit,0
CcS-6185,1604,PT514728892755176134891641,4607444324058625,3494,709,%B4607444324058625^JGNDBEJGNDBE^3005000000000000000?,%B4607444324058625=2911101926532888?,05/26/28,credit,0
CcS-6186,1605,IT472490605506729010836488,9701370724576286,8029,909,%B9701370724576286^BFSNYXBFSNYX^2602000000000000000?,%B9701370724576286=3010101409460251?,01/26/28,debit,0
CcS-6187,1606,DE970348112260108982204212,5716028705461154,3628,878,%B5716028705461154^HKYXEUHKYXEU^3210000000000000000?,%B5716028705461154=2302101405209090?,02/26/28,premium_credit,0
CcS-6188,1607,ES141070597767792134177344,5414310598968960,1959,571,%B5414310598968960^NMCCCANMCCCA^3010000000000000000?,%B5414310598968960=2506101141464857?,05/25/28,debit,1
CcS-6189,1608,NL268307063036718471133241,4491728240215745,2609,258,%B4491728240215745^NKPOEKNKPOEK^2611000000000000000?,%B4491728240215745=2609101147543624?,01/25/28,debit,1
CcS-6190,1609,ES835515390013724273778196,9581418653372748,5242,486,%B9581418653372748^WFSIFSWFSIFS^2308000000000000000?,%B9581418653372748=3106101297600514?,04/27/28,debit,0
CcS-6191,1610,GB950333644294471738744848,8775309283999574,1178,403,%B8775309283999574^UKPIKYUKPIKY^3001000000000000000?,%B8775309283999574=2906101311111373?,11/26/28,debit,0
CcS-6192,1611,IT730701541562739862488778,5138109490081397,3243,829,%B5138109490081397^CHBSTKCHBSTK^3308000000000000000?,%B5138109490081397=3409101666126118?,12/28/28,debit,0
CcS-6193,1612,PT398559568259437213263984,0828104156904576,1951,704,%B0828104156904576^OBQAJBOBQAJB^3104000000000000000?,%B0828104156904576=3401101464101178?,05/27/28,debit,0
CcS-6194,1613,ES555506463465001209116589,5873960682986157,8136,332,%B5873960682986157^PJNFANPJNFAN^2212000000000000000?,%B5873960682986157=2306101907820516?,02/29/28,debit,0
CcS-6195,1614,DE550012994639551545308203,6461421987108294,3772,614,%B6461421987108294^DPJNJEDPJNJE^2907000000000000000?,%B6461421987108294=3210101939212211?,01/29/28,credit,0
CcS-6196,1615,FR293858166798712106749830,7892845199011994,8868,764,%B7892845199011994^MHSRJHMHSRJH^2503000000000000000?,%B7892845199011994=2304101731135816?,08/28/28,credit,0
CcS-6197,1616,FR267498572285373366796776,8020340259082644,9553,852,%B8020340259082644^VYBCLVVYBCLV^2412000000000000000?,%B8020340259082644=2708101534913504?,10/28/28,debit,0
CcS-6198,1617,DE978978449416747536784870,5089777965587539,6507,288,%B5089777965587539^ZSUFPAZSUFPA^3411000000000000000?,%B5089777965587539=3202101474948247?,09/25/28,credit,1
CcS-6199,1618,ES736051511690408443276850,4943803397924176,1760,894,%B4943803397924176^HQMHQUHQMHQU^3106000000000000000?,%B4943803397924176=3112101901457484?,03/26/28,credit,0
CcS-6200,1619,NL706900558244053577283084,7467370136499635,5500,431,%B7467370136499635^EKCNZKEKCNZK^2609000000000000000?,%B7467370136499635=3007101283176915?,02/28/28,credit,0
CcS-6201,1620,IT986470343580910618790252,6584037026844589,6502,442,%B6584037026844589^KBEBPSKBEBPS^3310000000000000000?,%B6584037026844589=2912101151788645?,03/25/28,credit,1
CcS-6202,1621,SE559151298817219727501165,3442565039844431,4374,647,%B3442565039844431^IGOWARIGOWAR^3004000000000000000?,%B3442565039844431=2208101535694726?,08/29/28,credit,0
CcS-6203,1622,PT904199518463124033185851,1303822359337940,6211,609,%B1303822359337940^GUTYLKGUTYLK^2902000000000000000?,%B1303822359337940=3106101384641877?,06/25/28,credit,1
CcS-6204,1623,CA100704803770726904334261,5141890068351537,6523,475,%B5141890068351537^YJFNHDYJFNHD^3208000000000000000?,%B5141890068351537=3308101626702132?,06/25/28,debit,1
CcS-6205,1624,NL546713651328511245400696,8866259336345119,4798,409,%B8866259336345119^XBPSIEXBPSIE^2212000000000000000?,%B8866259336345119=2410101366940430?,09/25/28,credit,1
CcS-6206,1625,CA958105589009545539745107,5058917152275183,3569,911,%B5058917152275183^MJHREOMJHREO^3207000000000000000?,%B5058917152275183=3204101797783725?,05/26/28,credit,0
CcS-6207,1626,ES144769063588843594947940,3060000838255267,9977,904,%B3060000838255267^GUNYQEGUNYQE^2402000000000000000?,%B3060000838255267=2809101355707476?,05/29/28,debit,0
CcS-6208,1627,IT314284148758610238419418,5052336336246045,9377,272,%B5052336336246045^RFBYPXRFBYPX^2708000000000000000?,%B5052336336246045=2905101938996130?,07/26/28,debit,0
CcS-6209,1628,IT744166195992747670524135,4832298734430618,6538,451,%B4832298734430618^PFFVBMPFFVBM^2301000000000000000?,%B4832298734430618=2407101494167048?,03/29/28,premium_credit,0
CcS-6210,1629,FR661844592823897570393119,3218244141484163,6993,579,%B3218244141484163^LXHGEMLXHGEM^3104000000000000000?,%B3218244141484163=3004101786690519?,10/26/28,debit,0
CcS-6211,1630,GB223224516606332823277974,4294250436029499,2545,767,%B4294250436029499^GJIEWRGJIEWR^2403000000000000000?,%B4294250436029499=3109101742082863?,02/25/28,credit,1
CcS-6212,1631,FR822791751591240892050263,3330748887580520,4068,808,%B3330748887580520^HARPQNHARPQN^3101000000000000000?,%B3330748887580520=3406101842816213?,11/28/28,credit,0
CcS-6213,1632,NL348277303890272108926927,3541035444658693,8990,416,%B3541035444658693^KFALRVKFALRV^2202000000000000000?,%B3541035444658693=2305101324025876?,05/27/28,debit,0
CcS-6214,1633,ES784915715688106599938064,2404575116649472,7381,974,%B2404575116649472^LAECGYLAECGY^2512000000000000000?,%B2404575116649472=3309101709593175?,05/29/28,debit,0
CcS-6215,1634,IT261283522882250488758287,4865576754985912,8504,291,%B4865576754985912^EYJRJQEYJRJQ^2407000000000000000?,%B4865576754985912=2909101751509000?,04/26/28,debit,0
CcS-6216,1635,NL817587157584791404609250,6075296274329527,4563,995,%B6075296274329527^HGZFGIHGZFGI^2702000000000000000?,%B6075296274329527=3005101324068900?,05/26/28,credit,0
CcS-6217,1636,DE133666733873585461765281,8187162322777246,6255,437,%B8187162322777246^HISWPZHISWPZ^3104000000000000000?,%B8187162322777246=3106101661554941?,06/28/28,credit,0
CcS-6218,1637,PT576855499393340126026513,3077565801147235,7814,175,%B3077565801147235^PUOWORPUOWOR^2401000000000000000?,%B3077565801147235=3112101239471823?,04/28/28,debit,0
CcS-6219,1638,SE454179501328068856724388,2130107518881115,7544,606,%B2130107518881115^FDQBVDFDQBVD^2606000000000000000?,%B2130107518881115=2504101727036570?,09/28/28,debit,0
CcS-6220,1639,NL451021458333023049806198,8688736723768872,2863,671,%B8688736723768872^RQHBDSRQHBDS^2705000000000000000?,%B8688736723768872=2912101248985296?,04/28/28,debit,0
CcS-6221,1640,SE802659786578757855187492,1430988342368079,4794,702,%B1430988342368079^MHZCAGMHZCAG^3403000000000000000?,%B1430988342368079=2205101275448902?,02/26/28,debit,0
CcS-6222,1641,SE776794995760937853180473,2806413606988313,1941,332,%B2806413606988313^VZGAKBVZGAKB^2601000000000000000?,%B2806413606988313=2211101513179109?,02/26/28,debit,0
CcS-6223,1642,FR630159486480216815120512,2353875190345341,2255,174,%B2353875190345341^YXZRRFYXZRRF^2311000000000000000?,%B2353875190345341=2408101997754417?,01/25/28,credit,1
CcS-6224,1643,IT300615615057763347382815,7518112738692580,6670,798,%B7518112738692580^FIJJCGFIJJCG^3105000000000000000?,%B7518112738692580=2711101532305787?,06/29/28,credit,0
CcS-6225,1644,PL555963383790319416968342,6595328012657351,3089,457,%B6595328012657351^DXZIASDXZIAS^2310000000000000000?,%B6595328012657351=3405101182683842?,02/26/28,debit,0
CcS-6226,1645,IT784863601244689856736570,3212049374554041,9925,212,%B3212049374554041^UNDGSFUNDGSF^2202000000000000000?,%B3212049374554041=2911101983131353?,07/26/28,credit,0
CcS-6227,1646,CA732882914367328767797039,9769092871812738,6121,725,%B9769092871812738^PEMZFRPEMZFR^3312000000000000000?,%B9769092871812738=2409101664270835?,09/25/28,credit,1
CcS-6228,1647,GB372239509386541158806691,5989928695104291,8864,818,%B5989928695104291^YRPXXKYRPXXK^2610000000000000000?,%B5989928695104291=3409101219028740?,01/28/28,premium_credit,0
CcS-6229,1648,PL417569589985589826238975,2517571126277970,8003,989,%B2517571126277970^BVMLXEBVMLXE^2807000000000000000?,%B2517571126277970=2712101701477639?,12/27/28,credit,0
CcS-6230,1649,PT181462723995511223339920,2823514929028767,7082,638,%B2823514929028767^UCQVIKUCQVIK^3407000000000000000?,%B2823514929028767=2705101731815233?,08/28/28,debit,0
CcS-6231,1650,CA742155039454222533237292,5427038037071798,9988,248,%B5427038037071798^TOQRQPTOQRQP^2407000000000000000?,%B5427038037071798=3312101665791877?,09/29/28,credit,0
CcS-6232,1651,GB138212213769876529371506,7375056987477869,6257,986,%B7375056987477869^RGTPJXRGTPJX^2301000000000000000?,%B7375056987477869=2510101550067285?,12/27/28,premium_credit,0
CcS-6233,1652,NL474457363174931648689945,7087586663691380,1993,157,%B7087586663691380^MMQINEMMQINE^3107000000000000000?,%B7087586663691380=2212101102523426?,04/28/28,credit,0
CcS-6234,1653,FR381587245615176136829978,3231626194013135,5320,695,%B3231626194013135^QOTKWEQOTKWE^3312000000000000000?,%B3231626194013135=2412101554248958?,02/26/28,debit,0
CcS-6235,1654,PL303639968889950756125243,1047168744457252,5748,798,%B1047168744457252^SHMLKJSHMLKJ^3009000000000000000?,%B1047168744457252=3002101152121372?,06/27/28,debit,0
CcS-6236,1655,GB883826602907943267706417,5250233444309208,3688,418,%B5250233444309208^YIRKGSYIRKGS^2812000000000000000?,%B5250233444309208=2902101443185421?,09/25/28,premium_credit,1
CcS-6237,1656,IT384597822629493878517041,8575732155091191,5138,962,%B8575732155091191^ZUMGOMZUMGOM^2702000000000000000?,%B8575732155091191=2407101807625806?,08/25/28,prepaid,1
CcS-6238,1657,DE269262539185447477038133,3415363141318999,6134,327,%B3415363141318999^ZEBJYJZEBJYJ^2203000000000000000?,%B3415363141318999=2208101899879691?,06/25/28,credit,1
CcS-6239,1658,GB156047349242324182904317,0236374086948273,2000,391,%B0236374086948273^TGPRNTTGPRNT^2306000000000000000?,%B0236374086948273=3205101423748274?,12/29/28,credit,0
CcS-6240,1659,PT245092605627741143340629,5283466658882312,1200,339,%B5283466658882312^JXWAXYJXWAXY^2603000000000000000?,%B5283466658882312=3106101441841990?,09/28/28,debit,0
CcS-6241,1660,DE747871634948112439982047,2797758211257797,4747,959,%B2797758211257797^TIQNFLTIQNFL^2405000000000000000?,%B2797758211257797=3011101727050757?,01/26/28,debit,0
CcS-6242,1661,PL926772384844852408996031,8229682149787249,2717,755,%B8229682149787249^NSALPBNSALPB^3205000000000000000?,%B8229682149787249=2208101729899754?,07/26/28,debit,0
CcS-6243,1662,ES921903888200297376717895,9617824501720479,8730,155,%B9617824501720479^KSDTDHKSDTDH^2702000000000000000?,%B9617824501720479=2701101357384282?,11/28/28,prepaid,0
CcS-6244,1663,SE967764144190456157522612,2047076704308906,6813,187,%B2047076704308906^FVYEKJFVYEKJ^3104000000000000000?,%B2047076704308906=2910101466370575?,05/29/28,credit,0
CcS-6245,1664,PT194145764415252173483054,6595321793713607,9566,138,%B6595321793713607^YLHFSNYLHFSN^2903000000000000000?,%B6595321793713607=3308101572181041?,05/29/28,debit,0
CcS-6246,1665,SE284703231112843328905376,8695937772660150,9177,107,%B8695937772660150^YEPAKFYEPAKF^2211000000000000000?,%B8695937772660150=3007101750638714?,02/28/28,credit,0
CcS-6247,1666,ES883397831093741339416437,9595414569063933,5475,220,%B9595414569063933^OCNLVCOCNLVC^2610000000000000000?,%B9595414569063933=3201101536279887?,04/26/28,credit,0
CcS-6248,1667,PT165997680284562625764531,3278262318596475,3919,985,%B3278262318596475^WJCMMIWJCMMI^2607000000000000000?,%B3278262318596475=2702101746121205?,08/25/28,debit,1
CcS-6249,1668,GB959115709654970453991749,3731120529608465,8827,754,%B3731120529608465^FJVUIHFJVUIH^2607000000000000000?,%B3731120529608465=3006101191867976?,08/28/28,credit,0
CcS-6250,1669,PT351402574343107014792852,6760517879882266,9773,660,%B6760517879882266^AHHYACAHHYAC^2403000000000000000?,%B6760517879882266=3004101991392874?,03/25/28,credit,1
CcS-6251,1670,FR196635232204208381133404,8278159532982184,9420,563,%B8278159532982184^AHUKURAHUKUR^2607000000000000000?,%B8278159532982184=2812101859871573?,02/25/28,credit,1
CcS-6252,1671,US339952345885059244932067,2642992471252982,7991,964,%B2642992471252982^SFZSLGSFZSLG^2612000000000000000?,%B2642992471252982=3406101546414546?,03/29/28,credit,0
CcS-6253,1672,GB762758407241646644827031,1270386359261181,9622,750,%B1270386359261181^XAONNSXAONNS^2609000000000000000?,%B1270386359261181=2610101908383430?,11/26/28,credit,0
CcS-6254,1673,ES943042133244796861250765,2848215140406558,4036,641,%B2848215140406558^WKSCGQWKSCGQ^3105000000000000000?,%B2848215140406558=2911101160224297?,10/25/28,debit,1
CcS-6255,1674,PT459477282976880026223703,6112094451814513,7735,361,%B6112094451814513^ZAKYOQZAKYOQ^2310000000000000000?,%B6112094451814513=2707101149456230?,05/25/28,debit,1
CcS-6256,1675,DE526372968533052206826828,2795677055651186,1895,200,%B2795677055651186^YQPUAPYQPUAP^3003000000000000000?,%B2795677055651186=2812101763002088?,03/27/28,credit,0
CcS-6257,1676,NL183680894359444797938751,9789468002512244,8480,568,%B9789468002512244^RROQZLRROQZL^2301000000000000000?,%B9789468002512244=2807101148840533?,04/28/28,prepaid,0
CcS-6258,1677,US715463926192001010288783,2044766492468432,1095,327,%B2044766492468432^EEICCHEEICCH^2406000000000000000?,%B2044766492468432=2207101943451082?,10/28/28,credit,0
CcS-6259,1678,GB984331988038311983000704,0590389120626300,5160,893,%B0590389120626300^MCRIXQMCRIXQ^2407000000000000000?,%B0590389120626300=2901101871664404?,11/29/28,credit,0
CcS-6260,1679,NL928481766291900680931782,4483805771805495,3424,924,%B4483805771805495^ZVDNFJZVDNFJ^2303000000000000000?,%B4483805771805495=3303101688505475?,02/25/28,premium_credit,1
CcS-6261,1680,IT756610159775189340890682,5135339876151724,8398,922,%B5135339876151724^WUIWTHWUIWTH^2401000000000000000?,%B5135339876151724=3010101263288842?,08/25/28,credit,1
CcS-6262,1681,GB637307553515158630804699,0935626919366488,3214,169,%B0935626919366488^BHRLPDBHRLPD^3103000000000000000?,%B0935626919366488=3406101262854085?,07/25/28,credit,1
CcS-6263,1682,GB407680736637043320479504,6946678735591280,8359,240,%B6946678735591280^NXILCJNXILCJ^2208000000000000000?,%B6946678735591280=3412101221179473?,11/25/28,premium_credit,1
CcS-6264,1683,US658425747071612496840242,6519070697350506,9693,590,%B6519070697350506^BLRLJXBLRLJX^3005000000000000000?,%B6519070697350506=2504101558342793?,04/26/28,credit,0
CcS-6265,1684,CA260735971763452113600384,1829622724860088,7276,157,%B1829622724860088^QDYQCJQDYQCJ^2403000000000000000?,%B1829622724860088=2512101793510868?,05/26/28,prepaid,0
CcS-6266,1685,DE975255494829631922229558,6276639500397545,7346,649,%B6276639500397545^OIBOYGOIBOYG^2607000000000000000?,%B6276639500397545=3108101543152960?,08/26/28,credit,0
CcS-6267,1686,SE466191066056059801192362,7203782587623057,1229,294,%B7203782587623057^UXKYWZUXKYWZ^2611000000000000000?,%B7203782587623057=2902101906382645?,06/25/28,credit,1
CcS-6268,1687,CA306680025180469212607249,0371504271544699,8456,265,%B0371504271544699^YZZBQHYZZBQH^2705000000000000000?,%B0371504271544699=3101101790617968?,12/26/28,debit,0
CcS-6269,1688,PL710519240607506926792491,8237780530511232,7217,294,%B8237780530511232^JIUXKUJIUXKU^3012000000000000000?,%B8237780530511232=2601101784296119?,10/26/28,premium_credit,0
CcS-6270,1689,ES682327046808839453542284,2040977745904537,4498,129,%B2040977745904537^NCTXVPNCTXVP^2212000000000000000?,%B2040977745904537=2810101699252428?,11/25/28,debit,1
CcS-6271,1690,CA397268270232894221958618,9382229151411009,3920,886,%B9382229151411009^DGTLNMDGTLNM^2604000000000000000?,%B9382229151411009=2905101740448315?,02/29/28,debit,0
CcS-6272,1691,CA579633111429665738994328,5121440690304814,6609,580,%B5121440690304814^LJKTWPLJKTWP^3201000000000000000?,%B5121440690304814=2703101912639843?,09/27/28,debit,0
CcS-6273,1692,DE313804086984983213287012,5357697355844980,7457,627,%B5357697355844980^ZEJAZXZEJAZX^3112000000000000000?,%B5357697355844980=3104101541437849?,10/29/28,credit,0
CcS-6274,1693,ES194570459589636657795140,3489632803906386,5996,211,%B3489632803906386^FLRTLZFLRTLZ^3410000000000000000?,%B3489632803906386=3105101398603032?,08/29/28,credit,0
CcS-6275,1694,CA389830291869953367362822,2710280572548071,5220,186,%B2710280572548071^BLLIVTBLLIVT^3002000000000000000?,%B2710280572548071=3103101176578214?,11/27/28,debit,0
CcS-6276,1695,IT527104751832327008682211,2341163555499597,7906,900,%B2341163555499597^WLZZPQWLZZPQ^3201000000000000000?,%B2341163555499597=2809101812346408?,11/26/28,debit,0
CcS-6277,1696,ES443382912844609485797075,0475369710154030,4420,305,%B0475369710154030^MSJHOQMSJHOQ^3210000000000000000?,%B0475369710154030=3406101521591691?,03/26/28,credit,0
CcS-6278,1697,ES184680825531423561264338,1854670718424953,8796,641,%B1854670718424953^KKROEPKKROEP^2601000000000000000?,%B1854670718424953=3102101522474881?,03/29/28,debit,0
CcS-6279,1698,US940022617078435577089026,9251941738737673,2951,903,%B9251941738737673^WOLVMQWOLVMQ^2301000000000000000?,%B9251941738737673=3412101922137305?,12/28/28,prepaid,0
CcS-6280,1699,PL347337253531927095803655,6147565700325034,6073,284,%B6147565700325034^FSNDHDFSNDHD^3112000000000000000?,%B6147565700325034=3410101612877783?,06/26/28,debit,0
CcS-6281,1700,US504129231777949556092265,8918315103304958,2289,910,%B8918315103304958^TNHJAMTNHJAM^2603000000000000000?,%B8918315103304958=2805101348677381?,01/27/28,debit,0
CcS-6282,1701,CA933232620754772296287787,9629054127903216,1258,309,%B9629054127903216^VCMTRYVCMTRY^3202000000000000000?,%B9629054127903216=3209101755613787?,10/28/28,credit,0
CcS-6283,1702,SE395041826163587844389759,5591885918048809,6118,623,%B5591885918048809^ECTOTVECTOTV^2912000000000000000?,%B5591885918048809=3206101244522701?,09/28/28,debit,0
CcS-6284,1703,NL555565761936131161365384,7452956103784528,3346,708,%B7452956103784528^BMOWNBBMOWNB^3004000000000000000?,%B7452956103784528=2509101552337584?,08/29/28,credit,0
CcS-6285,1704,US461768569868746603456414,6815414217967273,8911,498,%B6815414217967273^ZMAGKXZMAGKX^3307000000000000000?,%B6815414217967273=3302101647221731?,01/29/28,credit,0
CcS-6286,1705,FR642056976660886836151920,1615526873597356,9031,222,%B1615526873597356^LHYEITLHYEIT^3205000000000000000?,%B1615526873597356=2308101828832580?,04/28/28,credit,0
CcS-6287,1706,PT572023650382514812115541,0064434726195208,5382,452,%B0064434726195208^XLIIOQXLIIOQ^3201000000000000000?,%B0064434726195208=3407101966961322?,08/27/28,debit,0
CcS-6288,1707,CA682283802050180351032669,7589882349080414,3411,916,%B7589882349080414^SFUJLLSFUJLL^3005000000000000000?,%B7589882349080414=2509101437784089?,02/29/28,debit,0
CcS-6289,1708,NL948386583050984179521930,0760178498104005,5642,240,%B0760178498104005^TDIRPITDIRPI^2211000000000000000?,%B0760178498104005=3401101473101735?,07/26/28,premium_credit,0
CcS-6290,1709,PL854598231371376813858866,0963394386825621,7916,438,%B0963394386825621^SHNSMLSHNSML^2405000000000000000?,%B0963394386825621=2307101863751275?,06/28/28,credit,0
CcS-6291,1710,FR395652425213807418120011,2955222036910090,1515,857,%B2955222036910090^RKFLKARKFLKA^3006000000000000000?,%B2955222036910090=2310101647605641?,03/26/28,debit,0
CcS-6292,1711,DE347321076165753709030488,1585579155235045,1087,604,%B1585579155235045^NOXLDLNOXLDL^2203000000000000000?,%B1585579155235045=3201101708220948?,09/27/28,credit,0
CcS-6293,1712,ES790949104406251811003634,2533346753895363,6514,818,%B2533346753895363^RWRGORRWRGOR^2311000000000000000?,%B2533346753895363=2901101888232639?,01/27/28,debit,0
CcS-6294,1713,SE153848384703312770135262,2459864463645947,3418,464,%B2459864463645947^XWOXZDXWOXZD^2205000000000000000?,%B2459864463645947=2702101503612862?,03/26/28,credit,0
CcS-6295,1714,GB364423748292776566584459,6344105309144927,7928,778,%B6344105309144927^MIEZJKMIEZJK^3202000000000000000?,%B6344105309144927=2509101444400164?,08/25/28,debit,1
CcS-6296,1715,CA979981280422072344165699,7960554211296198,9092,399,%B7960554211296198^UIZIADUIZIAD^3010000000000000000?,%B7960554211296198=2306101265901330?,03/28/28,credit,0
CcS-6297,1716,PT265687720091795501421896,7703116020541365,4658,950,%B7703116020541365^FQDDNEFQDDNE^2505000000000000000?,%B7703116020541365=2706101585330569?,03/25/28,debit,1
CcS-6298,1717,FR180295173761845129749080,7096639468923709,7145,110,%B7096639468923709^QXRGGMQXRGGM^3202000000000000000?,%B7096639468923709=3007101722427752?,04/28/28,debit,0
CcS-6299,1718,PT326090419445859041765128,5050502320709650,7891,139,%B5050502320709650^ZMEGBAZMEGBA^2803000000000000000?,%B5050502320709650=2507101422972235?,10/26/28,debit,0
CcS-6300,1719,FR446088590758863025037755,7921068348793170,6959,254,%B7921068348793170^HGUEZUHGUEZU^2209000000000000000?,%B7921068348793170=3007101360930172?,10/29/28,credit,0
CcS-6301,1720,ES357145042250444250901398,9191807550022247,7105,857,%B9191807550022247^ZVECYGZVECYG^2910000000000000000?,%B9191807550022247=3108101474613085?,12/27/28,credit,0
CcS-6302,1721,NL410341957436476470720857,7796807480983489,7781,214,%B7796807480983489^TDGHIVTDGHIV^2910000000000000000?,%B7796807480983489=2912101669463436?,11/25/28,premium_credit,1
CcS-6303,1722,ES323151066514014464514709,6464770750886496,1199,660,%B6464770750886496^YLFROHYLFROH^2810000000000000000?,%B6464770750886496=3110101703556375?,09/26/28,credit,0
CcS-6304,1723,NL984308146793906980068435,6048964107605229,9006,246,%B6048964107605229^FWCITBFWCITB^3001000000000000000?,%B6048964107605229=3105101340122821?,12/26/28,debit,0
CcS-6305,1724,NL653246225420912349838426,0137204147368264,6369,709,%B0137204147368264^SXWBLTSXWBLT^2903000000000000000?,%B0137204147368264=2908101677344759?,08/29/28,credit,0
CcS-6306,1725,US895821466525021372590344,0708789406271177,5743,628,%B0708789406271177^MHMDDPMHMDDP^2710000000000000000?,%B0708789406271177=2711101946876553?,04/27/28,credit,0
CcS-6307,1726,FR258486484984064455670925,2383919873399288,9063,488,%B2383919873399288^FBOOHEFBOOHE^3001000000000000000?,%B2383919873399288=2501101953985522?,04/28/28,debit,0
CcS-6308,1727,FR874981687001076518001690,8660322537843552,8260,992,%B8660322537843552^GCIDHBGCIDHB^3210000000000000000?,%B8660322537843552=2903101466196531?,01/28/28,debit,0
CcS-6309,1728,ES377675748906571001468382,7478361118711041,7155,208,%B7478361118711041^GLHMMWGLHMMW^2509000000000000000?,%B7478361118711041=3411101499333989?,01/28/28,debit,0
CcS-6310,1729,ES790345715653538083242078,0511197816484420,3070,963,%B0511197816484420^IJKTIEIJKTIE^2306000000000000000?,%B0511197816484420=3308101183004507?,04/25/28,debit,1
CcS-6311,1730,NL255559831759051313672090,6529804158481100,4255,130,%B6529804158481100^JBAPLCJBAPLC^2210000000000000000?,%B6529804158481100=2704101500717726?,03/29/28,credit,0
CcS-6312,1731,PT216024437275392991509746,4439961754236880,6183,810,%B4439961754236880^SPPQUISPPQUI^3108000000000000000?,%B4439961754236880=3410101802310915?,10/26/28,credit,0
CcS-6313,1732,IT269541224103922958991415,1211575218188377,2587,946,%B1211575218188377^SEHADASEHADA^2205000000000000000?,%B1211575218188377=2207101344901011?,12/26/28,credit,0
CcS-6314,1733,PT489487887263768724280682,9148375526356892,1116,720,%B9148375526356892^RREDEURREDEU^2702000000000000000?,%B9148375526356892=3205101392570582?,02/29/28,debit,0
CcS-6315,1734,SE281496199151902053166760,8811149400750065,2000,660,%B8811149400750065^LMLBMOLMLBMO^2407000000000000000?,%B8811149400750065=2408101313409421?,09/26/28,debit,0
CcS-6316,1735,SE381086879104613685677891,0854766343514069,3877,482,%B0854766343514069^ZSWPZCZSWPZC^3302000000000000000?,%B0854766343514069=2712101827687931?,05/26/28,premium_credit,0
CcS-6317,1736,PT196168344129024805159504,1143850824390963,6998,354,%B1143850824390963^DLEQMJDLEQMJ^2501000000000000000?,%B1143850824390963=2704101139241977?,07/27/28,credit,0
CcS-6318,1737,GB208509886802727233499363,3009619495020277,6931,919,%B3009619495020277^PWBQCZPWBQCZ^2502000000000000000?,%B3009619495020277=3208101560139623?,06/28/28,credit,0
CcS-6319,1738,PT147533090233187210984731,9618393279852145,8809,159,%B9618393279852145^FSICBYFSICBY^2212000000000000000?,%B9618393279852145=3210101208650440?,06/25/28,debit,1
CcS-6320,1739,ES745724126074123194680955,4283720210629874,6797,724,%B4283720210629874^MQBUMPMQBUMP^2407000000000000000?,%B4283720210629874=2503101801771975?,11/28/28,credit,0
CcS-6321,1740,PT987509959613657510499816,3218236025827172,2743,653,%B3218236025827172^VNSVJQVNSVJQ^2702000000000000000?,%B3218236025827172=3406101208389515?,08/27/28,prepaid,0
CcS-6322,1741,DE439456852158232635584607,1190606487270646,4110,911,%B1190606487270646^DJUUCTDJUUCT^2604000000000000000?,%B1190606487270646=3005101507538655?,05/27/28,prepaid,0
CcS-6323,1742,IT806537654465364661393670,4153685600159521,5123,593,%B4153685600159521^MGLNLRMGLNLR^3408000000000000000?,%B4153685600159521=2710101375488677?,03/27/28,debit,0
CcS-6324,1743,US659074676905033756966915,5311267875841980,4350,590,%B5311267875841980^XYLMWOXYLMWO^2403000000000000000?,%B5311267875841980=3310101186995092?,01/29/28,credit,0
CcS-6325,1744,IT316871723273088071605997,5118028532284987,9130,446,%B5118028532284987^BXYIHHBXYIHH^3008000000000000000?,%B5118028532284987=2201101173808046?,01/29/28,debit,0
CcS-6326,1745,PT180821794001618533281823,3342876588165894,8624,702,%B3342876588165894^BEGUZCBEGUZC^2409000000000000000?,%B3342876588165894=2807101864209388?,11/29/28,debit,0
CcS-6327,1746,DE304542198395846481241592,6888764889723293,4399,579,%B6888764889723293^GVUELIGVUELI^2306000000000000000?,%B6888764889723293=2702101585110175?,03/27/28,debit,0
CcS-6328,1747,GB257839043487770635344059,7731605407611882,9153,727,%B7731605407611882^SZTQLZSZTQLZ^3203000000000000000?,%B7731605407611882=3306101303872179?,07/27/28,debit,0
CcS-6329,1748,US174954041317683488102905,6003152650159535,8687,881,%B6003152650159535^BHRUWCBHRUWC^3306000000000000000?,%B6003152650159535=3201101436318746?,12/27/28,credit,0
CcS-6330,1749,CA463908972293313164651100,8442941935144199,6250,338,%B8442941935144199^BZPPUIBZPPUI^3109000000000000000?,%B8442941935144199=3311101297728938?,04/25/28,credit,1
CcS-6331,1750,NL534190628444890495820785,7318684899402034,4142,194,%B7318684899402034^YVECXLYVECXL^2510000000000000000?,%B7318684899402034=2503101777807327?,01/29/28,premium_credit,0
CcS-6332,1751,ES988801012153498129010822,0302551284428516,5044,761,%B0302551284428516^DEYRYJDEYRYJ^2412000000000000000?,%B0302551284428516=3203101142085114?,01/27/28,credit,0
CcS-6333,1752,DE148742848251211493375910,7627589498631108,6002,542,%B7627589498631108^GUWIRWGUWIRW^3202000000000000000?,%B7627589498631108=2804101613204718?,02/27/28,credit,0
CcS-6334,1753,NL324349748961815715469425,7497482108642317,4762,913,%B7497482108642317^XKJGQAXKJGQA^3211000000000000000?,%B7497482108642317=2204101266080537?,11/26/28,debit,0
CcS-6335,1754,SE327372421478422728900432,7622741553213960,4090,659,%B7622741553213960^RLOJSSRLOJSS^3002000000000000000?,%B7622741553213960=3010101392404068?,12/25/28,credit,1
CcS-6336,1755,SE985913728451040371594074,5791287732905916,2074,935,%B5791287732905916^NEFJLVNEFJLV^3303000000000000000?,%B5791287732905916=2803101638928156?,05/27/28,debit,0
CcS-6337,1756,NL285609316287967095668665,2700266575870287,8984,817,%B2700266575870287^DEAOYQDEAOYQ^2709000000000000000?,%B2700266575870287=3305101715709618?,05/26/28,prepaid,0
CcS-6338,1757,US248922664771543634748911,4424870863398595,3620,995,%B4424870863398595^NTKYJFNTKYJF^2703000000000000000?,%B4424870863398595=3003101246480477?,03/26/28,credit,0
CcS-6339,1758,ES472537711214067368611999,6957279681174773,9904,240,%B6957279681174773^LDLDTMLDLDTM^3211000000000000000?,%B6957279681174773=2907101560592762?,01/29/28,debit,0
CcS-6340,1759,ES779920019515086088951178,9049862025529357,1777,100,%B9049862025529357^ACHLBLACHLBL^2907000000000000000?,%B9049862025529357=3305101875857479?,05/27/28,credit,0
CcS-6341,1760,CA134638372552156690588135,1744474737108645,3821,699,%B1744474737108645^WQSITAWQSITA^3404000000000000000?,%B1744474737108645=3208101954135296?,08/26/28,debit,0
CcS-6342,1761,IT821950807800969428153410,0323717378916191,9266,180,%B0323717378916191^ETDPFDETDPFD^3409000000000000000?,%B0323717378916191=2512101602962256?,06/26/28,credit,0
CcS-6343,1762,PL458043212007412191336186,5682879718851872,7450,300,%B5682879718851872^GEDPTWGEDPTW^3407000000000000000?,%B5682879718851872=2410101110824618?,03/25/28,debit,1
CcS-6344,1763,PL829065871225113000483765,2034503933965673,3949,746,%B2034503933965673^NAKDWYNAKDWY^2512000000000000000?,%B2034503933965673=2606101552699289?,03/29/28,credit,0
CcS-6345,1764,NL776891344697841144457428,6957024602476882,2306,797,%B6957024602476882^CIVWRMCIVWRM^3410000000000000000?,%B6957024602476882=3202101978041648?,10/26/28,credit,0
CcS-6346,1765,PL568629566794411367203558,2944382061735223,1563,111,%B2944382061735223^ZPSFBGZPSFBG^2607000000000000000?,%B2944382061735223=2504101519903559?,08/28/28,debit,0
CcS-6347,1766,ES308944443501855934812978,4098510046261769,9670,728,%B4098510046261769^GUZXQKGUZXQK^2404000000000000000?,%B4098510046261769=3311101343229405?,12/29/28,prepaid,0
CcS-6348,1767,PL440133481141944631709063,5646391003913431,5135,929,%B5646391003913431^XVHCZXXVHCZX^3008000000000000000?,%B5646391003913431=3407101627585819?,09/25/28,debit,1
CcS-6349,1768,PL617731363290841515810671,7320179725579231,6398,489,%B7320179725579231^GXPDAEGXPDAE^3112000000000000000?,%B7320179725579231=2611101660435083?,11/26/28,debit,0
CcS-6350,1769,IT673809629265215968889033,6919541205813940,4346,279,%B6919541205813940^BYBGBTBYBGBT^3004000000000000000?,%B6919541205813940=2403101895512976?,08/28/28,debit,0
CcS-6351,1770,ES210256844228228350121924,1340392641496828,3932,425,%B1340392641496828^GJFOOWGJFOOW^3402000000000000000?,%B1340392641496828=2310101763291963?,12/26/28,debit,0
CcS-6352,1771,DE276886168616372426294035,1782329098292033,1258,538,%B1782329098292033^ZLLXZVZLLXZV^3307000000000000000?,%B1782329098292033=2607101649515183?,06/29/28,premium_credit,0
CcS-6353,1772,CA256729242864408166177810,2513089828513999,8186,919,%B2513089828513999^HOTIJZHOTIJZ^2209000000000000000?,%B2513089828513999=2606101627170416?,11/26/28,credit,0
CcS-6354,1773,IT682919117207157980875451,1606210336041135,5808,997,%B1606210336041135^GEOBNTGEOBNT^3010000000000000000?,%B1606210336041135=2708101674196208?,10/29/28,debit,0
CcS-6355,1774,US788296383995162064604105,7796522643580901,8905,802,%B7796522643580901^PPPXQKPPPXQK^3403000000000000000?,%B7796522643580901=2801101200208969?,11/28/28,credit,0
CcS-6356,1775,ES544603576676351723181525,8200897178288325,6894,906,%B8200897178288325^IEWGPYIEWGPY^2206000000000000000?,%B8200897178288325=3303101859576857?,07/25/28,debit,1
CcS-6357,1776,PL967241567381753132336084,5299518090437177,2327,994,%B5299518090437177^MQQPTTMQQPTT^2404000000000000000?,%B5299518090437177=3304101698090649?,09/26/28,credit,0
CcS-6358,1777,ES769381527753758687356339,5378597532488194,4920,890,%B5378597532488194^MTDKLKMTDKLK^2510000000000000000?,%B5378597532488194=2907101706223813?,01/27/28,debit,0
CcS-6359,1778,GB171372766837123806140525,3528139340753380,9457,728,%B3528139340753380^VIJYRAVIJYRA^2706000000000000000?,%B3528139340753380=2305101118002705?,02/25/28,debit,1
CcS-6360,1779,IT806515134824124651878846,8605248964967423,4832,160,%B8605248964967423^CNFPGICNFPGI^3310000000000000000?,%B8605248964967423=2602101146003950?,10/27/28,debit,0
CcS-6361,1780,CA708852709391460323595020,9298340212682582,3815,173,%B9298340212682582^VCDCFOVCDCFO^2710000000000000000?,%B9298340212682582=2707101501056341?,03/28/28,debit,0
CcS-6362,1781,PL112136116829755298839543,3442891115449569,1291,148,%B3442891115449569^YZHIQKYZHIQK^3212000000000000000?,%B3442891115449569=2602101447868055?,12/27/28,debit,0
CcS-6363,1782,DE762228048603541039432975,3851444475949442,9446,749,%B3851444475949442^BFONCFBFONCF^2207000000000000000?,%B3851444475949442=2702101513113086?,02/25/28,debit,1
CcS-6364,1783,GB829760503926134181576574,9583452607865786,2104,881,%B9583452607865786^XSOPIAXSOPIA^3001000000000000000?,%B9583452607865786=2706101582160620?,04/25/28,credit,1
CcS-6365,1784,CA309684589503327568723038,8395504454134005,6084,326,%B8395504454134005^DRQJSQDRQJSQ^2406000000000000000?,%B8395504454134005=2904101646488839?,07/26/28,debit,0
CcS-6366,1785,FR375352208680712064239551,7796207405672890,1554,412,%B7796207405672890^CVRLSQCVRLSQ^2608000000000000000?,%B7796207405672890=2209101161948088?,02/26/28,debit,0
CcS-6367,1786,SE238147736774911433287367,3885642781577691,4031,184,%B3885642781577691^JJMJVMJJMJVM^3201000000000000000?,%B3885642781577691=3209101898145554?,09/25/28,credit,1
CcS-6368,1787,GB731723367800639740192186,0607591218944849,4510,320,%B0607591218944849^LIROROLIRORO^2405000000000000000?,%B0607591218944849=3312101272968634?,06/25/28,credit,1
CcS-6369,1788,ES659044833519563984280709,0134777915864561,9384,705,%B0134777915864561^CPHITJCPHITJ^3011000000000000000?,%B0134777915864561=2310101762412192?,03/25/28,debit,1
CcS-6370,1789,GB627006035194999549737264,7864062557798833,2073,154,%B7864062557798833^ARUVWIARUVWI^2305000000000000000?,%B7864062557798833=2405101738815849?,11/25/28,debit,1
CcS-6371,1790,ES504083402277896572999721,3570228317252183,9663,704,%B3570228317252183^BWRBDRBWRBDR^2606000000000000000?,%B3570228317252183=3101101768483505?,12/27/28,debit,0
CcS-6372,1791,DE979160488391832261416622,3675861451348884,8875,143,%B3675861451348884^GNUYCJGNUYCJ^2805000000000000000?,%B3675861451348884=2904101193875603?,06/29/28,credit,0
CcS-6373,1792,GB431224630220734230319518,9435045623916293,5611,988,%B9435045623916293^LGKSZULGKSZU^3307000000000000000?,%B9435045623916293=2606101293624967?,08/27/28,credit,0
CcS-6374,1793,CA133060727799428001951351,1408241529822681,8068,501,%B1408241529822681^WJLYBGWJLYBG^2501000000000000000?,%B1408241529822681=2602101976878726?,02/28/28,premium_credit,0
CcS-6375,1794,DE248996860687342991267183,3224842832078176,1590,786,%B3224842832078176^KGNYQUKGNYQU^3208000000000000000?,%B3224842832078176=2707101867549881?,10/29/28,prepaid,0
CcS-6376,1795,US631678011658274494766350,3917973582351613,8541,862,%B3917973582351613^WTZZAUWTZZAU^3109000000000000000?,%B3917973582351613=3005101320272829?,04/26/28,credit,0
CcS-6377,1796,SE430023096138718052075329,7267454171433808,3085,950,%B7267454171433808^MPIOOWMPIOOW^2801000000000000000?,%B7267454171433808=3212101664769857?,08/27/28,premium_credit,0
CcS-6378,1797,GB637728946869216973058325,4527274131588151,8117,683,%B4527274131588151^HPAXQUHPAXQU^2810000000000000000?,%B4527274131588151=3107101814399660?,10/25/28,credit,1
CcS-6379,1798,PT291052201207580334108472,2442899642821865,2123,875,%B2442899642821865^XWAOQAXWAOQA^2610000000000000000?,%B2442899642821865=3003101448245123?,02/29/28,debit,0
CcS-6380,1799,IT473447874531400034351454,2723179329851962,2168,944,%B2723179329851962^OKEZHSOKEZHS^2204000000000000000?,%B2723179329851962=2612101366705306?,04/25/28,credit,1
CcS-6381,1800,NL296597874329860225131433,0758663634168321,3309,136,%B0758663634168321^SHIOTRSHIOTR^3209000000000000000?,%B0758663634168321=3002101964412548?,10/28/28,credit,0
CcS-6382,1801,ES774150912127290776349556,4031375131898069,4423,766,%B4031375131898069^GJSAQSGJSAQS^3008000000000000000?,%B4031375131898069=3107101355555229?,10/25/28,credit,1
CcS-6383,1802,SE858500799627764740766122,9205062097544426,3044,208,%B9205062097544426^BKZOVEBKZOVE^2202000000000000000?,%B9205062097544426=2203101718709315?,04/29/28,prepaid,0
CcS-6384,1803,GB529552486819901596755281,2754761922683634,3592,757,%B2754761922683634^SGWMYLSGWMYL^2701000000000000000?,%B2754761922683634=3301101500159481?,09/25/28,credit,1
CcS-6385,1804,NL562015901940934449884576,1854496078765771,9786,417,%B1854496078765771^NKCDSONKCDSO^2205000000000000000?,%B1854496078765771=2406101684364345?,07/29/28,debit,0
CcS-6386,1805,GB912327550471283946416581,0308914777970595,7546,336,%B0308914777970595^IYPKCFIYPKCF^2609000000000000000?,%B0308914777970595=2410101236642641?,05/25/28,debit,1
CcS-6387,1806,FR547907409059110034357101,5922069752191872,8488,756,%B5922069752191872^SIARGNSIARGN^2407000000000000000?,%B5922069752191872=3404101593440335?,07/26/28,debit,0
CcS-6388,1807,IT505361048550031259091352,7516930846689843,1367,779,%B7516930846689843^TSROLETSROLE^2501000000000000000?,%B7516930846689843=2203101743452891?,06/28/28,premium_credit,0
CcS-6389,1808,IT316458851811163770031291,8088575589662010,5618,637,%B8088575589662010^INBGCXINBGCX^2309000000000000000?,%B8088575589662010=2505101996665175?,06/29/28,credit,0
CcS-6390,1809,FR460429768011073690779284,2429529534329734,8647,894,%B2429529534329734^LAZYLOLAZYLO^2305000000000000000?,%B2429529534329734=3201101665646542?,05/28/28,debit,0
CcS-6391,1810,FR374091018843158793589938,2079035598957809,8890,931,%B2079035598957809^AFSLVCAFSLVC^2812000000000000000?,%B2079035598957809=2607101169587568?,04/28/28,credit,0
CcS-6392,1811,CA378407441859261614998852,7605469378432649,8240,255,%B7605469378432649^NYKDUQNYKDUQ^2505000000000000000?,%B7605469378432649=3012101300679103?,09/25/28,credit,1
CcS-6393,1812,DE958334570489378077491644,3342821194444866,8049,674,%B3342821194444866^BLRNAHBLRNAH^2401000000000000000?,%B3342821194444866=2207101979590593?,05/27/28,debit,0
CcS-6394,1813,CA847026891336446175401558,4060209590382504,5709,691,%B4060209590382504^RSACRDRSACRD^3310000000000000000?,%B4060209590382504=2901101182372369?,06/28/28,debit,0
CcS-6395,1814,IT100627522751256372567345,7031658135206324,8237,210,%B7031658135206324^LQFPXCLQFPXC^3101000000000000000?,%B7031658135206324=2308101541540816?,01/29/28,credit,0
CcS-6396,1815,SE392163398680299504336460,9322714238911197,3058,528,%B9322714238911197^FGCNCMFGCNCM^3209000000000000000?,%B9322714238911197=2502101175352804?,08/28/28,debit,0
CcS-6397,1816,FR707691532732489283931732,8382390886023336,2359,721,%B8382390886023336^HSRZGOHSRZGO^2609000000000000000?,%B8382390886023336=2605101858966608?,05/29/28,credit,0
CcS-6398,1817,CA817443448587215122047864,2107603015670906,5259,722,%B2107603015670906^MFIQVKMFIQVK^3206000000000000000?,%B2107603015670906=2712101547280553?,11/26/28,debit,0
CcS-6399,1818,NL628812142814440961180854,4072668066948056,5038,647,%B4072668066948056^XJZRTQXJZRTQ^3401000000000000000?,%B4072668066948056=2204101975528586?,05/26/28,prepaid,0
CcS-6400,1819,CA656813456228813341325302,2174244279287681,8684,306,%B2174244279287681^UDXFIJUDXFIJ^2403000000000000000?,%B2174244279287681=2709101108020801?,01/28/28,prepaid,0
CcS-6401,1820,US346146007132415746458909,1848621973537314,4025,211,%B1848621973537314^NLDIMXNLDIMX^2408000000000000000?,%B1848621973537314=3401101548364829?,01/28/28,credit,0
CcS-6402,1821,US859237036264987236195885,8184457656765647,7555,127,%B8184457656765647^DGXEFADGXEFA^3205000000000000000?,%B8184457656765647=2610101280506497?,07/28/28,credit,0
CcS-6403,1822,IT989523590060497521138804,8240936591260415,2762,648,%B8240936591260415^ALLDQFALLDQF^2612000000000000000?,%B8240936591260415=2810101206739963?,04/26/28,credit,0
CcS-6404,1823,IT673653966168555155818489,8137289505114840,6750,398,%B8137289505114840^OVCCUKOVCCUK^2404000000000000000?,%B8137289505114840=2310101693572174?,07/25/28,debit,1
CcS-6405,1824,PT194146664656418128172589,7971067924283577,2468,256,%B7971067924283577^ZPROGJZPROGJ^2302000000000000000?,%B7971067924283577=3102101161320055?,10/27/28,credit,0
CcS-6406,1825,PT156475629526959775199505,3857235159874412,8665,587,%B3857235159874412^HCYSIGHCYSIG^3003000000000000000?,%B3857235159874412=2201101632714906?,06/27/28,credit,0
CcS-6407,1826,CA268362711400259576003009,1452052825126246,8845,724,%B1452052825126246^NIVIKWNIVIKW^2303000000000000000?,%B1452052825126246=2712101752672611?,05/29/28,debit,0
CcS-6408,1827,FR259197697384630788970246,7393679680723567,2838,597,%B7393679680723567^JPWSPXJPWSPX^3109000000000000000?,%B7393679680723567=2509101819965121?,07/26/28,credit,0
CcS-6409,1828,CA344265014403884610135216,7980825660243464,4447,530,%B7980825660243464^PPKFTOPPKFTO^2607000000000000000?,%B7980825660243464=2806101697079256?,01/27/28,credit,0
CcS-6410,1829,CA939712005239745812417132,1603741083851339,6128,803,%B1603741083851339^WKQGTIWKQGTI^3308000000000000000?,%B1603741083851339=2911101359708873?,11/26/28,debit,0
CcS-6411,1830,SE879998207614938347255682,8713828522719234,7505,685,%B8713828522719234^AFUGFRAFUGFR^2601000000000000000?,%B8713828522719234=3004101736332894?,09/25/28,debit,1
CcS-6412,1831,DE324508253673959696872386,9933377519276624,5016,388,%B9933377519276624^SWZONHSWZONH^2410000000000000000?,%B9933377519276624=3410101621330259?,04/27/28,prepaid,0
CcS-6413,1832,ES251033440657302896121313,4204104840520514,1103,133,%B4204104840520514^TPSXFFTPSXFF^2703000000000000000?,%B4204104840520514=2706101261115070?,05/26/28,debit,0
CcS-6414,1833,SE926795852082012771516927,3420954701015020,6408,752,%B3420954701015020^YVNVOUYVNVOU^2509000000000000000?,%B3420954701015020=2407101231284400?,04/29/28,premium_credit,0
CcS-6415,1834,PL315076064101515775435493,0681202084814334,9751,418,%B0681202084814334^MRIQYIMRIQYI^2806000000000000000?,%B0681202084814334=2804101538893907?,05/26/28,debit,0
CcS-6416,1835,PL257908427781939150921671,7157005552247552,4290,992,%B7157005552247552^NYNMXHNYNMXH^3406000000000000000?,%B7157005552247552=3209101233863538?,08/29/28,debit,0
CcS-6417,1836,GB260121070456267924087230,7211991534696032,3333,550,%B7211991534696032^ELVWWDELVWWD^2405000000000000000?,%B7211991534696032=3110101398183931?,04/27/28,credit,0
CcS-6418,1837,ES205584257692035349644103,6186015202750112,4719,649,%B6186015202750112^EMWREAEMWREA^3407000000000000000?,%B6186015202750112=2210101754495637?,04/29/28,debit,0
CcS-6419,1838,US777259188371915109114527,8402891232103746,4621,949,%B8402891232103746^ZWNIRBZWNIRB^2207000000000000000?,%B8402891232103746=3206101466591306?,03/28/28,debit,0
CcS-6420,1839,IT645396738578046916628694,6108722280333243,6485,555,%B6108722280333243^RIUHOGRIUHOG^2811000000000000000?,%B6108722280333243=2309101558787935?,06/28/28,debit,0
CcS-6421,1840,GB333717462686086149168325,9853001212264775,1023,449,%B9853001212264775^VTKKGFVTKKGF^2410000000000000000?,%B9853001212264775=2804101374197683?,08/25/28,debit,1
CcS-6422,1841,IT114515427312112690950237,4537452957656780,5184,362,%B4537452957656780^GPFLOJGPFLOJ^3404000000000000000?,%B4537452957656780=2408101852823026?,10/25/28,credit,1
CcS-6423,1842,GB502051252426605260929177,6480633736877423,2044,607,%B6480633736877423^GOPAWNGOPAWN^2503000000000000000?,%B6480633736877423=3106101954375661?,05/27/28,debit,0
CcS-6424,1843,US701663505043544291697480,1746856377235513,7450,388,%B1746856377235513^HBSLGYHBSLGY^2912000000000000000?,%B1746856377235513=2311101324469941?,01/27/28,debit,0
CcS-6425,1844,IT794198023631190689167238,4316466550041107,9428,481,%B4316466550041107^BFWSRRBFWSRR^2606000000000000000?,%B4316466550041107=2906101412257914?,07/26/28,credit,0
CcS-6426,1845,CA651060341939630935431955,9016033470119476,2529,754,%B9016033470119476^KOPKNJKOPKNJ^2504000000000000000?,%B9016033470119476=2805101154729580?,11/29/28,debit,0
CcS-6427,1846,CA107748893107762297710002,2225278280474911,2096,339,%B2225278280474911^OTTRVMOTTRVM^2602000000000000000?,%B2225278280474911=2208101101816038?,06/26/28,credit,0
CcS-6428,1847,CA258376302771603633604566,9492251347702124,2909,480,%B9492251347702124^DJCLTWDJCLTW^2407000000000000000?,%B9492251347702124=2306101355480018?,08/28/28,debit,0
CcS-6429,1848,SE806168215109389225579577,7402011884870654,7268,589,%B7402011884870654^OFBXHVOFBXHV^3304000000000000000?,%B7402011884870654=2507101783653461?,09/28/28,debit,0
CcS-6430,1849,DE500573624688635328472801,1766750062147287,1277,883,%B1766750062147287^SBACVISBACVI^3404000000000000000?,%B1766750062147287=2302101336791728?,01/27/28,premium_credit,0
CcS-6431,1850,NL311351821343222253663086,2810269050652195,5276,594,%B2810269050652195^RVGIAQRVGIAQ^3205000000000000000?,%B2810269050652195=3401101261191710?,06/28/28,debit,0
CcS-6432,1851,IT568957601893217682084427,6867890517655239,1249,958,%B6867890517655239^UBYJROUBYJRO^3104000000000000000?,%B6867890517655239=2612101432262165?,11/25/28,credit,1
CcS-6433,1852,NL978169093962237279877832,2035769674376919,5148,516,%B2035769674376919^NZNGSINZNGSI^3004000000000000000?,%B2035769674376919=3309101379988206?,10/25/28,premium_credit,1
CcS-6434,1853,GB249039291842873944762551,0616324368474312,9900,774,%B0616324368474312^SYCDYMSYCDYM^2410000000000000000?,%B0616324368474312=2705101848248355?,08/29/28,credit,0
CcS-6435,1854,CA336247444610346089350834,3962786098904103,8316,868,%B3962786098904103^YMNCXQYMNCXQ^2303000000000000000?,%B3962786098904103=3006101996866483?,01/28/28,debit,0
CcS-6436,1855,IT629297514238247863811312,3751248953260048,9584,177,%B3751248953260048^HTKDZGHTKDZG^2908000000000000000?,%B3751248953260048=2306101422807141?,03/29/28,credit,0
CcS-6437,1856,NL172528222464850827273056,2368133661875669,6413,118,%B2368133661875669^HHNJJQHHNJJQ^2801000000000000000?,%B2368133661875669=3407101465145733?,06/25/28,debit,1
CcS-6438,1857,GB160482454314900730146495,3399874846923399,1227,677,%B3399874846923399^YZVCDRYZVCDR^2704000000000000000?,%B3399874846923399=2203101767769133?,08/28/28,premium_credit,0
CcS-6439,1858,GB309475181519603789287309,2187005965841685,4864,637,%B2187005965841685^TIRCKQTIRCKQ^2707000000000000000?,%B2187005965841685=2606101316847363?,07/28/28,debit,0
CcS-6440,1859,PL944442539135587492340837,9399503819234297,1137,469,%B9399503819234297^PCXJNMPCXJNM^2209000000000000000?,%B9399503819234297=2303101351524296?,03/29/28,debit,0
CcS-6441,1860,SE414179615879263366005121,9028613381116871,5690,856,%B9028613381116871^BEJIUKBEJIUK^2505000000000000000?,%B9028613381116871=3012101122711671?,05/25/28,debit,1
CcS-6442,1861,US225246469639958390737870,3879557216308754,6420,434,%B3879557216308754^LZQPAVLZQPAV^3004000000000000000?,%B3879557216308754=2608101756211499?,04/28/28,debit,0
CcS-6443,1862,FR658475628891330321529887,3118465330895778,1899,966,%B3118465330895778^NWYCLXNWYCLX^3310000000000000000?,%B3118465330895778=3403101210340021?,10/27/28,credit,0
CcS-6444,1863,PL525391196074971015378845,1331163508734468,8940,883,%B1331163508734468^BJTJSRBJTJSR^2812000000000000000?,%B1331163508734468=2810101711316339?,06/26/28,prepaid,0
CcS-6445,1864,CA656392193840459547492239,8055548737395998,7021,514,%B8055548737395998^QTPXEVQTPXEV^3306000000000000000?,%B8055548737395998=3302101117311118?,06/28/28,credit,0
CcS-6446,1865,PL481855508560428132820700,3956903923274507,2606,339,%B3956903923274507^KUOWTAKUOWTA^2304000000000000000?,%B3956903923274507=3003101857190025?,10/27/28,prepaid,0
CcS-6447,1866,FR849344189888077390002923,6750385935632916,7812,129,%B6750385935632916^KEGWUIKEGWUI^2310000000000000000?,%B6750385935632916=2505101598196921?,03/26/28,debit,0
CcS-6448,1867,CA301898961278383168175840,5966180806382346,5034,663,%B5966180806382346^XORLTQXORLTQ^2906000000000000000?,%B5966180806382346=2201101347057898?,06/26/28,credit,0
CcS-6449,1868,IT406395599046470817496607,0461570363738458,3076,653,%B0461570363738458^GNKGFTGNKGFT^2507000000000000000?,%B0461570363738458=2203101775676763?,10/25/28,debit,1
CcS-6450,1869,IT533216946091552902306276,8279823948345581,4487,248,%B8279823948345581^QVLQXBQVLQXB^3304000000000000000?,%B8279823948345581=2511101648801668?,04/28/28,credit,0
CcS-6451,1870,DE427819894006598099996793,3143184180547175,5370,892,%B3143184180547175^TDTXPCTDTXPC^2908000000000000000?,%B3143184180547175=2703101715085523?,07/27/28,debit,0
CcS-6452,1871,IT332125929305134432322388,0141153590449775,3630,294,%B0141153590449775^IJNRBJIJNRBJ^2705000000000000000?,%B0141153590449775=3408101148091814?,07/29/28,prepaid,0
CcS-6453,1872,DE778573755580040983128727,9658583088205874,5404,870,%B9658583088205874^OWMCBROWMCBR^2409000000000000000?,%B9658583088205874=2205101299556814?,06/28/28,credit,0
CcS-6454,1873,US724981824613025176209334,0057338814385323,1757,922,%B0057338814385323^AWUDGFAWUDGF^2902000000000000000?,%B0057338814385323=2710101462660393?,07/29/28,credit,0
CcS-6455,1874,NL631760822039120235251740,9587070860615100,8299,863,%B9587070860615100^FMVCSFFMVCSF^2507000000000000000?,%B9587070860615100=2809101248422091?,02/27/28,premium_credit,0
CcS-6456,1875,IT923977740887256396851526,0663658187358548,7426,693,%B0663658187358548^TUBCMJTUBCMJ^2902000000000000000?,%B0663658187358548=3403101578209731?,11/29/28,credit,0
CcS-6457,1876,CA287420499239325503066513,6343983084364812,6854,531,%B6343983084364812^QGJXTJQGJXTJ^2704000000000000000?,%B6343983084364812=2404101877231403?,09/29/28,debit,0
CcS-6458,1877,IT961910827605758925939276,2230854548891743,5576,518,%B2230854548891743^PUBXCZPUBXCZ^3206000000000000000?,%B2230854548891743=3011101633453114?,01/28/28,premium_credit,0
CcS-6459,1878,SE470552486785494431667778,4505601618799674,5515,550,%B4505601618799674^VIVJVQVIVJVQ^2401000000000000000?,%B4505601618799674=2304101425123579?,12/26/28,debit,0
CcS-6460,1879,PL284565336029116428821287,0433382630500216,5555,276,%B0433382630500216^RYTDSTRYTDST^3412000000000000000?,%B0433382630500216=3310101197014209?,06/26/28,credit,0
CcS-6461,1880,US303181487029823268381186,3163648129678998,2905,540,%B3163648129678998^LTMBZRLTMBZR^3202000000000000000?,%B3163648129678998=2812101332493148?,05/26/28,prepaid,0
CcS-6462,1881,SE818305213876106947494781,4728516744558013,4403,289,%B4728516744558013^VNTILNVNTILN^2602000000000000000?,%B4728516744558013=2603101128820608?,10/26/28,credit,0
CcS-6463,1882,PL382364653155505194690482,2370991114135544,7831,741,%B2370991114135544^DBRQZCDBRQZC^2707000000000000000?,%B2370991114135544=3103101104980310?,04/25/28,debit,1
CcS-6464,1883,PL871201573142423461555624,4220873851973174,1411,526,%B4220873851973174^UDTQBUUDTQBU^2911000000000000000?,%B4220873851973174=2206101426626171?,06/25/28,credit,1
CcS-6465,1884,NL808682606226730493823922,0470306607083045,6066,735,%B0470306607083045^JXBCNQJXBCNQ^3012000000000000000?,%B0470306607083045=3410101320422653?,05/28/28,debit,0
CcS-6466,1885,PT884397088401159827143430,6832899961513306,5070,847,%B6832899961513306^LDMBNQLDMBNQ^3004000000000000000?,%B6832899961513306=3012101782307770?,11/26/28,credit,0
CcS-6467,1886,GB830576347575739124340011,1002322283353334,7969,566,%B1002322283353334^MVBZXNMVBZXN^2807000000000000000?,%B1002322283353334=3108101389114604?,12/27/28,debit,0
CcS-6468,1887,FR685106331814522544487354,7446772623651155,2482,818,%B7446772623651155^QCLXRNQCLXRN^3412000000000000000?,%B7446772623651155=3105101105851375?,12/25/28,debit,1
CcS-6469,1888,ES597551626439071976260411,6016972736340996,7110,408,%B6016972736340996^BHTTQXBHTTQX^2212000000000000000?,%B6016972736340996=2501101644666520?,06/29/28,prepaid,0
CcS-6470,1889,DE653063027306748638571424,7432527006595452,7089,106,%B7432527006595452^XYYOEJXYYOEJ^2212000000000000000?,%B7432527006595452=3112101651348238?,11/29/28,credit,0
CcS-6471,1890,FR970690038792509054584101,8877382154894239,8022,517,%B8877382154894239^ATOLCLATOLCL^3203000000000000000?,%B8877382154894239=2406101755266459?,08/29/28,debit,0
CcS-6472,1891,US155498344118253344660531,6919099333602688,6144,704,%B6919099333602688^YDRNHFYDRNHF^2612000000000000000?,%B6919099333602688=2609101274108460?,04/27/28,prepaid,0
CcS-6473,1892,NL111196822718678257052784,3679011204865526,9096,537,%B3679011204865526^SFSFCFSFSFCF^2311000000000000000?,%B3679011204865526=2409101195515473?,03/25/28,debit,1
CcS-6474,1893,US936550055378597713005647,0083108985312252,8769,333,%B0083108985312252^UNWFNEUNWFNE^2706000000000000000?,%B0083108985312252=3102101331997596?,05/26/28,credit,0
CcS-6475,1894,ES740133572521331289896147,3992451609380475,4209,415,%B3992451609380475^SGHWJYSGHWJY^2608000000000000000?,%B3992451609380475=2606101324404789?,06/27/28,debit,0
CcS-6476,1895,SE305662938934564616494583,2578503618195418,4459,697,%B2578503618195418^FKOUHYFKOUHY^2408000000000000000?,%B2578503618195418=2811101835457486?,11/26/28,debit,0
CcS-6477,1896,PT162203819388712512035007,1610841558404737,4486,489,%B1610841558404737^ECTDZEECTDZE^2704000000000000000?,%B1610841558404737=2807101235320896?,12/29/28,debit,0
CcS-6478,1897,IT373628107539840060569422,5373974155383640,3330,919,%B5373974155383640^EXXWUKEXXWUK^2501000000000000000?,%B5373974155383640=3004101318992507?,08/27/28,debit,0
CcS-6479,1898,GB150781323372252433184462,2923962014948172,1920,954,%B2923962014948172^NPQWDQNPQWDQ^3002000000000000000?,%B2923962014948172=2406101932800690?,09/26/28,debit,0
CcS-6480,1899,PL894847251854802185543316,1479320512979145,1183,404,%B1479320512979145^GUUOZVGUUOZV^3303000000000000000?,%B1479320512979145=2601101608704224?,01/25/28,credit,1
CcS-6481,1900,PT956890971081660906532442,3853581227526419,5394,154,%B3853581227526419^JNQZOPJNQZOP^2212000000000000000?,%B3853581227526419=2706101395463847?,04/29/28,credit,0
CcS-6482,1901,CA492325820643261319724343,0152649419802000,7683,409,%B0152649419802000^RNIDRXRNIDRX^2207000000000000000?,%B0152649419802000=3001101860426975?,05/25/28,debit,1
CcS-6483,1902,IT540402582390916708503360,8824611265221337,5975,668,%B8824611265221337^XSWGEZXSWGEZ^2408000000000000000?,%B8824611265221337=2805101915103547?,05/28/28,debit,0
CcS-6484,1903,US310920031802108457668297,9919948078656087,6968,481,%B9919948078656087^FIFHEKFIFHEK^3402000000000000000?,%B9919948078656087=3112101897301353?,02/28/28,debit,0
CcS-6485,1904,IT220292045873520875248615,7099228603935480,8867,127,%B7099228603935480^UGIEGVUGIEGV^3202000000000000000?,%B7099228603935480=2202101674009970?,07/26/28,credit,0
CcS-6486,1905,FR349048229828927982086534,7302058462892111,7027,331,%B7302058462892111^PNFKSNPNFKSN^2208000000000000000?,%B7302058462892111=2708101908147014?,10/28/28,credit,0
CcS-6487,1906,PL683392135017201213391023,1320440797636933,8583,361,%B1320440797636933^NCWWJJNCWWJJ^3306000000000000000?,%B1320440797636933=3106101751460398?,02/27/28,debit,0
CcS-6488,1907,DE424135365591685755359395,6771775115326269,8679,425,%B6771775115326269^ONNGOUONNGOU^3408000000000000000?,%B6771775115326269=3301101133485918?,12/25/28,debit,1
CcS-6489,1908,US841589234795722857348646,6806685498961312,1388,405,%B6806685498961312^VVAIIQVVAIIQ^2302000000000000000?,%B6806685498961312=2203101793625290?,09/26/28,debit,0
CcS-6490,1909,IT952239644372137374817614,4826140115617025,7405,942,%B4826140115617025^MHHCMSMHHCMS^2809000000000000000?,%B4826140115617025=3307101705552250?,06/28/28,premium_credit,0
CcS-6491,1910,DE887609209521917086044106,3756174030791400,4018,850,%B3756174030791400^ULERCFULERCF^2705000000000000000?,%B3756174030791400=2506101373861424?,12/26/28,debit,0
CcS-6492,1911,IT348763967884457224048469,0884864778729772,2771,297,%B0884864778729772^LCHRVRLCHRVR^2706000000000000000?,%B0884864778729772=2212101448763835?,08/25/28,debit,1
CcS-6493,1912,CA454149709304116312216084,3655524989848571,2811,975,%B3655524989848571^MNUNSKMNUNSK^2803000000000000000?,%B3655524989848571=2605101981039249?,09/27/28,debit,0
CcS-6494,1913,NL212016253947194181036198,5293574145872923,8710,496,%B5293574145872923^GSWNOOGSWNOO^2202000000000000000?,%B5293574145872923=2403101143617277?,12/26/28,credit,0
CcS-6495,1914,PT587487535149220792030001,9359369841515169,8481,981,%B9359369841515169^QYNBNVQYNBNV^3205000000000000000?,%B9359369841515169=2706101900812505?,06/29/28,debit,0
CcS-6496,1915,FR456090988072606026084137,5472086255899264,6281,831,%B5472086255899264^TIZBUGTIZBUG^3012000000000000000?,%B5472086255899264=3312101810483392?,02/29/28,credit,0
CcS-6497,1916,IT351468795862048757725616,0675266674261662,4409,847,%B0675266674261662^IYNCBZIYNCBZ^3303000000000000000?,%B0675266674261662=2607101328310732?,07/28/28,prepaid,0
CcS-6498,1917,FR901525890212123611157392,2953733524377199,2568,518,%B2953733524377199^RTDTNLRTDTNL^3002000000000000000?,%B2953733524377199=3304101894380782?,10/28/28,credit,0
CcS-6499,1918,SE486280850889462729634613,6198699477609054,8817,555,%B6198699477609054^WTZVRKWTZVRK^3006000000000000000?,%B6198699477609054=2402101151603113?,06/29/28,debit,0
CcS-6500,1919,PL273972841797081358087616,4752166817136803,2092,840,%B4752166817136803^RDJMARRDJMAR^2507000000000000000?,%B4752166817136803=2201101753617835?,11/28/28,credit,0
CcS-6501,1920,PL613148347250279959372197,5751457561811768,2044,782,%B5751457561811768^XLGCMHXLGCMH^2602000000000000000?,%B5751457561811768=2701101654307385?,11/27/28,credit,0
CcS-6502,1921,CA452895415345637465463627,6750715754610057,7660,698,%B6750715754610057^YPLOCPYPLOCP^2704000000000000000?,%B6750715754610057=3001101687984627?,10/28/28,debit,0
CcS-6503,1922,PL140748243694153500366045,2297274269542594,9276,360,%B2297274269542594^AEIPWEAEIPWE^2604000000000000000?,%B2297274269542594=3401101722470901?,01/29/28,debit,0
CcS-6504,1923,DE804482819657851932249083,0464576171160371,1206,116,%B0464576171160371^VSYONGVSYONG^3001000000000000000?,%B0464576171160371=2709101450452132?,10/26/28,debit,0
CcS-6505,1924,DE794334596488041369562455,1504075835008581,2328,876,%B1504075835008581^GLZKEZGLZKEZ^3211000000000000000?,%B1504075835008581=3402101330478174?,01/26/28,credit,0
CcS-6506,1925,NL621836589274522651974629,0430249579546722,3962,429,%B0430249579546722^AUVMUWAUVMUW^3208000000000000000?,%B0430249579546722=2510101929117784?,07/25/28,premium_credit,1
CcS-6507,1926,IT812026803965325341813763,4580424935483331,3356,841,%B4580424935483331^JKHXMRJKHXMR^2506000000000000000?,%B4580424935483331=2801101406749567?,08/29/28,credit,0
CcS-6508,1927,NL367343634871619201245644,8006737384559177,3665,835,%B8006737384559177^FULINLFULINL^2504000000000000000?,%B8006737384559177=2706101483965085?,10/26/28,debit,0
CcS-6509,1928,US688253159737604758610841,3869808611398687,4397,112,%B3869808611398687^TOBMPATOBMPA^2502000000000000000?,%B3869808611398687=2710101573133047?,11/29/28,debit,0
CcS-6510,1929,DE843958753943373219043988,3823530900724918,2046,135,%B3823530900724918^HMRKBXHMRKBX^3208000000000000000?,%B3823530900724918=3307101258329596?,03/25/28,credit,1
CcS-6511,1930,ES425357477250464211816826,0634655770666070,2369,509,%B0634655770666070^OZISVJOZISVJ^3107000000000000000?,%B0634655770666070=2205101538054290?,12/29/28,credit,0
CcS-6512,1931,FR491904513200211944642952,8923803389565912,8322,142,%B8923803389565912^DFNKQMDFNKQM^3209000000000000000?,%B8923803389565912=2406101358933763?,03/29/28,debit,0
CcS-6513,1932,GB756268719916938582557620,7424333903955751,5920,148,%B7424333903955751^ZEPHASZEPHAS^2403000000000000000?,%B7424333903955751=2203101243769016?,03/25/28,debit,1
CcS-6514,1933,NL169103533810644154451407,4685039881787924,2428,143,%B4685039881787924^BWDJKJBWDJKJ^3104000000000000000?,%B4685039881787924=3207101772423051?,09/25/28,credit,1
CcS-6515,1934,NL595745399061000103996928,6443097866943843,8625,308,%B6443097866943843^PGQBXRPGQBXR^3107000000000000000?,%B6443097866943843=2908101571949779?,12/26/28,debit,0
CcS-6516,1935,SE868505343211932592234840,7664456050258969,1251,245,%B7664456050258969^LCLHYELCLHYE^3004000000000000000?,%B7664456050258969=2902101434623677?,07/25/28,premium_credit,1
CcS-6517,1936,CA443958188055851704925493,0835537932498458,9761,404,%B0835537932498458^JYQUJHJYQUJH^3312000000000000000?,%B0835537932498458=3406101146573442?,09/25/28,premium_credit,1
CcS-6518,1937,SE544787597485160907498505,3878072137017161,3280,506,%B3878072137017161^LLHEUALLHEUA^2708000000000000000?,%B3878072137017161=2502101423339957?,10/25/28,credit,1
CcS-6519,1938,PL284299805281682220885880,4587851361166784,5116,136,%B4587851361166784^SNPRMPSNPRMP^2809000000000000000?,%B4587851361166784=2312101770971463?,12/27/28,credit,0
CcS-6520,1939,CA930537534190692252664081,5854083218781919,7823,763,%B5854083218781919^GNUJHLGNUJHL^2302000000000000000?,%B5854083218781919=2302101766673736?,03/29/28,credit,0
CcS-6521,1940,NL939910006809542111636909,1929651088187622,3609,837,%B1929651088187622^ZLHVYBZLHVYB^3310000000000000000?,%B1929651088187622=2404101313920232?,02/27/28,prepaid,0
CcS-6522,1941,GB116956109811222300303165,7087132622199949,4470,129,%B7087132622199949^LEJZASLEJZAS^2610000000000000000?,%B7087132622199949=3404101970123054?,01/29/28,prepaid,0
CcS-6523,1942,US120314304441345692291802,5342288928111086,9214,350,%B5342288928111086^UVLFQZUVLFQZ^2507000000000000000?,%B5342288928111086=2507101666444924?,03/25/28,premium_credit,1
CcS-6524,1943,PT485202302363085863068508,1331569724184596,4911,566,%B1331569724184596^IWZXYFIWZXYF^2512000000000000000?,%B1331569724184596=2605101695519782?,10/25/28,debit,1
CcS-6525,1944,NL983412136460210427446704,6162707695252454,8284,688,%B6162707695252454^HKXPEOHKXPEO^2811000000000000000?,%B6162707695252454=3402101852841932?,10/25/28,debit,1
CcS-6526,1945,PT898631430625432849630194,4084908899010261,9033,347,%B4084908899010261^WPRQCIWPRQCI^2211000000000000000?,%B4084908899010261=2904101734867508?,05/27/28,credit,0
CcS-6527,1946,IT977778139554170008410312,4014831289377690,1973,714,%B4014831289377690^HBLTFRHBLTFR^2301000000000000000?,%B4014831289377690=3301101181051772?,10/29/28,credit,0
CcS-6528,1947,PT301568934522245884763029,2803581031367692,6283,383,%B2803581031367692^HRWJYUHRWJYU^2306000000000000000?,%B2803581031367692=3312101799225560?,03/27/28,credit,0
CcS-6529,1948,DE112388880817878496233937,3004271486813103,6826,783,%B3004271486813103^AFJHIPAFJHIP^2209000000000000000?,%B3004271486813103=2612101559328099?,09/29/28,debit,0
CcS-6530,1949,FR784536937193649123462892,3111875931733452,1193,444,%B3111875931733452^GUTIMDGUTIMD^3209000000000000000?,%B3111875931733452=2206101547836276?,01/28/28,credit,0
CcS-6531,1950,DE584652055318507965094361,0687100875421704,5848,194,%B0687100875421704^DPHNOFDPHNOF^2911000000000000000?,%B0687100875421704=3111101571921746?,03/28/28,prepaid,0
CcS-6532,1951,DE124737265043583170535282,7533876481375842,4960,442,%B7533876481375842^QEZGWBQEZGWB^2209000000000000000?,%B7533876481375842=3401101313686110?,01/26/28,credit,0
CcS-6533,1952,PL825682442988543341766070,1414102436686958,5134,338,%B1414102436686958^EULTIJEULTIJ^2311000000000000000?,%B1414102436686958=2406101216870774?,05/29/28,debit,0
CcS-6534,1953,FR670502113626836017247401,4361739739732281,2933,967,%B4361739739732281^FQFZBHFQFZBH^2302000000000000000?,%B4361739739732281=3011101180994024?,12/28/28,prepaid,0
CcS-6535,1954,IT112918407288538819532957,3179081582169952,6019,189,%B3179081582169952^KXZDVYKXZDVY^3202000000000000000?,%B3179081582169952=2704101551977983?,04/29/28,debit,0
CcS-6536,1955,DE127743839329226481317309,4982193267857259,2171,537,%B4982193267857259^MTETBDMTETBD^2806000000000000000?,%B4982193267857259=3101101210148316?,06/27/28,debit,0
CcS-6537,1956,ES122417303780537040319813,2603168606148174,9372,601,%B2603168606148174^FWKZWBFWKZWB^2701000000000000000?,%B2603168606148174=3404101282759850?,09/26/28,credit,0
CcS-6538,1957,US540171050985950620873211,2008787267899945,4733,380,%B2008787267899945^BCVRSXBCVRSX^3406000000000000000?,%B2008787267899945=2610101187955805?,08/29/28,debit,0
CcS-6539,1958,SE980961553305793031372491,1605464326828604,8263,377,%B1605464326828604^FYJORFFYJORF^2202000000000000000?,%B1605464326828604=3404101664203763?,06/28/28,debit,0
CcS-6540,1959,NL960648206711830885581833,1821286748037262,7457,959,%B1821286748037262^FALXYQFALXYQ^2512000000000000000?,%B1821286748037262=2905101711173382?,03/25/28,credit,1
CcS-6541,1960,ES984706311853168130020354,5302917147791005,9021,781,%B5302917147791005^EFNPYSEFNPYS^2512000000000000000?,%B5302917147791005=3408101526402310?,12/27/28,debit,0
CcS-6542,1961,PL671123858488086720300370,0977704426380784,4332,606,%B0977704426380784^ZPRTPEZPRTPE^2404000000000000000?,%B0977704426380784=3409101971691471?,10/28/28,debit,0
CcS-6543,1962,NL525488827933673950143259,9041905722687309,1543,134,%B9041905722687309^XXTFTEXXTFTE^2206000000000000000?,%B9041905722687309=2511101237992672?,01/28/28,debit,0
CcS-6544,1963,NL597166154187654845287800,3865410553555209,7533,176,%B3865410553555209^EUCYDBEUCYDB^2306000000000000000?,%B3865410553555209=2408101210007063?,06/26/28,debit,0
CcS-6545,1964,PT864630728109720273967603,7065483458855594,9446,438,%B7065483458855594^ABBGHYABBGHY^3305000000000000000?,%B7065483458855594=2709101641501316?,12/27/28,debit,0
CcS-6546,1965,SE858607365699052930971261,0162095027305893,2835,300,%B0162095027305893^ISIYQIISIYQI^3011000000000000000?,%B0162095027305893=3202101327047948?,09/29/28,debit,0
CcS-6547,1966,CA332171962352073015086775,7983085282253186,2943,430,%B7983085282253186^MKNSLKMKNSLK^2705000000000000000?,%B7983085282253186=2509101942669829?,10/29/28,debit,0
CcS-6548,1967,GB172874019989781220194651,3200380500637030,3681,135,%B3200380500637030^SDDWUISDDWUI^3212000000000000000?,%B3200380500637030=3108101479661246?,06/26/28,credit,0
CcS-6549,1968,PL551370877986800317038153,6103785077909880,8558,990,%B6103785077909880^OQEEEAOQEEEA^2612000000000000000?,%B6103785077909880=2408101544067466?,11/29/28,credit,0
CcS-6550,1969,IT735938774500832488262231,0694677025112882,8743,579,%B0694677025112882^VKXGZZVKXGZZ^3403000000000000000?,%B0694677025112882=2205101824956957?,04/29/28,debit,0
CcS-6551,1970,PT914991911328401675615533,4859929047055268,6476,291,%B4859929047055268^LBSEUGLBSEUG^2609000000000000000?,%B4859929047055268=2703101590591380?,03/27/28,prepaid,0
CcS-6552,1971,SE225320203306404659478051,2785871650199212,3658,978,%B2785871650199212^RVMITXRVMITX^2906000000000000000?,%B2785871650199212=2910101470018745?,12/25/28,debit,1
CcS-6553,1972,ES640494135086507733087961,0097956394302510,3044,785,%B0097956394302510^IMIDDIIMIDDI^3302000000000000000?,%B0097956394302510=3210101340482800?,03/26/28,debit,0
CcS-6554,1973,IT899395616911060270518153,2840761673150076,1043,336,%B2840761673150076^CCPQNVCCPQNV^2808000000000000000?,%B2840761673150076=3104101921345912?,10/29/28,debit,0
CcS-6555,1974,GB659252689132542872944472,0462685497250659,3022,718,%B0462685497250659^GXFLXGGXFLXG^3107000000000000000?,%B0462685497250659=3212101558063765?,01/28/28,credit,0
CcS-6556,1975,GB189743131668343342860002,1300120649635078,2356,145,%B1300120649635078^LPLDIRLPLDIR^3105000000000000000?,%B1300120649635078=3005101774371408?,03/25/28,debit,1
CcS-6557,1976,DE657846984772479225665663,1836411796690054,5081,898,%B1836411796690054^UCGEOQUCGEOQ^2708000000000000000?,%B1836411796690054=2510101616975170?,02/26/28,debit,0
CcS-6558,1977,SE309412247264999315334804,6498800237481692,5727,618,%B6498800237481692^SSGTTCSSGTTC^2508000000000000000?,%B6498800237481692=2711101971765815?,09/27/28,debit,0
CcS-6559,1978,FR442309200833387351504701,6284524943026213,9413,492,%B6284524943026213^XYPTXCXYPTXC^2609000000000000000?,%B6284524943026213=2212101778085194?,01/26/28,debit,0
CcS-6560,1979,PL537370234816291827044562,9666054305130102,9561,815,%B9666054305130102^GTXVZJGTXVZJ^2208000000000000000?,%B9666054305130102=2511101889315348?,01/25/28,prepaid,1
CcS-6561,1980,ES294751629833399702765607,4961106985321118,9808,840,%B4961106985321118^FLOTGSFLOTGS^2810000000000000000?,%B4961106985321118=2403101358459008?,11/26/28,debit,0
CcS-6562,1981,SE560314004189636777466121,9988613287542709,4050,256,%B9988613287542709^GHZTZJGHZTZJ^3203000000000000000?,%B9988613287542709=2803101562876989?,08/26/28,debit,0
CcS-6563,1982,DE716376953497224840486899,1132461962938093,4356,350,%B1132461962938093^YGBJFRYGBJFR^2902000000000000000?,%B1132461962938093=2807101542615278?,05/26/28,debit,0
CcS-6564,1983,US301840113572995378851198,1543119884912532,6136,457,%B1543119884912532^PJGWTMPJGWTM^3311000000000000000?,%B1543119884912532=2607101567495587?,08/29/28,debit,0
CcS-6565,1984,ES538473681879096446930500,8186330427547390,1452,536,%B8186330427547390^FCALXSFCALXS^2303000000000000000?,%B8186330427547390=2304101116968661?,04/25/28,credit,1
CcS-6566,1985,SE114990961581541810888738,0797926497815779,5800,694,%B0797926497815779^DGRWGDDGRWGD^2506000000000000000?,%B0797926497815779=2411101774064587?,07/25/28,credit,1
CcS-6567,1986,DE259652173538458510811399,9836402121205845,4587,201,%B9836402121205845^NRHPAMNRHPAM^2309000000000000000?,%B9836402121205845=3312101928794242?,01/27/28,credit,0
CcS-6568,1987,US326622862228767084448415,2297599906548939,9697,443,%B2297599906548939^QWFEDYQWFEDY^3412000000000000000?,%B2297599906548939=3103101835201148?,01/25/28,credit,1
CcS-6569,1988,PT726615802561975888819964,2009408346257517,8021,409,%B2009408346257517^KFEOGIKFEOGI^2205000000000000000?,%B2009408346257517=3102101508821189?,09/27/28,debit,0
CcS-6570,1989,DE909694863788935305752798,9580206942646370,3326,923,%B9580206942646370^TPYMRQTPYMRQ^2910000000000000000?,%B9580206942646370=2504101399504713?,01/28/28,debit,0
CcS-6571,1990,DE715971303123256604200197,7199175747812481,6855,432,%B7199175747812481^BVXQRHBVXQRH^3204000000000000000?,%B7199175747812481=3304101676146678?,03/27/28,credit,0
CcS-6572,1991,NL567183804963485510392665,7428186778155484,4426,487,%B7428186778155484^ZMLVIQZMLVIQ^2201000000000000000?,%B7428186778155484=2410101984897183?,07/27/28,premium_credit,0
CcS-6573,1992,PT663432141111768205800390,9570991620672330,2547,484,%B9570991620672330^WTMIREWTMIRE^3104000000000000000?,%B9570991620672330=2203101668490928?,06/27/28,credit,0
CcS-6574,1993,IT954126357050734912667211,5062551416249584,3346,283,%B5062551416249584^KYNYRWKYNYRW^2210000000000000000?,%B5062551416249584=2505101635602570?,07/26/28,credit,0
CcS-6575,1994,DE243892019968837057173137,2299985204980786,6421,849,%B2299985204980786^GDOJVYGDOJVY^2601000000000000000?,%B2299985204980786=2908101341763207?,12/28/28,credit,0
CcS-6576,1995,CA857647123944000412797917,8287704259292342,4826,468,%B8287704259292342^ALPDKDALPDKD^2806000000000000000?,%B8287704259292342=3211101764091019?,01/25/28,credit,1
CcS-6577,1996,CA529502422847632214113557,0344384818537536,1781,316,%B0344384818537536^JYQUIXJYQUIX^2506000000000000000?,%B0344384818537536=2202101646525969?,12/27/28,prepaid,0
CcS-6578,1997,US403469839051658553820977,9155989313123146,8482,804,%B9155989313123146^VSHFFQVSHFFQ^2412000000000000000?,%B9155989313123146=2301101442135430?,03/28/28,debit,0
CcS-6579,1998,ES718158568408967147663192,8484573373449706,6055,219,%B8484573373449706^NDZMDDNDZMDD^2503000000000000000?,%B8484573373449706=3012101860016604?,06/29/28,debit,0
CcS-6580,1999,PT838309377991936707054965,1566591446825330,4332,860,%B1566591446825330^YRJLYHYRJLYH^3305000000000000000?,%B1566591446825330=3402101901839377?,07/29/28,debit,0
CcS-6581,2000,IT965256588749239787926720,6211158890966358,6719,478,%B6211158890966358^NXZRVBNXZRVB^3303000000000000000?,%B6211158890966358=2210101729672930?,05/28/28,credit,0
CcS-6582,2001,ES570663194859801521563982,1149831480257000,4654,803,%B1149831480257000^LJEFXTLJEFXT^2412000000000000000?,%B1149831480257000=3308101479462727?,03/27/28,debit,0
CcS-6583,2002,IT874805765284089806819590,8359615816075876,7993,606,%B8359615816075876^GLRHPAGLRHPA^3310000000000000000?,%B8359615816075876=3309101160978481?,06/28/28,prepaid,0
CcS-6584,2003,PL944647451460988784606828,1435546719270750,7829,656,%B1435546719270750^WUKXERWUKXER^2310000000000000000?,%B1435546719270750=3403101784527714?,10/27/28,debit,0
CcS-6585,2004,PL467695161558938142519836,8342909880276478,9955,536,%B8342909880276478^KCEABQKCEABQ^2701000000000000000?,%B8342909880276478=3407101632188183?,09/27/28,premium_credit,0
CcS-6586,2005,NL873642753881983897929611,9439201112669288,1058,123,%B9439201112669288^UJIXMXUJIXMX^2211000000000000000?,%B9439201112669288=2205101287410376?,01/25/28,debit,1
CcS-6587,2006,CA316311422023554354901893,1408897171772884,3011,567,%B1408897171772884^XSYMLZXSYMLZ^3304000000000000000?,%B1408897171772884=2310101788302604?,06/27/28,prepaid,0
CcS-6588,2007,PT260005966828016193110892,3485868352615577,5340,781,%B3485868352615577^NNBINUNNBINU^3110000000000000000?,%B3485868352615577=3108101107559922?,04/27/28,debit,0
CcS-6589,2008,GB885766135144216733839202,4504382182382837,1720,172,%B4504382182382837^VLBDCVVLBDCV^2403000000000000000?,%B4504382182382837=3208101998851856?,04/28/28,debit,0
CcS-6590,2009,US291489524078487714720339,8063034833086889,8128,530,%B8063034833086889^YFEFKUYFEFKU^2902000000000000000?,%B8063034833086889=3403101535292912?,11/26/28,debit,0
CcS-6591,2010,NL500864199933317381644632,1971874688826041,8143,531,%B1971874688826041^BDQWZDBDQWZD^2203000000000000000?,%B1971874688826041=2709101864759194?,05/27/28,debit,0
CcS-6592,2011,DE804166478311355101742867,2782249461561476,5869,479,%B2782249461561476^COUEHICOUEHI^3208000000000000000?,%B2782249461561476=2204101437952731?,07/29/28,debit,0
CcS-6593,2012,US480006150974821740527515,4203531863509582,7264,442,%B4203531863509582^VQCFBGVQCFBG^2601000000000000000?,%B4203531863509582=3402101228713728?,07/29/28,premium_credit,0
CcS-6594,2013,CA740093638740276701964498,9013875470594232,1928,137,%B9013875470594232^OWPJKNOWPJKN^2803000000000000000?,%B9013875470594232=2511101124076689?,08/26/28,debit,0
CcS-6595,2014,IT844960455347504673135550,3625730118074243,2245,728,%B3625730118074243^MJALTEMJALTE^3105000000000000000?,%B3625730118074243=2809101205615568?,08/28/28,debit,0
CcS-6596,2015,SE524327724799510619935666,1743629267270492,5624,898,%B1743629267270492^SYRGPISYRGPI^3103000000000000000?,%B1743629267270492=2304101789205189?,08/25/28,debit,1
CcS-6597,2016,DE605270747313790453332945,2705239149133874,4101,418,%B2705239149133874^IBOZDRIBOZDR^2312000000000000000?,%B2705239149133874=3108101472673697?,11/26/28,credit,0
CcS-6598,2017,PT822815770070282100925655,8601719186300097,7168,135,%B8601719186300097^YNEUGYYNEUGY^2210000000000000000?,%B8601719186300097=3106101469411306?,10/26/28,credit,0
CcS-6599,2018,CA214039561952683795222314,0331174276735016,6936,202,%B0331174276735016^IXNGBIIXNGBI^2611000000000000000?,%B0331174276735016=2903101450701091?,04/26/28,credit,0
CcS-6600,2019,ES826823792019976372035537,2420964059142533,8763,603,%B2420964059142533^HVIQHFHVIQHF^2309000000000000000?,%B2420964059142533=2706101280292140?,05/27/28,debit,0
CcS-6601,2020,DE252700696646855265422554,8622220401305759,2786,935,%B8622220401305759^NNVXZNNNVXZN^2607000000000000000?,%B8622220401305759=2604101175896038?,12/27/28,debit,0
CcS-6602,2021,SE523918204925093009793925,7157064754215430,2658,580,%B7157064754215430^KQLCGLKQLCGL^3305000000000000000?,%B7157064754215430=3112101682517152?,09/25/28,debit,1
CcS-6603,2022,ES158507028378758547323836,1003552884899193,4574,956,%B1003552884899193^CBYJYTCBYJYT^3102000000000000000?,%B1003552884899193=3207101655788401?,11/26/28,credit,0
CcS-6604,2023,US404310048615967821678948,2099331910053488,5935,304,%B2099331910053488^SXHBUNSXHBUN^2205000000000000000?,%B2099331910053488=2404101791661029?,10/27/28,credit,0
CcS-6605,2024,FR209415066970107729184815,6565831406725219,4917,753,%B6565831406725219^LDLZTWLDLZTW^3203000000000000000?,%B6565831406725219=3104101286132951?,07/25/28,premium_credit,1
CcS-6606,2025,PL496368006917369175081387,0992028632776012,3226,962,%B0992028632776012^CEZSARCEZSAR^2505000000000000000?,%B0992028632776012=3407101264565247?,12/27/28,debit,0
CcS-6607,2026,ES570932208230203969770579,9036323959943253,7650,174,%B9036323959943253^BWFDGLBWFDGL^2704000000000000000?,%B9036323959943253=2806101466553974?,11/26/28,credit,0
CcS-6608,2027,PT119787408999946637983193,0796684275870025,6844,400,%B0796684275870025^ULSKKGULSKKG^3110000000000000000?,%B0796684275870025=2402101818694693?,06/27/28,credit,0
CcS-6609,2028,SE390388645020943255838377,1889476870346226,9330,952,%B1889476870346226^MGREREMGRERE^2412000000000000000?,%B1889476870346226=2502101947865368?,12/29/28,credit,0
CcS-6610,2029,US247175265243500778714785,4805814791150436,1007,918,%B4805814791150436^OWOLNOOWOLNO^2502000000000000000?,%B4805814791150436=2504101184486846?,03/27/28,credit,0
CcS-6611,2030,NL363540392769076193187007,7257131820067145,8182,598,%B7257131820067145^WFQOFJWFQOFJ^2502000000000000000?,%B7257131820067145=2503101405540204?,11/28/28,credit,0
CcS-6612,2031,DE238958003105709950750808,0159988992814046,7402,475,%B0159988992814046^QPYIVBQPYIVB^3004000000000000000?,%B0159988992814046=3211101203107184?,07/28/28,credit,0
CcS-6613,2032,NL797612441044275113587713,9066319116964181,2091,117,%B9066319116964181^LQEODOLQEODO^3001000000000000000?,%B9066319116964181=3108101936940976?,05/26/28,credit,0
CcS-6614,2033,NL319577645522654553460954,2320344477464893,7818,344,%B2320344477464893^DSVEWUDSVEWU^2702000000000000000?,%B2320344477464893=2303101629627251?,01/28/28,debit,0
CcS-6615,2034,SE237397715660365299047248,0688203808942600,6494,588,%B0688203808942600^VPGYSPVPGYSP^2311000000000000000?,%B0688203808942600=3409101417210543?,03/27/28,credit,0
CcS-6616,2035,NL898428301715487024761645,5656011073497642,5261,612,%B5656011073497642^PTGDGOPTGDGO^3202000000000000000?,%B5656011073497642=3209101417589840?,10/28/28,premium_credit,0
CcS-6617,2036,SE664000481546625214333702,2723929745794480,8068,103,%B2723929745794480^ZPOLEJZPOLEJ^2606000000000000000?,%B2723929745794480=2709101194566133?,02/28/28,credit,0
CcS-6618,2037,SE134397894032514744743981,8394276331122477,6100,283,%B8394276331122477^UQKVLRUQKVLR^2902000000000000000?,%B8394276331122477=3301101247401941?,01/27/28,credit,0
CcS-6619,2038,PL962822961758737349654149,1320006442815899,6301,708,%B1320006442815899^CTTNMYCTTNMY^3402000000000000000?,%B1320006442815899=3308101765995471?,10/29/28,debit,0
CcS-6620,2039,NL185548036035976862932879,0328881350209167,9755,623,%B0328881350209167^RHFCOYRHFCOY^3202000000000000000?,%B0328881350209167=2308101275247971?,01/26/28,credit,0
CcS-6621,2040,US291446337058149983878194,5107846497336042,7727,819,%B5107846497336042^MKSATXMKSATX^3202000000000000000?,%B5107846497336042=3309101103500277?,09/25/28,debit,1
CcS-6622,2041,PL861746381983542630725183,4102431276229027,9874,570,%B4102431276229027^TDZMBKTDZMBK^3306000000000000000?,%B4102431276229027=2606101274476742?,10/28/28,premium_credit,0
CcS-6623,2042,ES562249529806842937242506,5833482768563392,9114,312,%B5833482768563392^BZLAXEBZLAXE^3012000000000000000?,%B5833482768563392=3006101455989772?,06/29/28,debit,0
CcS-6624,2043,US435520063537810061238919,3009153778072044,4415,776,%B3009153778072044^OTBDNTOTBDNT^2206000000000000000?,%B3009153778072044=2506101380312116?,11/25/28,credit,1
CcS-6625,2044,PT937742018793247959373419,5230360997783304,1790,387,%B5230360997783304^DCPCNRDCPCNR^3302000000000000000?,%B5230360997783304=2607101408330678?,12/29/28,debit,0
CcS-6626,2045,ES519277658335011934174788,1089509908703165,6627,549,%B1089509908703165^AESVIPAESVIP^3210000000000000000?,%B1089509908703165=3207101681207314?,04/25/28,debit,1
CcS-6627,2046,NL351493586361488374253230,8634249936369718,7841,455,%B8634249936369718^ORPSXZORPSXZ^3106000000000000000?,%B8634249936369718=2409101727280355?,11/29/28,debit,0
CcS-6628,2047,NL185483060832305664994597,5550015137544378,5561,567,%B5550015137544378^PXIWQFPXIWQF^3108000000000000000?,%B5550015137544378=2301101424555423?,12/25/28,debit,1
CcS-6629,2048,SE192533657723106775673756,2790472759822219,9648,366,%B2790472759822219^KEWVWAKEWVWA^2503000000000000000?,%B2790472759822219=2409101974884855?,12/25/28,debit,1
CcS-6630,2049,FR927417014313643110955383,6510535157158035,5303,431,%B6510535157158035^WPKKLDWPKKLD^2301000000000000000?,%B6510535157158035=2902101895802501?,02/27/28,credit,0
CcS-6631,2050,CA368010600554372004221856,3513618843591036,7359,793,%B3513618843591036^NGWGMPNGWGMP^2207000000000000000?,%B3513618843591036=3305101976665084?,01/27/28,credit,0
CcS-6632,2051,IT609388392459306418796891,1865370089502256,6730,624,%B1865370089502256^KPEMFNKPEMFN^3012000000000000000?,%B1865370089502256=2405101576115401?,07/25/28,debit,1
CcS-6633,2052,IT291549441568448563304144,0876184019132909,6641,989,%B0876184019132909^FLEUGQFLEUGQ^3406000000000000000?,%B0876184019132909=2912101791722754?,12/28/28,credit,0
CcS-6634,2053,ES379845048583183101425316,9778302894345382,1476,788,%B9778302894345382^ULLJFKULLJFK^3212000000000000000?,%B9778302894345382=2208101791010420?,12/28/28,credit,0
CcS-6635,2054,IT457942344583665085212024,4615278809977792,1058,339,%B4615278809977792^QPQWMGQPQWMG^3004000000000000000?,%B4615278809977792=2310101863312995?,08/28/28,debit,0
CcS-6636,2055,PT264296974975549507472950,6293875157982966,2453,715,%B6293875157982966^DOKSVBDOKSVB^2611000000000000000?,%B6293875157982966=2701101210582029?,05/27/28,credit,0
CcS-6637,2056,US449524939283964642585302,6395404348239149,4983,224,%B6395404348239149^TNDFNHTNDFNH^3407000000000000000?,%B6395404348239149=2307101839093261?,08/28/28,debit,0
CcS-6638,2057,PL491772348456135342102980,0758178933920541,4993,141,%B0758178933920541^FBNTLCFBNTLC^2804000000000000000?,%B0758178933920541=3205101364145319?,11/29/28,premium_credit,0
CcS-6639,2058,PL353467153732434821186935,7365777308847688,3774,538,%B7365777308847688^RMYLNNRMYLNN^2605000000000000000?,%B7365777308847688=2602101117575196?,03/26/28,debit,0
CcS-6640,2059,PL252830147680193604111894,9181922269507250,5713,644,%B9181922269507250^XHGDJYXHGDJY^3408000000000000000?,%B9181922269507250=2403101891645266?,02/26/28,prepaid,0
CcS-6641,2060,GB839509861711376195390775,6265848294036839,7137,355,%B6265848294036839^LGLPOALGLPOA^3303000000000000000?,%B6265848294036839=2810101464109927?,11/25/28,credit,1
CcS-6642,2061,SE112831313175708173103907,7231038088254940,8568,475,%B7231038088254940^SPFDTZSPFDTZ^2303000000000000000?,%B7231038088254940=3203101504585696?,03/26/28,credit,0
CcS-6643,2062,PL500664254838958205393304,7875237571916487,8333,160,%B7875237571916487^YTPVQLYTPVQL^2804000000000000000?,%B7875237571916487=3003101767283550?,10/29/28,debit,0
CcS-6644,2063,GB891196510654492456699743,9367906529683538,9726,621,%B9367906529683538^OTHPCDOTHPCD^2911000000000000000?,%B9367906529683538=2904101751015115?,10/26/28,debit,0
CcS-6645,2064,NL961739010408392830130560,9804382297563507,6565,575,%B9804382297563507^HOCICMHOCICM^2403000000000000000?,%B9804382297563507=3008101173665620?,02/28/28,debit,0
CcS-6646,2065,CA631137276439918341119184,9002365455876050,5595,382,%B9002365455876050^CUUDZDCUUDZD^2610000000000000000?,%B9002365455876050=3005101835350649?,05/25/28,debit,1
CcS-6647,2066,PL152297759726488450303093,4943804039720008,7974,912,%B4943804039720008^LLMGVGLLMGVG^2604000000000000000?,%B4943804039720008=3006101934360515?,03/26/28,debit,0
CcS-6648,2067,DE311595212336395592894989,3584947242486351,9924,961,%B3584947242486351^DWWUCVDWWUCV^2206000000000000000?,%B3584947242486351=3306101631205334?,02/28/28,debit,0
CcS-6649,2068,SE769422115777961919635849,9045197627638381,3308,551,%B9045197627638381^RECLELRECLEL^3402000000000000000?,%B9045197627638381=3107101476436748?,06/29/28,debit,0
CcS-6650,2069,PT246497130552040279828675,3473024228849646,4078,493,%B3473024228849646^YONYBCYONYBC^2611000000000000000?,%B3473024228849646=2512101378392645?,12/29/28,debit,0
CcS-6651,2070,PT584971606532855046318587,6434989752155784,6191,728,%B6434989752155784^YSCYYUYSCYYU^3009000000000000000?,%B6434989752155784=2802101301541149?,10/25/28,prepaid,1
CcS-6652,2071,FR961366073798622466802059,9733782444680759,1481,327,%B9733782444680759^BATOTZBATOTZ^3108000000000000000?,%B9733782444680759=2702101613397436?,12/26/28,credit,0
CcS-6653,2072,CA798426605264396674303906,6729272687811048,7994,528,%B6729272687811048^FCQUDEFCQUDE^2504000000000000000?,%B6729272687811048=2306101624437546?,08/26/28,credit,0
CcS-6654,2073,FR235118550773680476932021,8986926159902830,3735,662,%B8986926159902830^FLJOVFFLJOVF^3306000000000000000?,%B8986926159902830=3004101387342730?,04/29/28,debit,0
CcS-6655,2074,PL963780254011655003955431,8473907766837803,7866,655,%B8473907766837803^JOLVFKJOLVFK^2601000000000000000?,%B8473907766837803=3202101592108424?,06/27/28,credit,0
CcS-6656,2075,IT275620033663678539186533,9642925174714142,9009,475,%B9642925174714142^QJOKKOQJOKKO^2707000000000000000?,%B9642925174714142=2806101312759995?,04/27/28,debit,0
CcS-6657,2076,US854598044832250006482562,8249654633542241,9932,824,%B8249654633542241^WKQXBKWKQXBK^3303000000000000000?,%B8249654633542241=2908101669255052?,11/28/28,credit,0
CcS-6658,2077,SE459386792533198006963745,3144272529183623,6300,503,%B3144272529183623^LHTCUELHTCUE^2411000000000000000?,%B3144272529183623=2811101382741264?,05/29/28,debit,0
CcS-6659,2078,SE927495538697638141782485,3890548704826393,5583,329,%B3890548704826393^NFOMVUNFOMVU^2501000000000000000?,%B3890548704826393=2502101547406317?,03/29/28,credit,0
CcS-6660,2079,US278963302801175633353007,9545359466638333,2102,693,%B9545359466638333^LUQTFXLUQTFX^2610000000000000000?,%B9545359466638333=2506101149806347?,06/27/28,credit,0
CcS-6661,2080,FR549709783632016572551018,6192811103747846,9959,760,%B6192811103747846^VAFNKYVAFNKY^3111000000000000000?,%B6192811103747846=2502101495176627?,06/26/28,credit,0
CcS-6662,2081,IT702960796236340499328094,8498843214858920,4684,655,%B8498843214858920^LCLAZHLCLAZH^3402000000000000000?,%B8498843214858920=2705101444022176?,11/29/28,credit,0
CcS-6663,2082,US724903609139110123006469,1610970976987647,2393,448,%B1610970976987647^QKAHCTQKAHCT^2910000000000000000?,%B1610970976987647=2404101392328716?,05/29/28,debit,0
CcS-6664,2083,PT969381875420594709067908,2001368952629595,7656,679,%B2001368952629595^ILVMWNILVMWN^3210000000000000000?,%B2001368952629595=3408101479818278?,11/25/28,credit,1
CcS-6665,2084,GB307038253022258660837078,4474505056208080,2087,707,%B4474505056208080^PILLMBPILLMB^3211000000000000000?,%B4474505056208080=3204101613005909?,12/27/28,prepaid,0
CcS-6666,2085,PT949105809039581463553380,9835907413751651,1926,954,%B9835907413751651^YEGKJAYEGKJA^2506000000000000000?,%B9835907413751651=2608101153952006?,04/29/28,credit,0
CcS-6667,2086,GB708816970108943727253764,5115720478158553,3892,374,%B5115720478158553^QNAERQQNAERQ^2903000000000000000?,%B5115720478158553=2704101394930783?,11/28/28,debit,0
CcS-6668,2087,US242437499418502399193159,7243966993504062,8765,279,%B7243966993504062^DXWKTIDXWKTI^2403000000000000000?,%B7243966993504062=3208101219509896?,11/28/28,debit,0
CcS-6669,2088,US494865682709580479552703,5431274836286391,8336,830,%B5431274836286391^NAFBNLNAFBNL^3003000000000000000?,%B5431274836286391=3212101664444627?,07/28/28,debit,0
CcS-6670,2089,GB258010383854939172096763,4260134570731519,7985,574,%B4260134570731519^NLMCXZNLMCXZ^2901000000000000000?,%B4260134570731519=2510101814304112?,04/27/28,debit,0
CcS-6671,2090,ES903471974463255956322215,9514803577993118,9228,757,%B9514803577993118^VXRCYXVXRCYX^2301000000000000000?,%B9514803577993118=3001101465686410?,12/27/28,debit,0
CcS-6672,2091,SE155162875017508719420686,9425117061033502,9154,450,%B9425117061033502^IIMJJQIIMJJQ^2502000000000000000?,%B9425117061033502=3009101263695164?,07/26/28,prepaid,0
CcS-6673,2092,FR390109135798963609507377,3496208026542566,3077,485,%B3496208026542566^FWNVSBFWNVSB^2809000000000000000?,%B3496208026542566=2211101632851023?,08/29/28,credit,0
CcS-6674,2093,DE135932898149968793200837,0304579534535261,4660,525,%B0304579534535261^APFXKWAPFXKW^3410000000000000000?,%B0304579534535261=2708101855017425?,02/25/28,premium_credit,1
CcS-6675,2094,PL163107504212191022327390,9502292886453008,3066,116,%B9502292886453008^HPMOVRHPMOVR^3407000000000000000?,%B9502292886453008=2706101541942688?,09/27/28,debit,0
CcS-6676,2095,GB938517845314404028385022,6488647468247398,7508,523,%B6488647468247398^ZGCNOJZGCNOJ^2202000000000000000?,%B6488647468247398=2808101555229482?,11/28/28,prepaid,0
CcS-6677,2096,FR273723265090528128501650,0278488037949467,7919,722,%B0278488037949467^ADJLHDADJLHD^3107000000000000000?,%B0278488037949467=3301101843283220?,08/28/28,credit,0
CcS-6678,2097,US805581998898829898233364,0954699553719187,9720,985,%B0954699553719187^LVUKAXLVUKAX^2507000000000000000?,%B0954699553719187=2402101766919016?,09/27/28,debit,0
CcS-6679,2098,ES246758348811857774932373,9323189802725857,2433,457,%B9323189802725857^LDDMCMLDDMCM^3309000000000000000?,%B9323189802725857=2208101170077271?,06/27/28,premium_credit,0
CcS-6680,2099,GB697708252806426056886460,2059940560639974,3734,940,%B2059940560639974^GMHXASGMHXAS^3102000000000000000?,%B2059940560639974=3002101337771768?,12/25/28,debit,1
CcS-6681,2100,GB679315667499739073436921,8904755226920855,8861,908,%B8904755226920855^GPDOHGGPDOHG^2801000000000000000?,%B8904755226920855=3308101201904479?,11/26/28,debit,0
CcS-6682,2101,SE236951757537354367506312,4317108557447021,2400,792,%B4317108557447021^OAFOZXOAFOZX^3006000000000000000?,%B4317108557447021=2701101521071435?,03/26/28,credit,0
CcS-6683,2102,NL389594877777996114580667,2457617647267439,5437,152,%B2457617647267439^ZAKBANZAKBAN^2506000000000000000?,%B2457617647267439=2912101129626158?,05/29/28,debit,0
CcS-6684,2103,FR559394113266144773905607,3926303013418208,9551,876,%B3926303013418208^QVNWXAQVNWXA^2904000000000000000?,%B3926303013418208=3303101905587416?,12/25/28,credit,1
CcS-6685,2104,IT582892356762118664568935,0039013625766486,6127,444,%B0039013625766486^XIQYKJXIQYKJ^2410000000000000000?,%B0039013625766486=2702101264365461?,04/27/28,debit,0
CcS-6686,2105,PT641371006634462466830432,8472420040339604,8329,461,%B8472420040339604^YMNBPEYMNBPE^3010000000000000000?,%B8472420040339604=3407101291932457?,04/27/28,debit,0
CcS-6687,2106,NL815002458890174281697102,9259268727444628,6951,776,%B9259268727444628^STVNGRSTVNGR^3305000000000000000?,%B9259268727444628=2901101605609425?,09/26/28,premium_credit,0
CcS-6688,2107,NL854838567990812092166593,9794181606067324,3172,533,%B9794181606067324^IJDXSXIJDXSX^2807000000000000000?,%B9794181606067324=2701101505765828?,02/25/28,credit,1
CcS-6689,2108,PL762897619272734891207898,7255250609085719,5581,938,%B7255250609085719^BNRALBBNRALB^3109000000000000000?,%B7255250609085719=3205101433167098?,05/28/28,credit,0
CcS-6690,2109,SE248400366650243386869293,4859304651291654,1785,263,%B4859304651291654^JMTXIMJMTXIM^2301000000000000000?,%B4859304651291654=2806101684203053?,07/28/28,credit,0
CcS-6691,2110,GB212336397029952764148426,2504042020145607,6373,856,%B2504042020145607^XDPCEDXDPCED^3308000000000000000?,%B2504042020145607=2310101741292648?,05/27/28,credit,0
CcS-6692,2111,PT647445952680330515094591,1365995832162831,6499,118,%B1365995832162831^KYKKGIKYKKGI^3112000000000000000?,%B1365995832162831=2203101192095587?,06/28/28,credit,0
CcS-6693,2112,PT706084560751003259706747,8067931133016059,2535,489,%B8067931133016059^OCYBCHOCYBCH^2505000000000000000?,%B8067931133016059=2201101290274472?,01/27/28,debit,0
CcS-6694,2113,DE551304921618572428075616,5400015812302300,2177,125,%B5400015812302300^AZMEDXAZMEDX^3101000000000000000?,%B5400015812302300=2609101967851069?,03/28/28,credit,0
CcS-6695,2114,PT546719129372597913070852,3173401216256506,9453,628,%B3173401216256506^KYOCJVKYOCJV^2411000000000000000?,%B3173401216256506=3305101778848347?,10/27/28,credit,0
CcS-6696,2115,CA692608982319078894445311,5592939367453050,2612,402,%B5592939367453050^IMAKXRIMAKXR^2504000000000000000?,%B5592939367453050=2309101751548212?,11/28/28,credit,0
CcS-6697,2116,FR933539353865231208927376,3732988355826960,9596,341,%B3732988355826960^JGZVRJJGZVRJ^3210000000000000000?,%B3732988355826960=2605101636186430?,10/25/28,debit,1
CcS-6698,2117,IT287924265094310665481281,0662255503492464,5159,698,%B0662255503492464^IRSSCLIRSSCL^2601000000000000000?,%B0662255503492464=3005101343246672?,11/29/28,debit,0
CcS-6699,2118,US816178053994556838087166,6057650350590623,7313,437,%B6057650350590623^ZNHTJDZNHTJD^3012000000000000000?,%B6057650350590623=2911101162571775?,03/26/28,credit,0
CcS-6700,2119,IT685479840504520122156462,6273752953385045,9470,213,%B6273752953385045^QCZQWGQCZQWG^2807000000000000000?,%B6273752953385045=2807101538937214?,04/26/28,debit,0
CcS-6701,2120,PT142353365070836492791924,5690225733006306,3122,830,%B5690225733006306^VJVJJRVJVJJR^2504000000000000000?,%B5690225733006306=3109101426338207?,07/28/28,prepaid,0
CcS-6702,2121,PT417727913142992435494232,0369266748732134,5718,183,%B0369266748732134^GUGQPHGUGQPH^2812000000000000000?,%B0369266748732134=2205101147800372?,11/27/28,premium_credit,0
CcS-6703,2122,PL119895910223343109688080,9012796694586832,8225,442,%B9012796694586832^KGIJFUKGIJFU^2905000000000000000?,%B9012796694586832=2204101515668810?,04/26/28,debit,0
CcS-6704,2123,US715848876292382775153602,3084029373502780,1407,171,%B3084029373502780^VVYZXUVVYZXU^2305000000000000000?,%B3084029373502780=3203101841488972?,03/25/28,debit,1
CcS-6705,2124,PL820922709463929541528285,2093566430058631,4242,390,%B2093566430058631^EMWQXVEMWQXV^2709000000000000000?,%B2093566430058631=3409101676871255?,06/27/28,debit,0
CcS-6706,2125,CA561274935564070322574550,7194093242291880,3852,108,%B7194093242291880^HBXKGXHBXKGX^2602000000000000000?,%B7194093242291880=2202101611845292?,07/25/28,debit,1
CcS-6707,2126,ES376737558549957899776033,8808480549556760,9093,900,%B8808480549556760^QQACRLQQACRL^2712000000000000000?,%B8808480549556760=3402101427034610?,10/29/28,prepaid,0
CcS-6708,2127,DE721229063781117154981019,6068308027523374,8494,570,%B6068308027523374^MGBSUCMGBSUC^2804000000000000000?,%B6068308027523374=2902101226349634?,01/26/28,debit,0
CcS-6709,2128,SE561416974062151972175349,2177921052821328,2795,673,%B2177921052821328^CDOKMNCDOKMN^3305000000000000000?,%B2177921052821328=2708101578005926?,08/28/28,debit,0
CcS-6710,2129,CA563654207653441540861501,5415922621659772,2849,642,%B5415922621659772^BXVLKZBXVLKZ^2409000000000000000?,%B5415922621659772=2511101114808636?,10/28/28,debit,0
CcS-6711,2130,FR766549894476091386170740,6129188687708478,1195,495,%B6129188687708478^JMXODNJMXODN^2201000000000000000?,%B6129188687708478=3202101445828789?,03/27/28,credit,0
CcS-6712,2131,SE136673567247501269288787,9430613909966237,6362,317,%B9430613909966237^XNQWFYXNQWFY^3409000000000000000?,%B9430613909966237=3109101617731341?,02/26/28,debit,0
CcS-6713,2132,ES464683658884251661536790,0981340842130355,5955,857,%B0981340842130355^XFLSCAXFLSCA^2307000000000000000?,%B0981340842130355=2806101460182377?,01/27/28,debit,0
CcS-6714,2133,CA661374799065162352090536,0399194338504285,7281,557,%B0399194338504285^XQHXKVXQHXKV^2504000000000000000?,%B0399194338504285=2209101423669342?,11/27/28,credit,0
CcS-6715,2134,US732601897691166594583908,6026357028410076,5316,696,%B6026357028410076^URPGRQURPGRQ^2608000000000000000?,%B6026357028410076=2202101835547165?,08/25/28,debit,1
CcS-6716,2135,CA671322567681931290744788,6956268140734764,9201,479,%B6956268140734764^FPZWCGFPZWCG^2410000000000000000?,%B6956268140734764=3306101900942644?,10/28/28,debit,0
CcS-6717,2136,NL526634561911455236650950,3035233282968627,5433,726,%B3035233282968627^SVSMMHSVSMMH^2312000000000000000?,%B3035233282968627=2411101668966831?,06/27/28,debit,0
CcS-6718,2137,ES116785639690207261429247,8442371262295493,9998,230,%B8442371262295493^GNKRUQGNKRUQ^3102000000000000000?,%B8442371262295493=2408101414930101?,08/25/28,debit,1
CcS-6719,2138,PL933458497425347362377839,1053510019909174,7768,420,%B1053510019909174^ELSIVQELSIVQ^3009000000000000000?,%B1053510019909174=3210101591434880?,04/28/28,debit,0
CcS-6720,2139,CA544209073915842316337942,8603558808492386,5949,466,%B8603558808492386^MJOERBMJOERB^2412000000000000000?,%B8603558808492386=3307101596659330?,06/27/28,debit,0
CcS-6721,2140,SE635790834928508423409268,9809931113130959,2124,425,%B9809931113130959^GFTEOBGFTEOB^2505000000000000000?,%B9809931113130959=3309101174957395?,03/28/28,debit,0
CcS-6722,2141,PT353805320439371993019920,3218788921210670,9025,262,%B3218788921210670^WWIMTVWWIMTV^2905000000000000000?,%B3218788921210670=2611101969823384?,02/28/28,debit,0
CcS-6723,2142,GB721098094885212021796004,3656103726545068,7473,735,%B3656103726545068^QYAMXXQYAMXX^2206000000000000000?,%B3656103726545068=3311101172207985?,05/28/28,debit,0
CcS-6724,2143,DE462467279821149056475084,9318289018893319,6600,750,%B9318289018893319^ZOHIWDZOHIWD^2303000000000000000?,%B9318289018893319=2908101385025129?,04/28/28,credit,0
CcS-6725,2144,ES554292978527261572882248,5454684044484101,5928,997,%B5454684044484101^CGXGTACGXGTA^2710000000000000000?,%B5454684044484101=2608101426130750?,10/27/28,credit,0
CcS-6726,2145,CA380003612301153671143918,9869677222927317,4898,372,%B9869677222927317^XTDAPBXTDAPB^3002000000000000000?,%B9869677222927317=2608101953410076?,04/26/28,debit,0
CcS-6727,2146,IT903127763098604212569896,1231525486612394,1821,666,%B1231525486612394^MRNBNBMRNBNB^2403000000000000000?,%B1231525486612394=2504101778899193?,02/25/28,debit,1
CcS-6728,2147,DE100711087873870948705511,0759831629914986,1190,315,%B0759831629914986^UQTDGOUQTDGO^2202000000000000000?,%B0759831629914986=2501101491718307?,03/25/28,premium_credit,1
CcS-6729,2148,IT208747151714663769431137,4350644046215183,6588,273,%B4350644046215183^FDLMYVFDLMYV^3102000000000000000?,%B4350644046215183=2203101738615933?,05/28/28,credit,0
CcS-6730,2149,DE781601878698323493363388,4301195265226692,4583,333,%B4301195265226692^RVZYZCRVZYZC^2401000000000000000?,%B4301195265226692=3206101131168653?,10/29/28,debit,0
CcS-6731,2150,PL311467482786487751309490,4287755497468279,8883,600,%B4287755497468279^CRDRIZCRDRIZ^3206000000000000000?,%B4287755497468279=3001101735494874?,12/26/28,debit,0
CcS-6732,2151,PT619053873152063899299901,1000453493486257,1464,337,%B1000453493486257^FKPFQZFKPFQZ^2204000000000000000?,%B1000453493486257=2309101348047700?,11/25/28,debit,1
CcS-6733,2152,PL386732987587659253466885,5377729422269424,2608,999,%B5377729422269424^OQOLUKOQOLUK^3002000000000000000?,%B5377729422269424=3004101328608966?,02/27/28,premium_credit,0
CcS-6734,2153,DE792034264945582768467871,7525026735888985,4973,513,%B7525026735888985^DANWDDDANWDD^2709000000000000000?,%B7525026735888985=2611101498591720?,06/29/28,debit,0
CcS-6735,2154,FR693865109383175039401807,3476357651661594,2076,148,%B3476357651661594^RQIELKRQIELK^3207000000000000000?,%B3476357651661594=2908101781193690?,04/29/28,credit,0
CcS-6736,2155,US881169898265777795843627,4479247338356888,1522,347,%B4479247338356888^CGDSZNCGDSZN^3205000000000000000?,%B4479247338356888=3306101337609221?,10/29/28,credit,0
CcS-6737,2156,CA214972238453832120705128,1688537673024451,6408,358,%B1688537673024451^LQEVMYLQEVMY^2505000000000000000?,%B1688537673024451=2712101108327002?,11/28/28,credit,0
CcS-6738,2157,FR805646542147429248764815,9086692953327698,6116,775,%B9086692953327698^UUJLQUUUJLQU^2711000000000000000?,%B9086692953327698=3412101609304766?,05/29/28,debit,0
CcS-6739,2158,PL793100264687034677361853,8831486611228946,7328,950,%B8831486611228946^SFRSXISFRSXI^2304000000000000000?,%B8831486611228946=2709101437928804?,08/27/28,debit,0
CcS-6740,2159,NL279738502055600440665659,5299057818725639,9266,627,%B5299057818725639^HFGSYJHFGSYJ^3212000000000000000?,%B5299057818725639=3110101212712676?,11/26/28,debit,0
CcS-6741,2160,ES601428906934047511801752,8633635563881729,8725,481,%B8633635563881729^KJJORIKJJORI^3404000000000000000?,%B8633635563881729=3111101457012738?,01/26/28,credit,0
CcS-6742,2161,CA588194650924224797758496,8358707643187307,3133,763,%B8358707643187307^JXZNRMJXZNRM^3310000000000000000?,%B8358707643187307=3209101427546234?,08/25/28,debit,1
CcS-6743,2162,DE193091508579971127741336,8871892487128999,5514,603,%B8871892487128999^BFWYGGBFWYGG^2507000000000000000?,%B8871892487128999=2411101481372014?,05/27/28,debit,0
CcS-6744,2163,FR821140128864117265525307,5989702432630848,2738,366,%B5989702432630848^TAHILNTAHILN^3110000000000000000?,%B5989702432630848=2401101301392629?,07/27/28,premium_credit,0
CcS-6745,2164,DE162000894298985405486245,0411486469874578,2191,690,%B0411486469874578^STRYGZSTRYGZ^3107000000000000000?,%B0411486469874578=2212101946936610?,12/28/28,debit,0
CcS-6746,2165,PL719847853328957131218856,9521056997380508,8970,955,%B9521056997380508^NQFYQVNQFYQV^2911000000000000000?,%B9521056997380508=3306101913589625?,08/29/28,debit,0
CcS-6747,2166,PT670337420047899143271149,2266632936371671,8905,939,%B2266632936371671^JSRHVVJSRHVV^2404000000000000000?,%B2266632936371671=2812101504887636?,09/26/28,debit,0
CcS-6748,2167,US376819081876036506171357,1123577048123663,2483,647,%B1123577048123663^LLJJJNLLJJJN^2205000000000000000?,%B1123577048123663=3010101851428348?,04/25/28,credit,1
CcS-6749,2168,US225505083400859954576688,7187762883973798,2906,944,%B7187762883973798^LXPBDRLXPBDR^2209000000000000000?,%B7187762883973798=2410101519873742?,02/28/28,credit,0
CcS-6750,2169,US665479774990361645549630,0142780339977512,9629,676,%B0142780339977512^ALNTYBALNTYB^2507000000000000000?,%B0142780339977512=3012101411990728?,08/29/28,debit,0
CcS-6751,2170,US948861138683867087074272,6654338685776025,7036,548,%B6654338685776025^SWMFQUSWMFQU^2711000000000000000?,%B6654338685776025=2610101472489854?,11/25/28,debit,1
CcS-6752,2171,IT359553460726819960464459,5331278145989309,1202,293,%B5331278145989309^UEWRZSUEWRZS^2208000000000000000?,%B5331278145989309=3006101625592137?,04/26/28,debit,0
CcS-6753,2172,SE915919982008561012273018,1471330879354549,1509,691,%B1471330879354549^QYSAHVQYSAHV^2212000000000000000?,%B1471330879354549=3107101619553351?,08/28/28,debit,0
CcS-6754,2173,US704332175810774194731228,4833506613256130,6492,331,%B4833506613256130^ECSZPBECSZPB^2708000000000000000?,%B4833506613256130=3106101227592286?,03/27/28,credit,0
CcS-6755,2174,DE400605936665672498758941,3893982815466462,4701,267,%B3893982815466462^FEXDRVFEXDRV^2402000000000000000?,%B3893982815466462=2602101543813053?,03/29/28,credit,0
CcS-6756,2175,PT474773304844557048266926,4755006643516321,2987,302,%B4755006643516321^WILGZUWILGZU^3003000000000000000?,%B4755006643516321=3302101142553416?,02/25/28,debit,1
CcS-6757,2176,PT897510226311674120936982,0442819202445668,6792,369,%B0442819202445668^BARJOUBARJOU^3407000000000000000?,%B0442819202445668=3301101751014129?,01/28/28,credit,0
CcS-6758,2177,PL575049498802308142331171,4242522413101279,9972,827,%B4242522413101279^IPETLWIPETLW^2303000000000000000?,%B4242522413101279=2904101458728207?,06/25/28,credit,1
CcS-6759,2178,CA899600922813265871207131,9078915452772077,6720,811,%B9078915452772077^FCWEIAFCWEIA^3408000000000000000?,%B9078915452772077=3009101677281949?,07/27/28,debit,0
CcS-6760,2179,PL152947914329587107419077,3781844014262739,4195,496,%B3781844014262739^OSQFWBOSQFWB^2804000000000000000?,%B3781844014262739=3111101189615534?,07/29/28,debit,0
CcS-6761,2180,PT805416360512290477966774,9206241320821993,6888,940,%B9206241320821993^UGNWHIUGNWHI^2205000000000000000?,%B9206241320821993=3401101855378915?,07/25/28,credit,1
CcS-6762,2181,FR923592103129592232587127,2786120498486552,9301,577,%B2786120498486552^ACGYPMACGYPM^2810000000000000000?,%B2786120498486552=3003101370049228?,08/28/28,debit,0
CcS-6763,2182,PT678189483772490580165921,0310026249593626,6813,252,%B0310026249593626^CAGXCPCAGXCP^2412000000000000000?,%B0310026249593626=2410101380393787?,05/25/28,credit,1
CcS-6764,2183,SE685863823929204383259430,4423444583042291,9125,578,%B4423444583042291^OVZTNROVZTNR^2202000000000000000?,%B4423444583042291=2409101685595580?,07/28/28,credit,0
CcS-6765,2184,FR313978789002319685350532,6147379505881724,9046,537,%B6147379505881724^EROLWEEROLWE^2410000000000000000?,%B6147379505881724=2810101658733616?,08/28/28,credit,0
CcS-6766,2185,DE447857605322970693016905,8013804760213811,7848,173,%B8013804760213811^ICYXKVICYXKV^3209000000000000000?,%B8013804760213811=2801101292608278?,05/29/28,credit,0
CcS-6767,2186,PT534569552246512465926493,6789428137712542,3025,155,%B6789428137712542^WFFWXFWFFWXF^3104000000000000000?,%B6789428137712542=3112101460933554?,06/25/28,prepaid,1
CcS-6768,2187,SE386167176260148045241724,2307330351275982,9773,439,%B2307330351275982^BPQTONBPQTON^2210000000000000000?,%B2307330351275982=2310101331217616?,07/27/28,debit,0
CcS-6769,2188,US384081582506144063369050,0359809429258110,4350,777,%B0359809429258110^EBODNPEBODNP^2706000000000000000?,%B0359809429258110=2802101374508560?,04/29/28,credit,0
CcS-6770,2189,NL895919076114338098274928,0972214498607156,2957,593,%B0972214498607156^YIEZBLYIEZBL^3111000000000000000?,%B0972214498607156=2209101763110823?,04/29/28,credit,0
CcS-6771,2190,ES892299251819793340359123,4810338689368398,4674,309,%B4810338689368398^XDSCSYXDSCSY^2501000000000000000?,%B4810338689368398=2501101142465381?,02/27/28,debit,0
CcS-6772,2191,PT815441814627492222390299,4751205533055608,1690,166,%B4751205533055608^RADFMURADFMU^3206000000000000000?,%B4751205533055608=2902101739231720?,12/25/28,credit,1
CcS-6773,2192,ES148596322176759940710878,9877968888847301,2187,190,%B9877968888847301^WTKOUWWTKOUW^2805000000000000000?,%B9877968888847301=3303101778963336?,01/26/28,debit,0
CcS-6774,2193,FR527308319258530162153088,6287075879368509,5525,662,%B6287075879368509^DNNMZHDNNMZH^3306000000000000000?,%B6287075879368509=2406101779064134?,01/27/28,debit,0
CcS-6775,2194,PL745656229295088316657219,6947432135387600,5258,153,%B6947432135387600^IDYKZQIDYKZQ^2410000000000000000?,%B6947432135387600=2909101230982235?,04/27/28,credit,0
CcS-6776,2195,SE947761267859284389193559,8958978462413530,9330,563,%B8958978462413530^FFRIVTFFRIVT^2912000000000000000?,%B8958978462413530=2508101254222357?,09/29/28,credit,0
CcS-6777,2196,FR374507449557332874754887,4031798818527767,9987,782,%B4031798818527767^ZRMKDTZRMKDT^3304000000000000000?,%B4031798818527767=2806101906206406?,02/25/28,credit,1
CcS-6778,2197,GB172858005344280511891876,3582268765108537,3928,804,%B3582268765108537^ZZIAMKZZIAMK^3302000000000000000?,%B3582268765108537=2303101966639131?,05/25/28,credit,1
CcS-6779,2198,SE128982907934556921818930,6331754766587448,8928,812,%B6331754766587448^CBZJURCBZJUR^2702000000000000000?,%B6331754766587448=3209101482976540?,03/26/28,debit,0
CcS-6780,2199,US841319590480311414042130,2231206031980425,3524,615,%B2231206031980425^TPDISMTPDISM^3007000000000000000?,%B2231206031980425=3006101550123735?,04/29/28,credit,0
CcS-6781,2200,GB244018620167439346630463,8793953087388334,8325,413,%B8793953087388334^WTJFSOWTJFSO^2211000000000000000?,%B8793953087388334=3211101152461037?,12/29/28,debit,0
CcS-6782,2201,NL244230333213725106593651,0967019284634227,8008,133,%B0967019284634227^JYGEYBJYGEYB^2711000000000000000?,%B0967019284634227=3202101168001586?,10/25/28,debit,1
CcS-6783,2202,DE188750607284535861587045,7360917119749373,5945,149,%B7360917119749373^DNTJNBDNTJNB^2508000000000000000?,%B7360917119749373=2703101102187156?,09/29/28,credit,0
CcS-6784,2203,CA110585693120168880668809,3269811067653301,1787,728,%B3269811067653301^SARKDJSARKDJ^3211000000000000000?,%B3269811067653301=2605101962183800?,08/27/28,prepaid,0
CcS-6785,2204,NL641565032462085530896966,7720261214968116,2297,465,%B7720261214968116^ZTYXEWZTYXEW^3008000000000000000?,%B7720261214968116=2306101548267542?,02/28/28,credit,0
CcS-6786,2205,NL767273643351471464988781,2342532783923849,3358,777,%B2342532783923849^ROQVBSROQVBS^2211000000000000000?,%B2342532783923849=2904101859839888?,02/29/28,credit,0
CcS-6787,2206,PL804919334505821717938307,3829425882676066,9336,640,%B3829425882676066^UTKQRIUTKQRI^2310000000000000000?,%B3829425882676066=3304101681004941?,03/29/28,debit,0
CcS-6788,2207,US310541365958101289846291,5864739952036092,4242,465,%B5864739952036092^TMQXQUTMQXQU^3002000000000000000?,%B5864739952036092=2401101162433407?,11/25/28,debit,1
CcS-6789,2208,US959169149390402861436382,5023223048584369,7869,262,%B5023223048584369^TWKCRKTWKCRK^2611000000000000000?,%B5023223048584369=2304101422592601?,10/28/28,credit,0
CcS-6790,2209,SE887091604794484024791332,6232958283595120,7140,151,%B6232958283595120^SGNWXTSGNWXT^2411000000000000000?,%B6232958283595120=2205101974246917?,08/29/28,credit,0
CcS-6791,2210,IT749121971430659083070140,4058186013585590,3858,532,%B4058186013585590^REAQXDREAQXD^3106000000000000000?,%B4058186013585590=2609101818017053?,11/25/28,debit,1
CcS-6792,2211,DE100494122223903373434227,0576277972341421,7906,565,%B0576277972341421^JJDHBCJJDHBC^2504000000000000000?,%B0576277972341421=3102101465508116?,07/27/28,credit,0
CcS-6793,2212,CA899575323787874407155938,6421123456523053,9612,807,%B6421123456523053^UQFJVXUQFJVX^3107000000000000000?,%B6421123456523053=3110101437982116?,10/27/28,debit,0
CcS-6794,2213,NL541451649331800328613493,4164580570549216,2657,534,%B4164580570549216^XCXRMLXCXRML^2206000000000000000?,%B4164580570549216=2404101805264974?,12/29/28,credit,0
CcS-6795,2214,NL113763054457556736758535,6130013183470465,5898,848,%B6130013183470465^LSUOHSLSUOHS^3211000000000000000?,%B6130013183470465=2604101125056866?,05/28/28,credit,0
CcS-6796,2215,CA595367292922145056106521,1018668290716606,8297,517,%B1018668290716606^DDWXDLDDWXDL^3203000000000000000?,%B1018668290716606=2405101600489890?,05/28/28,premium_credit,0
CcS-6797,2216,GB431702756186282976246218,3407670293622808,4510,993,%B3407670293622808^FJTBVMFJTBVM^2712000000000000000?,%B3407670293622808=2605101980075861?,07/27/28,debit,0
CcS-6798,2217,ES810009259231630332769923,6346854225699610,7092,650,%B6346854225699610^ZYFCVCZYFCVC^3306000000000000000?,%B6346854225699610=3407101928445690?,08/27/28,debit,0
CcS-6799,2218,DE749244448948893812069827,4575534086227925,4413,371,%B4575534086227925^TMMUJJTMMUJJ^2307000000000000000?,%B4575534086227925=2207101753487459?,07/26/28,credit,0
CcS-6800,2219,NL224323662922409676783268,6892302259530156,8671,813,%B6892302259530156^HZPWPOHZPWPO^2602000000000000000?,%B6892302259530156=2502101123032912?,06/25/28,debit,1
CcS-6801,2220,US367251543279582435152799,9462478974788364,7762,937,%B9462478974788364^JZDMCEJZDMCE^3103000000000000000?,%B9462478974788364=2501101357810863?,08/28/28,debit,0
CcS-6802,2221,SE207658899372429347972793,5535431904375676,6456,383,%B5535431904375676^CNQGVSCNQGVS^3108000000000000000?,%B5535431904375676=2302101495725498?,05/28/28,prepaid,0
CcS-6803,2222,CA152741645160994868807612,9156263487847835,1275,899,%B9156263487847835^LYFNMWLYFNMW^2907000000000000000?,%B9156263487847835=3111101805995795?,09/25/28,premium_credit,1
CcS-6804,2223,GB192736316704970212220218,2785561190086892,9926,400,%B2785561190086892^MHQDUHMHQDUH^2901000000000000000?,%B2785561190086892=2403101255074208?,08/27/28,prepaid,0
CcS-6805,2224,IT385606775613737938050537,7231062275190342,7117,243,%B7231062275190342^UMKZCFUMKZCF^2306000000000000000?,%B7231062275190342=2804101859294853?,03/27/28,debit,0
CcS-6806,2225,DE248672933568951996987317,2745394600929071,8703,562,%B2745394600929071^WBKJCTWBKJCT^3402000000000000000?,%B2745394600929071=2305101440624762?,12/26/28,debit,0
CcS-6807,2226,PL398279745450999170860410,2528854854405563,9746,387,%B2528854854405563^ARBIASARBIAS^3001000000000000000?,%B2528854854405563=2805101208761629?,05/25/28,debit,1
CcS-6808,2227,IT343450114986934698961393,0279192519219715,2415,951,%B0279192519219715^MBZVCNMBZVCN^2908000000000000000?,%B0279192519219715=2906101498276329?,07/28/28,premium_credit,0
CcS-6809,2228,FR835767615339574204223834,0541919864595715,4960,214,%B0541919864595715^HJZIRRHJZIRR^3411000000000000000?,%B0541919864595715=2503101312078545?,02/26/28,credit,0
CcS-6810,2229,ES960615344317085358827086,5698908402831111,2069,655,%B5698908402831111^MAKVTVMAKVTV^3201000000000000000?,%B5698908402831111=2208101102175234?,07/26/28,debit,0
CcS-6811,2230,DE541204456986581545904722,3738437071180523,6224,253,%B3738437071180523^JAZJADJAZJAD^3303000000000000000?,%B3738437071180523=2304101356680786?,06/25/28,credit,1
CcS-6812,2231,NL646617480378890065675999,4743771731945375,5187,430,%B4743771731945375^UBNCFHUBNCFH^3212000000000000000?,%B4743771731945375=2603101612979405?,08/29/28,debit,0
CcS-6813,2232,FR206129807650819487937840,8521793933539766,3083,478,%B8521793933539766^AURMULAURMUL^3104000000000000000?,%B8521793933539766=3302101557637307?,05/27/28,prepaid,0
CcS-6814,2233,IT785034541246358962484276,7173353888268877,5078,959,%B7173353888268877^ZAPRQOZAPRQO^3405000000000000000?,%B7173353888268877=3207101410738011?,09/25/28,credit,1
CcS-6815,2234,DE577546128457203183866016,0301096524281155,5764,876,%B0301096524281155^LEEBSQLEEBSQ^2309000000000000000?,%B0301096524281155=2212101682482739?,07/25/28,debit,1
CcS-6816,2235,CA622737585323671866936192,3198453480214181,7333,732,%B3198453480214181^NGQAQDNGQAQD^2202000000000000000?,%B3198453480214181=2803101482223222?,07/27/28,debit,0
CcS-6817,2236,US871557886903618086956191,6676896417343255,1594,129,%B6676896417343255^FLZFJEFLZFJE^3011000000000000000?,%B6676896417343255=2908101759365238?,03/25/28,credit,1
CcS-6818,2237,NL460377464357902340871482,4130714794559615,3303,162,%B4130714794559615^ZWLFHPZWLFHP^3402000000000000000?,%B4130714794559615=2411101260376600?,09/26/28,credit,0
CcS-6819,2238,ES504748203629718256494030,8365352330498748,2893,226,%B8365352330498748^UFIJIWUFIJIW^2206000000000000000?,%B8365352330498748=2503101717528492?,07/26/28,debit,0
CcS-6820,2239,SE684446519246130617901744,3166282101839381,8243,908,%B3166282101839381^NHTXNLNHTXNL^2409000000000000000?,%B3166282101839381=2402101905283308?,10/29/28,credit,0
CcS-6821,2240,US673827270996010928021465,2638199862981958,7501,523,%B2638199862981958^PCPSBIPCPSBI^2807000000000000000?,%B2638199862981958=2301101371997473?,02/25/28,debit,1
CcS-6822,2241,PL652681548786437102604420,3047404026060624,3940,234,%B3047404026060624^HOLJMJHOLJMJ^2809000000000000000?,%B3047404026060624=2712101516533872?,10/28/28,prepaid,0
CcS-6823,2242,PL745041029486585361154511,1598435987212661,9402,459,%B1598435987212661^QGYJAZQGYJAZ^2406000000000000000?,%B1598435987212661=3409101935289144?,11/28/28,credit,0
CcS-6824,2243,FR439612559816058755571897,8641104328823004,1299,715,%B8641104328823004^SJUQQMSJUQQM^2201000000000000000?,%B8641104328823004=3404101673055462?,11/28/28,debit,0
CcS-6825,2244,IT387055884006382583444110,9356287178899115,7817,137,%B9356287178899115^HWINBBHWINBB^3312000000000000000?,%B9356287178899115=3308101534835816?,05/26/28,debit,0
CcS-6826,2245,GB492350776378459743725858,7600478631795476,1133,427,%B7600478631795476^XFEDVJXFEDVJ^3104000000000000000?,%B7600478631795476=2701101389411109?,07/29/28,credit,0
CcS-6827,2246,SE648987866306780866206975,2316663662553303,3505,439,%B2316663662553303^ULJOAWULJOAW^2803000000000000000?,%B2316663662553303=2905101342792753?,07/25/28,debit,1
CcS-6828,2247,DE194333199676978743404588,9687476415266220,6884,548,%B9687476415266220^AMNXPMAMNXPM^2804000000000000000?,%B9687476415266220=2802101749969888?,05/26/28,credit,0
CcS-6829,2248,FR612778044676538159532212,7555851838175453,9363,202,%B7555851838175453^PTOZVXPTOZVX^2803000000000000000?,%B7555851838175453=2805101594501134?,06/29/28,credit,0
CcS-6830,2249,DE639638709053958947177167,8476251457853985,7820,931,%B8476251457853985^NJOZDWNJOZDW^2611000000000000000?,%B8476251457853985=2502101864218588?,02/27/28,debit,0
CcS-6831,2250,DE332739795291037377059770,3419079579277456,6782,372,%B3419079579277456^LEHBUWLEHBUW^2507000000000000000?,%B3419079579277456=2908101192455889?,09/27/28,credit,0
CcS-6832,2251,US565654019185229916009202,3016804916839812,9877,987,%B3016804916839812^TICETPTICETP^3312000000000000000?,%B3016804916839812=2309101581639640?,09/27/28,debit,0
CcS-6833,2252,SE526868265152144127479335,0164655566301016,3636,990,%B0164655566301016^DMFITIDMFITI^3008000000000000000?,%B0164655566301016=3201101645894676?,12/26/28,debit,0
CcS-6834,2253,SE634485238576009618981889,2540457085575837,2008,244,%B2540457085575837^BQRMQLBQRMQL^3406000000000000000?,%B2540457085575837=2902101222377779?,09/28/28,premium_credit,0
CcS-6835,2254,SE231582239301549398173831,0432696793506035,7588,416,%B0432696793506035^NKGUPLNKGUPL^3105000000000000000?,%B0432696793506035=3207101721159193?,08/29/28,premium_credit,0
CcS-6836,2255,SE758608581677466214374860,1671958360274475,5143,811,%B1671958360274475^MMDFHWMMDFHW^2202000000000000000?,%B1671958360274475=2607101463526673?,04/26/28,debit,0
CcS-6837,2256,IT247167329812714976398166,1877865093456874,6302,673,%B1877865093456874^WVYBXOWVYBXO^2701000000000000000?,%B1877865093456874=3102101699234201?,07/29/28,credit,0
CcS-6838,2257,US174034936111924982555410,8993771414504898,4436,993,%B8993771414504898^YAOCZOYAOCZO^2203000000000000000?,%B8993771414504898=2910101849706506?,09/26/28,credit,0
CcS-6839,2258,PL332216157715282087199265,1077651746044982,2424,274,%B1077651746044982^FDONGKFDONGK^3101000000000000000?,%B1077651746044982=2903101877235887?,11/27/28,debit,0
CcS-6840,2259,ES934415482428896088941013,0794125669301961,7055,337,%B0794125669301961^OXZJJAOXZJJA^3412000000000000000?,%B0794125669301961=2501101859491802?,03/29/28,debit,0
CcS-6841,2260,GB627977491309092322732807,0263975361079208,9527,270,%B0263975361079208^VGJPEAVGJPEA^2403000000000000000?,%B0263975361079208=3012101454232850?,06/25/28,premium_credit,1
CcS-6842,2261,FR157925676612528850039723,7680120884598742,5579,222,%B7680120884598742^EFWQEBEFWQEB^2206000000000000000?,%B7680120884598742=2906101714422406?,02/27/28,credit,0
CcS-6843,2262,PL983299868953491242283306,8045824858391603,5633,442,%B8045824858391603^WZHKYKWZHKYK^2805000000000000000?,%B8045824858391603=3312101455946168?,06/29/28,debit,0
CcS-6844,2263,NL161599470886784104793337,7262660758081191,3502,578,%B7262660758081191^BLSMISBLSMIS^2311000000000000000?,%B7262660758081191=2402101694014436?,03/27/28,debit,0
CcS-6845,2264,GB240953123960021220574096,5858077132674817,7025,909,%B5858077132674817^JSXQUSJSXQUS^3107000000000000000?,%B5858077132674817=2408101872949164?,06/26/28,credit,0
CcS-6846,2265,DE208689817661036591698194,2847870253922260,6643,971,%B2847870253922260^EYKXRLEYKXRL^2311000000000000000?,%B2847870253922260=2806101876236859?,10/28/28,debit,0
CcS-6847,2266,ES965608510018103876714605,1421777538797352,8543,110,%B1421777538797352^YWHIKRYWHIKR^3107000000000000000?,%B1421777538797352=2506101452731700?,03/25/28,credit,1
CcS-6848,2267,IT604790353416860170145001,4754337378010327,9629,577,%B4754337378010327^JATYCEJATYCE^3004000000000000000?,%B4754337378010327=2303101969303261?,08/26/28,credit,0
CcS-6849,2268,ES817594872637626559233584,1072107826522946,9479,744,%B1072107826522946^EFJVMOEFJVMO^2702000000000000000?,%B1072107826522946=2603101551191057?,10/29/28,debit,0
CcS-6850,2269,SE815539943117385465398523,6389104623195789,9110,203,%B6389104623195789^TMHGQJTMHGQJ^3401000000000000000?,%B6389104623195789=3007101675511128?,07/26/28,credit,0
CcS-6851,2270,GB757541069961273467062402,1246849693602910,8936,528,%B1246849693602910^KTGHLOKTGHLO^3310000000000000000?,%B1246849693602910=3209101463301481?,06/25/28,debit,1
CcS-6852,2271,NL987442881704677563966817,1097298552283437,1674,696,%B1097298552283437^FUNFQIFUNFQI^2307000000000000000?,%B1097298552283437=2511101887663605?,05/27/28,debit,0
CcS-6853,2272,NL610940054419842655435671,8146892860614244,5977,116,%B8146892860614244^NSCIEINSCIEI^2606000000000000000?,%B8146892860614244=2203101788788308?,11/25/28,debit,1
CcS-6854,2273,PL602496851859103166290173,5014394795944926,2024,773,%B5014394795944926^IGVSLCIGVSLC^3101000000000000000?,%B5014394795944926=2704101470519550?,07/28/28,credit,0
CcS-6855,2274,ES119312307745322351578347,9369049653060358,5188,505,%B9369049653060358^RDGFALRDGFAL^2501000000000000000?,%B9369049653060358=2508101611227508?,10/28/28,debit,0
CcS-6856,2275,GB478598964881771960449412,9169178716766854,2442,670,%B9169178716766854^PJCLSZPJCLSZ^3411000000000000000?,%B9169178716766854=3008101992397307?,06/26/28,credit,0
CcS-6857,2276,FR595568831404926624831204,1327207880228118,1412,167,%B1327207880228118^CNKJVECNKJVE^2605000000000000000?,%B1327207880228118=2405101943429423?,12/29/28,premium_credit,0
CcS-6858,2277,CA492696020864622046249067,3153890423419134,8005,861,%B3153890423419134^HTPYYPHTPYYP^2703000000000000000?,%B3153890423419134=3205101664374625?,11/26/28,credit,0
CcS-6859,2278,ES798105050584373380237021,9962440687701707,9823,571,%B9962440687701707^OKGUXPOKGUXP^3107000000000000000?,%B9962440687701707=3304101696248847?,07/26/28,credit,0
CcS-6860,2279,GB179894278809498268114794,7994389241564526,2822,226,%B7994389241564526^OOIRIGOOIRIG^3311000000000000000?,%B7994389241564526=3002101177412307?,05/28/28,credit,0
CcS-6861,2280,GB523468463114111376465776,2933495862873961,7042,737,%B2933495862873961^YHZLGOYHZLGO^2203000000000000000?,%B2933495862873961=2907101458433834?,12/27/28,credit,0
CcS-6862,2281,IT926497353492102051274112,6174713405383579,6112,500,%B6174713405383579^GGESJMGGESJM^2811000000000000000?,%B6174713405383579=3312101846195402?,09/26/28,debit,0
CcS-6863,2282,NL617382153153939337082443,8924016432395240,6901,765,%B8924016432395240^PFGSXJPFGSXJ^2905000000000000000?,%B8924016432395240=3004101693130566?,09/28/28,credit,0
CcS-6864,2283,PT243928339763791819256875,4987415699219221,9288,296,%B4987415699219221^HPHWECHPHWEC^2505000000000000000?,%B4987415699219221=3111101523013549?,09/27/28,credit,0
CcS-6865,2284,PT524998307482875997766262,7446195030154192,1113,309,%B7446195030154192^DGGTQADGGTQA^3005000000000000000?,%B7446195030154192=3012101964994914?,05/28/28,credit,0
CcS-6866,2285,ES238472227860520912651402,7795613179348031,9649,337,%B7795613179348031^EIGUMAEIGUMA^2711000000000000000?,%B7795613179348031=2709101198196751?,12/29/28,credit,0
CcS-6867,2286,ES901342946987587318597739,5198397126042577,4570,204,%B5198397126042577^OWOMIPOWOMIP^3105000000000000000?,%B5198397126042577=3002101432793904?,01/28/28,debit,0
CcS-6868,2287,ES746099280543060018070087,3072959676766529,9971,930,%B3072959676766529^WJJYTPWJJYTP^2211000000000000000?,%B3072959676766529=2511101276628749?,01/28/28,credit,0
CcS-6869,2288,SE321315447091031964401460,5242062637653445,9496,524,%B5242062637653445^SNPLUISNPLUI^2711000000000000000?,%B5242062637653445=2803101965504035?,03/28/28,debit,0
CcS-6870,2289,PT331187934839740692673596,9043696258566840,4519,392,%B9043696258566840^EEXYKVEEXYKV^2802000000000000000?,%B9043696258566840=2804101420320428?,06/27/28,credit,0
CcS-6871,2290,GB964654291212108948765399,3371510858472100,6980,298,%B3371510858472100^BNCPGBBNCPGB^3009000000000000000?,%B3371510858472100=3006101323269966?,05/25/28,premium_credit,1
CcS-6872,2291,PT226083681733293808980857,6246971645742702,9086,350,%B6246971645742702^WFWAGBWFWAGB^3411000000000000000?,%B6246971645742702=2407101395317010?,10/25/28,credit,1
CcS-6873,2292,ES207700689747869284700214,0521555217713510,3085,122,%B0521555217713510^PECAYQPECAYQ^2901000000000000000?,%B0521555217713510=2307101596127722?,09/25/28,premium_credit,1
CcS-6874,2293,IT308742575666880243003431,4600530721537033,1142,629,%B4600530721537033^LQEAYOLQEAYO^2202000000000000000?,%B4600530721537033=2202101821703176?,10/29/28,credit,0
CcS-6875,2294,SE246317916792531718879274,2679192545858199,9502,405,%B2679192545858199^MVKBEWMVKBEW^2810000000000000000?,%B2679192545858199=2305101692636141?,08/29/28,debit,0
CcS-6876,2295,FR964127035879467827203689,7605027868344874,5096,161,%B7605027868344874^IOPNMYIOPNMY^2406000000000000000?,%B7605027868344874=2506101843748439?,04/26/28,debit,0
CcS-6877,2296,IT544008324664749352379929,4879263024241457,5430,549,%B4879263024241457^LKYSRELKYSRE^2507000000000000000?,%B4879263024241457=2707101922726213?,03/28/28,credit,0
CcS-6878,2297,CA367910906189364468388709,7269218464101803,1775,709,%B7269218464101803^IUUSSVIUUSSV^2612000000000000000?,%B7269218464101803=2607101813172307?,04/25/28,credit,1
CcS-6879,2298,NL892745261218275057926501,8365979663770303,2224,274,%B8365979663770303^PVYYGNPVYYGN^2609000000000000000?,%B8365979663770303=2809101618252632?,04/25/28,credit,1
CcS-6880,2299,FR314635149205897374236432,6695653112845544,9161,545,%B6695653112845544^MPOQVHMPOQVH^2409000000000000000?,%B6695653112845544=2207101535363386?,10/28/28,premium_credit,0
CcS-6881,2300,US723034761828086196026214,9070057558796185,6543,752,%B9070057558796185^SCLFTZSCLFTZ^2210000000000000000?,%B9070057558796185=3109101554504606?,01/29/28,credit,0
CcS-6882,2301,NL918600530810290335285658,7683914577504765,3669,977,%B7683914577504765^FBKETNFBKETN^3303000000000000000?,%B7683914577504765=3409101827899145?,02/26/28,debit,0
CcS-6883,2302,US677416479560186633293952,7900657237150693,2823,324,%B7900657237150693^GHWSFXGHWSFX^3405000000000000000?,%B7900657237150693=3102101533491068?,07/28/28,premium_credit,0
CcS-6884,2303,DE915103560255956697190960,3306598033472114,8038,777,%B3306598033472114^ZZQGWHZZQGWH^2711000000000000000?,%B3306598033472114=2611101205467742?,09/29/28,prepaid,0
CcS-6885,2304,PT910234412713682267304376,4279826876865727,8624,520,%B4279826876865727^CXSXHTCXSXHT^2909000000000000000?,%B4279826876865727=3411101903262485?,10/26/28,debit,0
CcS-6886,2305,IT416861758647604696247889,0503812416055398,8264,733,%B0503812416055398^CHJRNICHJRNI^2803000000000000000?,%B0503812416055398=3208101716869696?,05/28/28,credit,0
CcS-6887,2306,NL596349918587088303538397,4290507346206741,1649,494,%B4290507346206741^KWLZVUKWLZVU^2404000000000000000?,%B4290507346206741=3010101139877897?,06/25/28,credit,1
CcS-6888,2307,CA837595721879445516278257,0964933947257375,6388,668,%B0964933947257375^NZMUQTNZMUQT^2402000000000000000?,%B0964933947257375=2704101219813254?,08/27/28,credit,0
CcS-6889,2308,CA958039076619577471391425,6943892392840691,6682,912,%B6943892392840691^ZSJQBYZSJQBY^3307000000000000000?,%B6943892392840691=2301101499686770?,11/29/28,credit,0
CcS-6890,2309,US741367490870847991686834,6480730206881916,7051,205,%B6480730206881916^EHNLNHEHNLNH^2912000000000000000?,%B6480730206881916=2210101753193450?,07/27/28,credit,0
CcS-6891,2310,GB369828029110544858363031,7558669049688441,8233,584,%B7558669049688441^BBVETRBBVETR^2905000000000000000?,%B7558669049688441=3201101569241659?,10/29/28,credit,0
CcS-6892,2311,SE531362682306028499185835,2598717800192246,2790,982,%B2598717800192246^WMLPNWWMLPNW^2907000000000000000?,%B2598717800192246=2512101746108472?,09/25/28,debit,1
CcS-6893,2312,SE745375150896737035962991,7409062528684873,2497,932,%B7409062528684873^XPLBYAXPLBYA^2604000000000000000?,%B7409062528684873=2502101316609425?,09/29/28,debit,0
CcS-6894,2313,SE170914057914215075341755,8452148576477760,2029,794,%B8452148576477760^UHBCMTUHBCMT^3008000000000000000?,%B8452148576477760=2403101353092245?,11/28/28,debit,0
CcS-6895,2314,DE980791747516538302726033,5892444110261458,7258,648,%B5892444110261458^NNEJNKNNEJNK^2907000000000000000?,%B5892444110261458=2211101511810234?,12/28/28,debit,0
CcS-6896,2315,FR240897953551687273902049,3550031080142582,6661,171,%B3550031080142582^SGDDKZSGDDKZ^2409000000000000000?,%B3550031080142582=2912101654306576?,07/26/28,credit,0
CcS-6897,2316,ES886267321726144877911963,4326038364253221,9658,394,%B4326038364253221^HRUZEKHRUZEK^2506000000000000000?,%B4326038364253221=2309101171244187?,07/27/28,credit,0
CcS-6898,2317,DE892603580016643957611504,2959102958217637,5558,711,%B2959102958217637^JTHFTLJTHFTL^3012000000000000000?,%B2959102958217637=3005101756524015?,08/29/28,debit,0
CcS-6899,2318,US376284093765839095309204,3761450332080672,6004,603,%B3761450332080672^GPLUCLGPLUCL^2306000000000000000?,%B3761450332080672=3203101550930565?,07/29/28,credit,0
CcS-6900,2319,DE431554609353518346706981,3783796141964502,9521,220,%B3783796141964502^YSXMIXYSXMIX^2510000000000000000?,%B3783796141964502=2909101969227086?,01/29/28,prepaid,0
CcS-6901,2320,IT903084256314699211334203,3271076108503483,4599,469,%B3271076108503483^AUSZRBAUSZRB^2807000000000000000?,%B3271076108503483=2510101251543621?,06/27/28,credit,0
CcS-6902,2321,DE217414404791770349720639,2806683830916487,2122,640,%B2806683830916487^BALPTPBALPTP^3207000000000000000?,%B2806683830916487=2907101478237763?,07/29/28,debit,0
CcS-6903,2322,IT313078293498462059057874,4530512166931560,4655,517,%B4530512166931560^GXGSQKGXGSQK^2601000000000000000?,%B4530512166931560=3306101134541696?,04/26/28,debit,0
CcS-6904,2323,NL297866184923912501305319,8899393831807229,2331,496,%B8899393831807229^PVOBHRPVOBHR^2804000000000000000?,%B8899393831807229=2812101853777915?,08/29/28,debit,0
CcS-6905,2324,US815045332995868515610575,1678293364677582,8998,233,%B1678293364677582^FFIFJNFFIFJN^2702000000000000000?,%B1678293364677582=2406101261014520?,02/28/28,credit,0
CcS-6906,2325,GB437225366811586547125078,3237346273103926,5025,358,%B3237346273103926^NPSLGMNPSLGM^3007000000000000000?,%B3237346273103926=3004101616045880?,06/28/28,credit,0
CcS-6907,2326,GB368470030041375121348676,3928082842537273,8737,101,%B3928082842537273^XETCWMXETCWM^2908000000000000000?,%B3928082842537273=3104101886540792?,01/27/28,debit,0
CcS-6908,2327,CA344260263699536776174853,7191805064945002,5009,954,%B7191805064945002^ZPOWJCZPOWJC^2511000000000000000?,%B7191805064945002=2911101253539704?,09/26/28,premium_credit,0
CcS-6909,2328,US404380286453474917245020,8119165425440824,4374,824,%B8119165425440824^FEEPRFFEEPRF^2208000000000000000?,%B8119165425440824=2610101776425838?,04/27/28,credit,0
CcS-6910,2329,FR531962206738394588791990,8367226576161375,8776,284,%B8367226576161375^FGNOVCFGNOVC^3010000000000000000?,%B8367226576161375=3103101970309265?,01/27/28,debit,0
CcS-6911,2330,PL975650000990113234322356,6578222027391496,1104,196,%B6578222027391496^RZBSIQRZBSIQ^2708000000000000000?,%B6578222027391496=2204101381346188?,07/27/28,debit,0
CcS-6912,2331,ES465475009957836877095871,8753225588020515,5062,682,%B8753225588020515^OBYWLDOBYWLD^2402000000000000000?,%B8753225588020515=2209101449371881?,07/28/28,credit,0
CcS-6913,2332,PL827828067533695349303516,7580968598873026,6654,330,%B7580968598873026^EBKUEBEBKUEB^2309000000000000000?,%B7580968598873026=2610101114679254?,07/26/28,credit,0
CcS-6914,2333,US939161803101954029545754,4117418483674250,6062,922,%B4117418483674250^QKSTKCQKSTKC^2208000000000000000?,%B4117418483674250=2610101974360009?,05/26/28,credit,0
CcS-6915,2334,IT818954744787887660695099,7823431543700252,6434,351,%B7823431543700252^QVNWYQQVNWYQ^2405000000000000000?,%B7823431543700252=2412101219830160?,09/25/28,credit,1
CcS-6916,2335,PL301360787177180617737480,9784329523591298,6751,354,%B9784329523591298^LOPAGALOPAGA^3001000000000000000?,%B9784329523591298=3401101945578727?,11/25/28,premium_credit,1
CcS-6917,2336,GB598530956683348138556432,4402976052114879,3871,958,%B4402976052114879^HULTOZHULTOZ^2312000000000000000?,%B4402976052114879=3101101814880037?,07/25/28,premium_credit,1
CcS-6918,2337,DE730387640473474335903057,4557551781631512,6937,497,%B4557551781631512^LZDRHCLZDRHC^2209000000000000000?,%B4557551781631512=3206101972941263?,07/28/28,credit,0
CcS-6919,2338,SE361426807394048775835218,6195618304477934,8893,766,%B6195618304477934^PIKFNSPIKFNS^3401000000000000000?,%B6195618304477934=2702101555110749?,08/27/28,credit,0
CcS-6920,2339,FR665741641567235258419163,9057863435440404,1824,665,%B9057863435440404^PXRIJZPXRIJZ^2306000000000000000?,%B9057863435440404=2409101954767006?,06/25/28,credit,1
CcS-6921,2340,SE845946488630320936165815,7670599600975018,3827,839,%B7670599600975018^ALZQPOALZQPO^2305000000000000000?,%B7670599600975018=3105101789938109?,12/29/28,debit,0
CcS-6922,2341,PT172582172441151563932032,2786042484528527,9614,589,%B2786042484528527^TIFPJWTIFPJW^2404000000000000000?,%B2786042484528527=2707101959907228?,02/27/28,debit,0
CcS-6923,2342,SE912259372400760510944146,9340667495921773,8695,152,%B9340667495921773^ALIXKYALIXKY^2807000000000000000?,%B9340667495921773=2806101417098018?,08/26/28,credit,0
CcS-6924,2343,PT444578976885272038752264,0380800363844316,8855,259,%B0380800363844316^WQWQYJWQWQYJ^3007000000000000000?,%B0380800363844316=3104101531180426?,02/27/28,debit,0
CcS-6925,2344,US730846983426072393663579,7302041976750998,7252,983,%B7302041976750998^OQYGEIOQYGEI^2802000000000000000?,%B7302041976750998=3305101299440967?,07/27/28,debit,0
CcS-6926,2345,FR610612711359181862885163,4106819165768851,1552,660,%B4106819165768851^ZKUJJFZKUJJF^2306000000000000000?,%B4106819165768851=2507101679225026?,07/27/28,credit,0
CcS-6927,2346,PT210268864385912636409283,5515282508551498,6218,360,%B5515282508551498^AKVZDXAKVZDX^2409000000000000000?,%B5515282508551498=3112101556450376?,04/27/28,prepaid,0
CcS-6928,2347,CA851970357313078278711930,7070195496475158,1377,397,%B7070195496475158^JBHOLNJBHOLN^2805000000000000000?,%B7070195496475158=3101101536048825?,01/26/28,credit,0
CcS-6929,2348,FR851692668330556899984101,3377577167774989,6352,399,%B3377577167774989^RJXGJWRJXGJW^3006000000000000000?,%B3377577167774989=2907101685291637?,07/27/28,credit,0
CcS-6930,2349,US877299750628831984780261,3844931655714575,1806,310,%B3844931655714575^GVGFAFGVGFAF^3210000000000000000?,%B3844931655714575=2309101614356233?,06/29/28,premium_credit,0
CcS-6931,2350,PT476177531222368936959871,9638227575734719,9245,901,%B9638227575734719^QGIPTHQGIPTH^2707000000000000000?,%B9638227575734719=2505101908795426?,10/28/28,debit,0
CcS-6932,2351,FR481440928925516887478004,2130733915787097,4001,369,%B2130733915787097^ULSKQAULSKQA^3301000000000000000?,%B2130733915787097=2504101137991351?,04/25/28,debit,1
CcS-6933,2352,US468202764983545324419326,1472913586594128,5806,754,%B1472913586594128^SKPMWMSKPMWM^3302000000000000000?,%B1472913586594128=2802101918314041?,04/27/28,premium_credit,0
CcS-6934,2353,SE596193525907940990925179,9215993640097999,5426,970,%B9215993640097999^HQVEBZHQVEBZ^2902000000000000000?,%B9215993640097999=2904101783087372?,07/28/28,credit,0
CcS-6935,2354,SE816297746252860789103859,1213968869593740,4513,590,%B1213968869593740^GGFSNTGGFSNT^2208000000000000000?,%B1213968869593740=3312101132801927?,03/26/28,credit,0
CcS-6936,2355,CA634554728484281426370471,1190464953941696,2297,226,%B1190464953941696^HFTDBPHFTDBP^2902000000000000000?,%B1190464953941696=2306101756685141?,06/26/28,credit,0
CcS-6937,2356,ES159256291206325292814991,8937232763469887,6847,779,%B8937232763469887^NAWYCZNAWYCZ^3306000000000000000?,%B8937232763469887=3105101327208262?,08/28/28,debit,0
CcS-6938,2357,GB420713678488267094021134,7769312201291979,4373,615,%B7769312201291979^KEKZAYKEKZAY^2302000000000000000?,%B7769312201291979=2604101465355157?,10/27/28,debit,0
CcS-6939,2358,ES724351752313837241889613,0776891924729668,9893,654,%B0776891924729668^TUCEVETUCEVE^2903000000000000000?,%B0776891924729668=2608101938744819?,12/26/28,credit,0
CcS-6940,2359,IT805306652465640941991354,4791385733063579,9419,117,%B4791385733063579^BGYAUZBGYAUZ^2702000000000000000?,%B4791385733063579=2703101496695561?,12/28/28,credit,0
CcS-6941,2360,ES867907299114132785317213,3381590157434564,6341,170,%B3381590157434564^WYKHPEWYKHPE^3307000000000000000?,%B3381590157434564=3008101513018852?,09/26/28,prepaid,0
CcS-6942,2361,FR578609448009667365017567,0550778328823795,4502,847,%B0550778328823795^ZISPZUZISPZU^3302000000000000000?,%B0550778328823795=3101101977313350?,01/26/28,credit,0
CcS-6943,2362,PT614131681378376435512532,7104828216265579,1943,603,%B7104828216265579^IEPGTEIEPGTE^2808000000000000000?,%B7104828216265579=2604101292324226?,10/26/28,debit,0
CcS-6944,2363,IT752051850347288943685603,7865077759768453,3330,544,%B7865077759768453^OERJVXOERJVX^3205000000000000000?,%B7865077759768453=3311101556470976?,06/25/28,debit,1
CcS-6945,2364,SE586931461627608535117946,5627568755749271,8231,223,%B5627568755749271^CXAJQNCXAJQN^3109000000000000000?,%B5627568755749271=2212101755267477?,07/25/28,debit,1
CcS-6946,2365,NL599696928848668194772433,2127456494106265,7369,137,%B2127456494106265^DUVPATDUVPAT^2701000000000000000?,%B2127456494106265=2312101839988289?,09/25/28,debit,1
CcS-6947,2366,CA600798450504842323952460,2517599987110736,7359,553,%B2517599987110736^AAGGMZAAGGMZ^3208000000000000000?,%B2517599987110736=2203101580657586?,02/28/28,credit,0
CcS-6948,2367,ES569176143138919953738926,9659586510941629,9167,813,%B9659586510941629^CPNTRNCPNTRN^3303000000000000000?,%B9659586510941629=2606101361150979?,07/27/28,debit,0
CcS-6949,2368,CA740288443331620928896059,7964900306960956,2169,557,%B7964900306960956^FRDCWXFRDCWX^2305000000000000000?,%B7964900306960956=2612101611517277?,06/27/28,debit,0
CcS-6950,2369,SE555678654917491299697497,1559837862835911,4071,891,%B1559837862835911^PSVMVKPSVMVK^2211000000000000000?,%B1559837862835911=3403101780902096?,07/26/28,credit,0
CcS-6951,2370,SE319511737858527052992861,7488492598945117,9414,260,%B7488492598945117^BXHHWVBXHHWV^3212000000000000000?,%B7488492598945117=2511101292605597?,05/28/28,credit,0
CcS-6952,2371,PT173963657683848326342530,8105246294784073,3177,956,%B8105246294784073^YFEDPAYFEDPA^2507000000000000000?,%B8105246294784073=2410101254436837?,03/27/28,debit,0
CcS-6953,2372,ES443913615028470329862049,1686221261116972,8294,188,%B1686221261116972^FYMLRSFYMLRS^2708000000000000000?,%B1686221261116972=2710101614260887?,06/27/28,premium_credit,0
CcS-6954,2373,ES202449731779708337753247,0285274949275079,7664,714,%B0285274949275079^TQQYDTTQQYDT^2911000000000000000?,%B0285274949275079=2507101662451155?,08/28/28,credit,0
CcS-6955,2374,IT670385977473565574783249,4133522583486436,9607,540,%B4133522583486436^GIYTGPGIYTGP^3407000000000000000?,%B4133522583486436=2402101943003227?,11/29/28,credit,0
CcS-6956,2375,SE786298598019173633793298,1020642440681952,7250,295,%B1020642440681952^YZCJHHYZCJHH^2412000000000000000?,%B1020642440681952=2601101730815663?,07/28/28,debit,0
CcS-6957,2376,ES360854371947026949806959,4200014489085325,7922,515,%B4200014489085325^EBRUAGEBRUAG^2204000000000000000?,%B4200014489085325=2204101581174788?,08/26/28,credit,0
CcS-6958,2377,PL225988181568579295105245,5485936720638208,8347,866,%B5485936720638208^SJRGBFSJRGBF^3211000000000000000?,%B5485936720638208=2201101551061487?,10/29/28,debit,0
CcS-6959,2378,GB585966507930912511534724,1629684711433816,3750,916,%B1629684711433816^PXQUGWPXQUGW^2706000000000000000?,%B1629684711433816=3002101558077734?,03/28/28,debit,0
CcS-6960,2379,PL874387181515569421301744,1695326878073187,9169,473,%B1695326878073187^XWYZYKXWYZYK^3002000000000000000?,%B1695326878073187=2509101294878041?,04/25/28,debit,1
CcS-6961,2380,PT985033235555366154902889,0286300202809202,5365,896,%B0286300202809202^URSLCJURSLCJ^3301000000000000000?,%B0286300202809202=3405101112243913?,09/29/28,debit,0
CcS-6962,2381,CA214583386595432641248517,2281025736336099,5440,158,%B2281025736336099^MBZEJWMBZEJW^2411000000000000000?,%B2281025736336099=2402101960038119?,10/28/28,credit,0
CcS-6963,2382,DE635764803981225224242172,0414541274013342,7726,935,%B0414541274013342^UEACPJUEACPJ^2204000000000000000?,%B0414541274013342=2910101663105042?,08/26/28,debit,0
CcS-6964,2383,DE491072114515083425067213,2875742825438037,5576,283,%B2875742825438037^QDKRSPQDKRSP^2702000000000000000?,%B2875742825438037=3309101415544011?,03/25/28,debit,1
CcS-6965,2384,DE367139069569455583189645,3329324570992437,8449,721,%B3329324570992437^WMWUYDWMWUYD^2706000000000000000?,%B3329324570992437=2207101310201270?,10/27/28,credit,0
CcS-6966,2385,NL744571989437314432488857,3906647770960864,3106,491,%B3906647770960864^DVOGJGDVOGJG^2810000000000000000?,%B3906647770960864=2501101554280894?,01/26/28,debit,0
CcS-6967,2386,PL296413357261860319482491,7748653481228427,8490,839,%B7748653481228427^TTHRKHTTHRKH^2501000000000000000?,%B7748653481228427=3002101179427746?,08/29/28,debit,0
CcS-6968,2387,IT666668153958015620615393,2826750628952213,5961,977,%B2826750628952213^JXXPSLJXXPSL^2507000000000000000?,%B2826750628952213=3309101460714639?,01/25/28,credit,1
CcS-6969,2388,DE543951310088379649186391,8944257398567036,4694,829,%B8944257398567036^RMQNCWRMQNCW^2312000000000000000?,%B8944257398567036=2810101348209236?,02/28/28,credit,0
CcS-6970,2389,FR255049266948978579147112,3759091500134707,7174,725,%B3759091500134707^QSFEGMQSFEGM^2308000000000000000?,%B3759091500134707=2611101310027461?,10/25/28,debit,1
CcS-6971,2390,DE395664314379064940861476,4982692908043545,5064,705,%B4982692908043545^FYJCJTFYJCJT^2207000000000000000?,%B4982692908043545=3401101691280363?,07/29/28,premium_credit,0
CcS-6972,2391,NL435786796604943067438223,0170336904221621,8995,359,%B0170336904221621^SGPGFJSGPGFJ^3410000000000000000?,%B0170336904221621=3107101556465435?,09/26/28,credit,0
CcS-6973,2392,FR493183481350065344841698,0730378763066495,5743,942,%B0730378763066495^OUMJABOUMJAB^2304000000000000000?,%B0730378763066495=2201101815206824?,02/29/28,credit,0
CcS-6974,2393,IT979286939629621052912723,4065327522473508,1769,798,%B4065327522473508^OPUSXDOPUSXD^2910000000000000000?,%B4065327522473508=3302101171927347?,01/27/28,credit,0
CcS-6975,2394,SE907370843401185230667081,0793058685668959,8024,221,%B0793058685668959^OHNMWROHNMWR^2810000000000000000?,%B0793058685668959=2205101205392403?,01/28/28,credit,0
CcS-6976,2395,NL512551108058553402510009,1300891558611352,8111,554,%B1300891558611352^LUHNTSLUHNTS^2704000000000000000?,%B1300891558611352=2304101135835232?,07/29/28,debit,0
CcS-6977,2396,GB395933376467976684717080,1017595247446718,3735,794,%B1017595247446718^HOFIUQHOFIUQ^3301000000000000000?,%B1017595247446718=3410101900969576?,03/25/28,debit,1
CcS-6978,2397,PT982396928277229475445756,1896336292520869,6092,426,%B1896336292520869^ZCUEJOZCUEJO^2208000000000000000?,%B1896336292520869=3302101141594186?,01/29/28,debit,0
CcS-6979,2398,US118902521404789532717611,0234662896045236,2486,262,%B0234662896045236^EJTVIPEJTVIP^2509000000000000000?,%B0234662896045236=3202101505886838?,03/25/28,credit,1
CcS-6980,2399,US286763814121795448105775,5921977464187016,4914,929,%B5921977464187016^FDXQMJFDXQMJ^3304000000000000000?,%B5921977464187016=2610101401547746?,03/28/28,debit,0
CcS-6981,2400,CA851169896741748560766660,7143823898197248,1960,374,%B7143823898197248^QFGXLDQFGXLD^3106000000000000000?,%B7143823898197248=2405101267684933?,08/25/28,credit,1
CcS-6982,2401,DE806059740411339681777889,6820296505385484,4093,584,%B6820296505385484^OJECECOJECEC^3109000000000000000?,%B6820296505385484=2401101489426925?,05/26/28,credit,0
CcS-6983,2402,IT246699671383165375731588,9635791799311624,9908,481,%B9635791799311624^ZINYCRZINYCR^2701000000000000000?,%B9635791799311624=3008101960974168?,10/28/28,prepaid,0
CcS-6984,2403,SE888229244479778951850460,3061966506644621,6549,911,%B3061966506644621^HPYJIUHPYJIU^3303000000000000000?,%B3061966506644621=3102101413388134?,10/29/28,debit,0
CcS-6985,2404,GB154413818731561784559104,7356614179370773,7562,610,%B7356614179370773^QDDELXQDDELX^3007000000000000000?,%B7356614179370773=2911101716963165?,04/29/28,premium_credit,0
CcS-6986,2405,SE210744778329109457517425,2101964738666439,5621,836,%B2101964738666439^BFXYMOBFXYMO^2409000000000000000?,%B2101964738666439=2411101625242707?,05/27/28,credit,0
CcS-6987,2406,FR316667634316200826867520,9699094098409808,6672,989,%B9699094098409808^HYYORYHYYORY^3110000000000000000?,%B9699094098409808=2702101690972220?,05/26/28,debit,0
CcS-6988,2407,SE399739888353994669593448,4057913315634741,8308,260,%B4057913315634741^KRFSXYKRFSXY^3405000000000000000?,%B4057913315634741=3201101316801398?,09/25/28,debit,1
CcS-6989,2408,GB475356692560369075525383,7063217715983922,9975,932,%B7063217715983922^HOZFKMHOZFKM^3206000000000000000?,%B7063217715983922=3210101458787060?,05/26/28,debit,0
CcS-6990,2409,CA235038953696433653213618,7842134188277222,3322,330,%B7842134188277222^XZVHMVXZVHMV^3304000000000000000?,%B7842134188277222=3303101162353635?,01/27/28,debit,0
CcS-6991,2410,CA315805254404509606869426,9738470015309746,1695,835,%B9738470015309746^EYEQJPEYEQJP^2409000000000000000?,%B9738470015309746=3309101319588143?,06/25/28,debit,1
CcS-6992,2411,CA107956236529629763054895,2793444422299281,2887,388,%B2793444422299281^HTAMYDHTAMYD^3007000000000000000?,%B2793444422299281=3203101456334213?,12/25/28,debit,1
CcS-6993,2412,NL331201728316840886030260,9263968905601904,9983,847,%B9263968905601904^CGTUKSCGTUKS^3105000000000000000?,%B9263968905601904=3105101233128780?,08/29/28,debit,0
CcS-6994,2413,DE963304776677019708891539,6534303825121350,2634,826,%B6534303825121350^IJWBRLIJWBRL^3009000000000000000?,%B6534303825121350=2706101239780127?,09/29/28,debit,0
CcS-6995,2414,ES109088842590979313099750,9440707983194347,5009,985,%B9440707983194347^KTRYCOKTRYCO^2808000000000000000?,%B9440707983194347=3108101714324362?,10/26/28,debit,0
CcS-6996,2415,IT101280858976965787842338,7942921347823098,1510,743,%B7942921347823098^QCQFAZQCQFAZ^3108000000000000000?,%B7942921347823098=2407101738658723?,09/29/28,credit,0
CcS-6997,2416,GB874144236932931048800766,8453746648502004,8886,902,%B8453746648502004^KKHBITKKHBIT^2704000000000000000?,%B8453746648502004=3311101518213523?,06/29/28,credit,0
CcS-6998,2417,PL424761130944043943882226,4663311669149339,6172,192,%B4663311669149339^UZQYURUZQYUR^2407000000000000000?,%B4663311669149339=2807101208036581?,01/28/28,credit,0
CcS-6999,2418,SE628727592896791261565482,6499753196653027,9574,557,%B6499753196653027^PLITCZPLITCZ^2803000000000000000?,%B6499753196653027=2512101562808190?,12/26/28,debit,0
CcS-7000,2419,CA887705591452081388730617,7704065810415913,9405,904,%B7704065810415913^YUXDUEYUXDUE^2510000000000000000?,%B7704065810415913=2803101881476997?,07/27/28,debit,0
CcS-7001,2420,FR691925310238844672461826,1711227879912805,7768,450,%B1711227879912805^QUXFIAQUXFIA^2310000000000000000?,%B1711227879912805=2811101583227856?,09/28/28,credit,0
CcS-7002,2421,DE532144756783438176670061,5240069185583552,4669,542,%B5240069185583552^VQUIZEVQUIZE^3206000000000000000?,%B5240069185583552=3302101640949235?,04/27/28,credit,0
CcS-7003,2422,US275445961364985393257013,6083512092108603,7202,445,%B6083512092108603^DQAXCNDQAXCN^3406000000000000000?,%B6083512092108603=2708101952172337?,08/26/28,debit,0
CcS-7004,2423,NL239721698318949694454732,8876499902433731,7112,753,%B8876499902433731^WIAHOIWIAHOI^2705000000000000000?,%B8876499902433731=3306101262429412?,04/25/28,debit,1
CcS-7005,2424,PT187651190918093149708644,0828946251372424,2622,881,%B0828946251372424^PZNHABPZNHAB^3311000000000000000?,%B0828946251372424=2211101387206297?,12/29/28,credit,0
CcS-7006,2425,PT297418346147071321991952,8774911162070287,6540,806,%B8774911162070287^FOCNVTFOCNVT^2606000000000000000?,%B8774911162070287=3108101335258088?,12/29/28,credit,0
CcS-7007,2426,ES983137833606831319651587,4510345761654765,7567,534,%B4510345761654765^WLHWIMWLHWIM^2406000000000000000?,%B4510345761654765=2812101653132600?,12/25/28,credit,1
CcS-7008,2427,DE339149236150926476600572,3847997201696293,1952,868,%B3847997201696293^DZWRXCDZWRXC^2202000000000000000?,%B3847997201696293=2904101535247539?,05/28/28,debit,0
CcS-7009,2428,IT724899288012344942538106,7632180649450347,7912,526,%B7632180649450347^LKHIYVLKHIYV^3307000000000000000?,%B7632180649450347=2210101214510843?,05/25/28,credit,1
CcS-7010,2429,NL349820867595310589910060,2998528800097808,3315,325,%B2998528800097808^UQCJMPUQCJMP^3201000000000000000?,%B2998528800097808=2311101713113146?,08/28/28,debit,0
CcS-7011,2430,ES412182136374193606262730,4376293541171907,5296,564,%B4376293541171907^FQESZVFQESZV^3006000000000000000?,%B4376293541171907=3204101605286551?,10/29/28,credit,0
CcS-7012,2431,PT958442462420521244881588,1759041351250417,9105,142,%B1759041351250417^WCGIVXWCGIVX^3207000000000000000?,%B1759041351250417=2312101402800278?,10/29/28,credit,0
CcS-7013,2432,PT588245003576134763773124,9466439329029970,7135,110,%B9466439329029970^OTAWUHOTAWUH^3210000000000000000?,%B9466439329029970=3104101964701343?,08/25/28,credit,1
CcS-7014,2433,IT373409698428559920332488,4808169928433341,1777,769,%B4808169928433341^NTNLGENTNLGE^2609000000000000000?,%B4808169928433341=3303101693528111?,12/27/28,debit,0
CcS-7015,2434,GB373192806951418453024271,7992546907371450,9196,287,%B7992546907371450^JHILLFJHILLF^2710000000000000000?,%B7992546907371450=3207101645427358?,03/27/28,credit,0
CcS-7016,2435,GB170037770066947506779821,0933181309566845,4922,161,%B0933181309566845^XXRYNRXXRYNR^2712000000000000000?,%B0933181309566845=3003101312966580?,03/28/28,credit,0
CcS-7017,2436,FR393111478575089612187436,1496250507902091,2086,228,%B1496250507902091^AUIOBBAUIOBB^3301000000000000000?,%B1496250507902091=2605101342510467?,12/28/28,prepaid,0
CcS-7018,2437,IT857719817459874548450777,9165779925371568,3604,522,%B9165779925371568^IXBDSLIXBDSL^3408000000000000000?,%B9165779925371568=2402101400380147?,08/26/28,debit,0
CcS-7019,2438,US485684883874928222052928,5448783628198390,2081,248,%B5448783628198390^MZDLNAMZDLNA^2909000000000000000?,%B5448783628198390=2508101237940562?,01/25/28,credit,1
CcS-7020,2439,DE817077759438600038290026,1182533748317127,7362,234,%B1182533748317127^XFHLSNXFHLSN^3212000000000000000?,%B1182533748317127=2910101301067577?,07/26/28,debit,0
CcS-7021,2440,SE151689518681935962943455,1683810071908696,5882,684,%B1683810071908696^QMAYNHQMAYNH^2904000000000000000?,%B1683810071908696=2803101609728928?,01/25/28,prepaid,1
CcS-7022,2441,GB183196624598224125206614,8708415878491987,5401,721,%B8708415878491987^UIZWJJUIZWJJ^2306000000000000000?,%B8708415878491987=3306101455314080?,09/26/28,premium_credit,0
CcS-7023,2442,PT117321848723594992448373,7452635773550510,6615,972,%B7452635773550510^XJYURBXJYURB^3102000000000000000?,%B7452635773550510=3105101823097515?,12/28/28,prepaid,0
CcS-7024,2443,IT853785794473291745823158,5781057156252428,8557,484,%B5781057156252428^FXBNVIFXBNVI^2712000000000000000?,%B5781057156252428=3111101471275751?,12/27/28,debit,0
CcS-7025,2444,DE129037231842960860363623,3372973852416021,9661,981,%B3372973852416021^LKZWZOLKZWZO^2901000000000000000?,%B3372973852416021=2205101591281861?,01/28/28,debit,0
CcS-7026,2445,CA949299432498036376493701,3133875232489733,2472,302,%B3133875232489733^IQOEXQIQOEXQ^2812000000000000000?,%B3133875232489733=2208101102865986?,12/29/28,debit,0
CcS-7027,2446,PL228241553177013051286390,4751853067997661,6757,703,%B4751853067997661^YKVESJYKVESJ^2306000000000000000?,%B4751853067997661=2602101908134492?,01/27/28,premium_credit,0
CcS-7028,2447,DE875783511582388484465969,8496729802591040,4306,686,%B8496729802591040^YNUZPTYNUZPT^3412000000000000000?,%B8496729802591040=2512101259132983?,07/29/28,credit,0
CcS-7029,2448,PT275801615194560110258221,0203583580167763,9071,237,%B0203583580167763^WEZLHGWEZLHG^2808000000000000000?,%B0203583580167763=2902101638182886?,01/26/28,debit,0
CcS-7030,2449,US465742157931228935897851,7633503317808306,5443,617,%B7633503317808306^UPUQJYUPUQJY^2308000000000000000?,%B7633503317808306=2802101194077263?,01/28/28,credit,0
CcS-7031,2450,US142903626504589571006772,7497847809052419,7377,595,%B7497847809052419^ZCLLBKZCLLBK^2409000000000000000?,%B7497847809052419=2301101581774279?,05/26/28,prepaid,0
CcS-7032,2451,FR418433580003374937651415,4078721086371051,9363,133,%B4078721086371051^QADIDLQADIDL^3005000000000000000?,%B4078721086371051=2211101837693793?,07/29/28,credit,0
CcS-7033,2452,SE293984784530042633358847,7608429472126907,5883,731,%B7608429472126907^QFCWVFQFCWVF^2303000000000000000?,%B7608429472126907=3010101847780981?,03/28/28,debit,0
CcS-7034,2453,SE309877897349548159177497,3929048149203487,9262,426,%B3929048149203487^CISXOSCISXOS^2907000000000000000?,%B3929048149203487=2306101859156730?,06/25/28,credit,1
CcS-7035,2454,DE987311197509329694053956,4461305175905603,8187,333,%B4461305175905603^IFCDWUIFCDWU^2209000000000000000?,%B4461305175905603=3201101669624452?,11/29/28,credit,0
CcS-7036,2455,FR697398338380717400501218,3050429471247018,9521,978,%B3050429471247018^LSELXBLSELXB^3308000000000000000?,%B3050429471247018=2510101218749432?,08/27/28,premium_credit,0
CcS-7037,2456,DE274313717103612518557092,2874872873914478,2961,217,%B2874872873914478^JGSDZUJGSDZU^2603000000000000000?,%B2874872873914478=3310101735511977?,06/25/28,credit,1
CcS-7038,2457,IT610535762250272098167269,9479426611795513,9140,467,%B9479426611795513^HPYDJSHPYDJS^2207000000000000000?,%B9479426611795513=3409101771397125?,08/25/28,debit,1
CcS-7039,2458,IT433715922521121530292350,1418923601088316,1415,235,%B1418923601088316^EOEPQJEOEPQJ^2501000000000000000?,%B1418923601088316=3404101452501535?,01/25/28,prepaid,1
CcS-7040,2459,GB342460139008519695579291,5952106508770212,2603,952,%B5952106508770212^XRNQKJXRNQKJ^3302000000000000000?,%B5952106508770212=3104101590940765?,06/28/28,credit,0
CcS-7041,2460,ES365615085641349181111460,8256674940595268,4079,195,%B8256674940595268^GNEPCLGNEPCL^2510000000000000000?,%B8256674940595268=3111101466655786?,04/29/28,debit,0
CcS-7042,2461,US750088004463905926039895,3229633447091520,8144,286,%B3229633447091520^MBUZUBMBUZUB^3201000000000000000?,%B3229633447091520=3305101171612829?,11/28/28,credit,0
CcS-7043,2462,SE640476917897587354983088,2260989586624236,5316,617,%B2260989586624236^LSDZJMLSDZJM^2812000000000000000?,%B2260989586624236=2211101793013660?,07/26/28,credit,0
CcS-7044,2463,ES316824270368918563403756,6983214592163062,4857,655,%B6983214592163062^RNIBXLRNIBXL^3110000000000000000?,%B6983214592163062=2807101987644188?,09/29/28,credit,0
CcS-7045,2464,US681621929124999469226553,4935563730615046,2858,584,%B4935563730615046^GYXBWAGYXBWA^3006000000000000000?,%B4935563730615046=3208101413650638?,04/25/28,debit,1
CcS-7046,2465,PL933159252204191811590708,8125882895044972,5000,850,%B8125882895044972^VJWPUUVJWPUU^2907000000000000000?,%B8125882895044972=3310101992300500?,04/29/28,credit,0
CcS-7047,2466,NL222674239543256152971478,1226082146750376,7265,836,%B1226082146750376^KHSHBYKHSHBY^2711000000000000000?,%B1226082146750376=2806101481428768?,07/29/28,credit,0
CcS-7048,2467,GB708765272889983810759882,0694982022781117,2289,832,%B0694982022781117^SWUQADSWUQAD^2912000000000000000?,%B0694982022781117=2507101780539136?,04/25/28,credit,1
CcS-7049,2468,PT939543039224051079251486,2583935200715392,7529,218,%B2583935200715392^HEXXRLHEXXRL^3107000000000000000?,%B2583935200715392=3112101932407177?,09/27/28,debit,0
CcS-7050,2469,CA138345948053324736749079,5783243120207524,9855,431,%B5783243120207524^CVNUKZCVNUKZ^2902000000000000000?,%B5783243120207524=2811101106028976?,08/29/28,debit,0
CcS-7051,2470,ES958335839721336689132269,3502308461362096,4941,139,%B3502308461362096^NLLHYCNLLHYC^2604000000000000000?,%B3502308461362096=2605101310079472?,09/29/28,credit,0
CcS-7052,2471,GB867682458348318258278223,2902115279235346,6589,492,%B2902115279235346^HDHNFYHDHNFY^3007000000000000000?,%B2902115279235346=2806101299910635?,08/29/28,debit,0
CcS-7053,2472,IT290257475021575338013284,7851335998678254,5707,523,%B7851335998678254^FQVWEMFQVWEM^2509000000000000000?,%B7851335998678254=2702101532282788?,03/29/28,credit,0
CcS-7054,2473,PL449289122234548666617905,6659787616828937,8268,418,%B6659787616828937^VYNPUZVYNPUZ^2809000000000000000?,%B6659787616828937=2401101146311098?,03/27/28,debit,0
CcS-7055,2474,GB817321523860379309145047,0516557063326472,7014,872,%B0516557063326472^QKGCWZQKGCWZ^2809000000000000000?,%B0516557063326472=2505101545028385?,11/25/28,credit,1
CcS-7056,2475,NL811393367733584188086011,3077826055181299,4834,476,%B3077826055181299^GZLLEDGZLLED^2503000000000000000?,%B3077826055181299=2705101125156710?,02/29/28,credit,0
CcS-7057,2476,PL372043276306247899654436,1478615042507728,4289,699,%B1478615042507728^VDDJYQVDDJYQ^2409000000000000000?,%B1478615042507728=3205101324420820?,10/29/28,debit,0
CcS-7058,2477,IT409061638403332294419982,8948036728919151,9912,477,%B8948036728919151^PPUAQLPPUAQL^2608000000000000000?,%B8948036728919151=2510101178583748?,10/27/28,credit,0
CcS-7059,2478,GB611762405954831646662405,9744568828003915,1471,304,%B9744568828003915^QVZSFRQVZSFR^3011000000000000000?,%B9744568828003915=3206101421910847?,07/28/28,credit,0
CcS-7060,2479,DE462069269985707725562908,6627229550721303,9358,374,%B6627229550721303^WMYZQCWMYZQC^2601000000000000000?,%B6627229550721303=3412101576353708?,05/28/28,debit,0
CcS-7061,2480,PL133493935381427277196501,2998396110322189,1441,938,%B2998396110322189^CAYUKLCAYUKL^2805000000000000000?,%B2998396110322189=2210101853867357?,07/28/28,debit,0
CcS-7062,2481,GB524258964000268562795218,1700234703216305,3201,742,%B1700234703216305^GZWPPZGZWPPZ^2705000000000000000?,%B1700234703216305=2504101438542961?,10/26/28,debit,0
CcS-7063,2482,FR749983351909241802403906,1840993537438739,8198,769,%B1840993537438739^LDHBRPLDHBRP^2311000000000000000?,%B1840993537438739=2809101199761389?,01/25/28,credit,1
CcS-7064,2483,NL393364727888087126213810,4879942965347267,8152,225,%B4879942965347267^RNDOZORNDOZO^3207000000000000000?,%B4879942965347267=2508101899276884?,11/27/28,debit,0
CcS-7065,2484,SE560547220399546902353699,1265715608013318,5299,436,%B1265715608013318^XAEVZUXAEVZU^2307000000000000000?,%B1265715608013318=3404101262072657?,09/28/28,premium_credit,0
CcS-7066,2485,PL796289418770365878375890,2758084575615228,7606,894,%B2758084575615228^ABRSPBABRSPB^2312000000000000000?,%B2758084575615228=2606101550954977?,05/29/28,credit,0
CcS-7067,2486,FR941284409186369148124476,4424363990361832,3179,752,%B4424363990361832^NACOZYNACOZY^2602000000000000000?,%B4424363990361832=3410101356167616?,09/26/28,credit,0
CcS-7068,2487,IT171910507075826140479253,2281661968923002,6547,351,%B2281661968923002^XXHRRKXXHRRK^2504000000000000000?,%B2281661968923002=2806101931690948?,07/27/28,premium_credit,0
CcS-7069,2488,PT601457186939171183693409,7239380037306039,7095,753,%B7239380037306039^HSXDDWHSXDDW^2210000000000000000?,%B7239380037306039=2910101130343756?,10/29/28,debit,0
CcS-7070,2489,GB710381119966514559550302,2014392626995232,4254,932,%B2014392626995232^TJVFHZTJVFHZ^3108000000000000000?,%B2014392626995232=2501101802007922?,07/26/28,debit,0
CcS-7071,2490,US171150382781454546446296,0917964853554753,6279,792,%B0917964853554753^SFAJNJSFAJNJ^3101000000000000000?,%B0917964853554753=2802101842717609?,05/25/28,debit,1
CcS-7072,2491,ES881458555750091022359687,2883796076341975,7024,358,%B2883796076341975^ZOWHAAZOWHAA^3011000000000000000?,%B2883796076341975=2902101508072391?,08/25/28,credit,1
CcS-7073,2492,SE463561097768820800411465,0459767404995479,6427,384,%B0459767404995479^DNHZGODNHZGO^2603000000000000000?,%B0459767404995479=2603101220699258?,10/29/28,debit,0
CcS-7074,2493,DE267262527242798593934233,5843667858835884,5060,169,%B5843667858835884^UITEIOUITEIO^2804000000000000000?,%B5843667858835884=3009101540400361?,12/27/28,credit,0
CcS-7075,2494,CA232410698332212477409179,0417864804663316,2776,351,%B0417864804663316^YFIIYIYFIIYI^2303000000000000000?,%B0417864804663316=3010101180124529?,06/29/28,credit,0
CcS-7076,2495,CA736885560807919647967198,1680041999423027,8833,602,%B1680041999423027^PWPZLFPWPZLF^3007000000000000000?,%B1680041999423027=2803101417807166?,03/25/28,debit,1
CcS-7077,2496,CA875506114500060829151448,9315702582338573,4475,139,%B9315702582338573^MWVDSHMWVDSH^3304000000000000000?,%B9315702582338573=2412101355889048?,10/28/28,credit,0
CcS-7078,2497,IT477660559757574835123268,4775134948012053,8864,539,%B4775134948012053^FEFAJVFEFAJV^3411000000000000000?,%B4775134948012053=2604101665316568?,04/28/28,credit,0
CcS-7079,2498,PL508049941400351494231625,8503271130353027,9847,273,%B8503271130353027^FKGRTLFKGRTL^3408000000000000000?,%B8503271130353027=3111101990518771?,04/27/28,credit,0
CcS-7080,2499,NL471672607652370103545140,6848390688643967,6336,514,%B6848390688643967^WRODKHWRODKH^2802000000000000000?,%B6848390688643967=2501101403696051?,06/27/28,debit,0
CcS-7081,2500,PT159822836910905316769809,9003402969723546,2621,576,%B9003402969723546^ADLASNADLASN^2412000000000000000?,%B9003402969723546=2607101679182781?,03/29/28,debit,0
CcS-7082,2501,FR977577076779958290899123,8721056966842916,8845,861,%B8721056966842916^ADYSKNADYSKN^2512000000000000000?,%B8721056966842916=2805101235382763?,02/29/28,credit,0
CcS-7083,2502,US732118717354499674314705,8766302927415773,4640,429,%B8766302927415773^MBSTQXMBSTQX^3101000000000000000?,%B8766302927415773=2308101355250284?,08/27/28,debit,0
CcS-7084,2503,SE367555821458818850777794,9100025657469292,6819,700,%B9100025657469292^YZECWXYZECWX^2409000000000000000?,%B9100025657469292=2606101773964891?,05/26/28,debit,0
CcS-7085,2504,ES730433857806680153449006,7489903581634108,8137,904,%B7489903581634108^QQJGVAQQJGVA^3308000000000000000?,%B7489903581634108=3403101492907684?,12/28/28,debit,0
CcS-7086,2505,GB867498367637999397734442,6994792509981479,5581,790,%B6994792509981479^YEXVGLYEXVGL^2708000000000000000?,%B6994792509981479=2710101544596949?,02/28/28,premium_credit,0
CcS-7087,2506,IT230286177651306158443038,6280434073579917,6227,556,%B6280434073579917^KPQQUTKPQQUT^3206000000000000000?,%B6280434073579917=3312101187253270?,02/27/28,debit,0
CcS-7088,2507,SE668638491854971497399866,7357244713707183,8716,234,%B7357244713707183^KHZOEYKHZOEY^3212000000000000000?,%B7357244713707183=2404101702970739?,02/26/28,credit,0
CcS-7089,2508,GB432961925834521353787619,6251482984488907,4974,407,%B6251482984488907^XIDPMKXIDPMK^2711000000000000000?,%B6251482984488907=2801101699066381?,12/27/28,premium_credit,0
CcS-7090,2509,CA723336214572333636397418,0097041638681162,6192,637,%B0097041638681162^HLFGGWHLFGGW^2902000000000000000?,%B0097041638681162=3304101895056403?,06/28/28,credit,0
CcS-7091,2510,PL800429432640302994509880,1571198880742438,5366,221,%B1571198880742438^CKUUZPCKUUZP^2808000000000000000?,%B1571198880742438=2511101888279425?,12/27/28,debit,0
CcS-7092,2511,FR551155426261711390615443,4374188794938857,3205,790,%B4374188794938857^YXNNEDYXNNED^3405000000000000000?,%B4374188794938857=2707101119489022?,07/29/28,debit,0
CcS-7093,2512,DE468016825488929919382310,3964082296741519,2423,583,%B3964082296741519^AGZEESAGZEES^2205000000000000000?,%B3964082296741519=3101101439635546?,05/25/28,premium_credit,1
CcS-7094,2513,US431540923072423827550637,5339753236548721,9642,613,%B5339753236548721^VCWIAYVCWIAY^3011000000000000000?,%B5339753236548721=2205101343635457?,11/28/28,debit,0
CcS-7095,2514,CA507524152389468401220883,2723520045447722,7504,155,%B2723520045447722^NNXAYYNNXAYY^2506000000000000000?,%B2723520045447722=2509101906311399?,02/26/28,debit,0
CcS-7096,2515,GB292837161484374881987965,5772550639355808,8121,401,%B5772550639355808^CUILJXCUILJX^3112000000000000000?,%B5772550639355808=3004101325059468?,02/26/28,credit,0
CcS-7097,2516,FR196570271818632796906004,0533083979972114,8681,136,%B0533083979972114^CAZCYDCAZCYD^3003000000000000000?,%B0533083979972114=2203101547910786?,09/27/28,credit,0
CcS-7098,2517,ES201620633261697176972506,9212679589526046,2285,126,%B9212679589526046^IYEQGIIYEQGI^2602000000000000000?,%B9212679589526046=3102101720910929?,10/27/28,prepaid,0
CcS-7099,2518,CA458675123108914615976571,3212390050709794,1465,329,%B3212390050709794^UNBCFOUNBCFO^2802000000000000000?,%B3212390050709794=3207101850498564?,07/29/28,premium_credit,0
CcS-7100,2519,ES816623073440060850042779,9376830089522601,3910,868,%B9376830089522601^RWNCQURWNCQU^3110000000000000000?,%B9376830089522601=2407101331081757?,12/26/28,credit,0
CcS-7101,2520,CA774455986596219623144990,3968072950318382,3488,348,%B3968072950318382^NFNSSNNFNSSN^2904000000000000000?,%B3968072950318382=2204101872148622?,01/27/28,credit,0
CcS-7102,2521,IT964510292966953791607455,6874057717408880,7135,251,%B6874057717408880^HYZYRDHYZYRD^2301000000000000000?,%B6874057717408880=2207101357264022?,12/28/28,debit,0
CcS-7103,2522,NL891698364996098578046727,7282223709341757,9350,434,%B7282223709341757^UHJIWGUHJIWG^2604000000000000000?,%B7282223709341757=2509101236905532?,02/25/28,debit,1
CcS-7104,2523,GB301431611349289574795615,9375959400587127,3080,504,%B9375959400587127^XWLRBHXWLRBH^2302000000000000000?,%B9375959400587127=2304101390177274?,07/29/28,credit,0
CcS-7105,2524,NL637463129326422884194359,5471692362882011,6127,209,%B5471692362882011^JWIOGSJWIOGS^2808000000000000000?,%B5471692362882011=2611101770392591?,03/28/28,credit,0
CcS-7106,2525,DE361384054122648029722792,0267855814681939,6012,914,%B0267855814681939^RRCFAERRCFAE^3304000000000000000?,%B0267855814681939=2510101463381600?,12/25/28,credit,1
CcS-7107,2526,GB231742773806469722047011,5970570797169054,5721,733,%B5970570797169054^PEBRKNPEBRKN^2305000000000000000?,%B5970570797169054=2310101583785238?,04/28/28,debit,0
CcS-7108,2527,NL419149620883437033236425,9515574186620922,2522,769,%B9515574186620922^FTBBIAFTBBIA^2901000000000000000?,%B9515574186620922=2910101967071577?,05/26/28,credit,0
CcS-7109,2528,SE318218494619477964311226,0402546467879871,2127,158,%B0402546467879871^JBMMWGJBMMWG^2310000000000000000?,%B0402546467879871=3111101807087310?,12/29/28,premium_credit,0
CcS-7110,2529,PL505457053897628251700789,4773914087019095,4916,420,%B4773914087019095^IMZYJEIMZYJE^3002000000000000000?,%B4773914087019095=2202101562489103?,06/29/28,debit,0
CcS-7111,2530,PT419737689791779982779341,4769418407022606,6110,482,%B4769418407022606^RCTPLJRCTPLJ^3101000000000000000?,%B4769418407022606=2708101965039358?,01/27/28,debit,0
CcS-7112,2531,GB359825719052197868620048,2984915394244825,6910,859,%B2984915394244825^RSWAWARSWAWA^2210000000000000000?,%B2984915394244825=2401101631200375?,02/26/28,credit,0
CcS-7113,2532,SE785153892697196406970334,1866908456506359,2192,596,%B1866908456506359^YJKMZXYJKMZX^3302000000000000000?,%B1866908456506359=3103101802049806?,11/25/28,premium_credit,1
CcS-7114,2533,GB730840206999658646939853,7799005945390157,9844,447,%B7799005945390157^ERHMARERHMAR^2504000000000000000?,%B7799005945390157=2311101852340585?,10/26/28,credit,0
CcS-7115,2534,IT916512021953927435399438,6608229296127885,4490,993,%B6608229296127885^VATDFVVATDFV^3405000000000000000?,%B6608229296127885=2908101440084521?,03/26/28,premium_credit,0
CcS-7116,2535,NL888833000554991502494649,1360149528811324,5503,218,%B1360149528811324^WGEEIQWGEEIQ^3411000000000000000?,%B1360149528811324=2210101283652570?,11/26/28,debit,0
CcS-7117,2536,US196122089888748616366229,8124370819223845,5561,743,%B8124370819223845^DJHXHQDJHXHQ^2407000000000000000?,%B8124370819223845=3309101949659380?,10/29/28,credit,0
CcS-7118,2537,PT201773188193050688172435,5760880728877759,8674,622,%B5760880728877759^XHHZEPXHHZEP^2305000000000000000?,%B5760880728877759=2310101272075628?,09/26/28,credit,0
CcS-7119,2538,ES186894131016134239279728,6157717572734739,7840,297,%B6157717572734739^KWMQNIKWMQNI^3010000000000000000?,%B6157717572734739=3403101947251867?,08/26/28,credit,0
CcS-7120,2539,GB650927589805240659417413,0050456949588807,5324,201,%B0050456949588807^XGCWKEXGCWKE^2401000000000000000?,%B0050456949588807=3207101978728297?,04/28/28,prepaid,0
CcS-7121,2540,PT112979815243766051758907,2497680912686857,9032,890,%B2497680912686857^TINYQJTINYQJ^2807000000000000000?,%B2497680912686857=2304101902726241?,10/27/28,credit,0
CcS-7122,2541,PT202609856890761090346718,1332133566341395,9596,883,%B1332133566341395^TSAWKXTSAWKX^2511000000000000000?,%B1332133566341395=2806101201647282?,10/25/28,credit,1
CcS-7123,2542,DE567104866844659573129341,1362468431552079,1368,135,%B1362468431552079^VRHPFQVRHPFQ^2409000000000000000?,%B1362468431552079=2809101939132956?,05/25/28,credit,1
CcS-7124,2543,FR934686327845995238548788,2567519629780694,9607,457,%B2567519629780694^NXTWMHNXTWMH^3101000000000000000?,%B2567519629780694=2807101943389526?,02/28/28,debit,0
CcS-7125,2544,DE828439029163881279232102,5304950701757661,4101,905,%B5304950701757661^BIVHJIBIVHJI^2901000000000000000?,%B5304950701757661=2405101398570102?,05/28/28,credit,0
CcS-7126,2545,GB477894474380565977436816,8229446802617431,4223,614,%B8229446802617431^UESJWHUESJWH^2709000000000000000?,%B8229446802617431=2506101576716499?,12/26/28,prepaid,0
CcS-7127,2546,NL351014073291078228681673,8188324561488461,5819,479,%B8188324561488461^GSPDLVGSPDLV^2909000000000000000?,%B8188324561488461=2906101903176955?,12/28/28,debit,0
CcS-7128,2547,PL761133499988659431360236,8962100830556430,9428,559,%B8962100830556430^GHRCWFGHRCWF^2609000000000000000?,%B8962100830556430=3207101492533987?,11/26/28,debit,0
CcS-7129,2548,DE750926547739509984799031,1973236262907477,4610,706,%B1973236262907477^XLYBFWXLYBFW^3102000000000000000?,%B1973236262907477=2512101629768331?,09/29/28,credit,0
CcS-7130,2549,US297581079227471981895466,9026888909551212,1266,934,%B9026888909551212^RSHEYPRSHEYP^2402000000000000000?,%B9026888909551212=2209101159911673?,07/25/28,debit,1
CcS-7131,2550,FR722607105362133326434639,5137397361272387,8033,675,%B5137397361272387^EGMAPNEGMAPN^3406000000000000000?,%B5137397361272387=2410101245878828?,03/25/28,credit,1
CcS-7132,2551,NL456927403379829078343329,5470626835724804,5078,378,%B5470626835724804^KFVSBLKFVSBL^2309000000000000000?,%B5470626835724804=2312101953672799?,02/28/28,premium_credit,0
CcS-7133,2552,PT815813870891019510413795,6529598293836098,1103,644,%B6529598293836098^ENOVNHENOVNH^2905000000000000000?,%B6529598293836098=2203101220578372?,09/26/28,credit,0
CcS-7134,2553,IT190709835520594383095608,7164426688874386,5646,104,%B7164426688874386^UVCHNJUVCHNJ^3006000000000000000?,%B7164426688874386=3010101808341506?,11/27/28,credit,0
CcS-7135,2554,IT327709093193529204653522,3028554576279703,7262,476,%B3028554576279703^PZEQPJPZEQPJ^3206000000000000000?,%B3028554576279703=2605101288658611?,01/27/28,debit,0
CcS-7136,2555,SE243941924722570662289001,9745820579007987,4652,953,%B9745820579007987^SIVIFKSIVIFK^3306000000000000000?,%B9745820579007987=3407101140313448?,01/25/28,credit,1
CcS-7137,2556,CA497900163073670114451708,6256069320752937,4465,128,%B6256069320752937^YAOVMPYAOVMP^2312000000000000000?,%B6256069320752937=3311101649074214?,09/28/28,prepaid,0
CcS-7138,2557,IT688520820476411253825300,6796013613931937,1202,737,%B6796013613931937^IBWOLNIBWOLN^2311000000000000000?,%B6796013613931937=2803101697691354?,06/28/28,debit,0
CcS-7139,2558,PL697210780709101149209136,2225779338199475,3410,224,%B2225779338199475^XBZSWXXBZSWX^3110000000000000000?,%B2225779338199475=3110101323451179?,04/29/28,debit,0
CcS-7140,2559,IT861713589336044058613705,3894555277565529,8160,767,%B3894555277565529^BPWZWBBPWZWB^3404000000000000000?,%B3894555277565529=3004101883988903?,07/29/28,debit,0
CcS-7141,2560,DE130740448928791847730851,6187552937146858,5089,994,%B6187552937146858^ABNXJOABNXJO^2708000000000000000?,%B6187552937146858=2405101198261171?,10/25/28,debit,1
CcS-7142,2561,PL524548912922574509236402,8674252983719968,2332,663,%B8674252983719968^HNDYMHHNDYMH^3307000000000000000?,%B8674252983719968=3210101719976203?,04/28/28,prepaid,0
CcS-7143,2562,US824210144852922782079166,5687394704173012,7794,996,%B5687394704173012^AMEWMSAMEWMS^2303000000000000000?,%B5687394704173012=3207101426554796?,08/27/28,credit,0
CcS-7144,2563,DE348023276443443468608219,3791656731517693,5091,487,%B3791656731517693^UWHNWXUWHNWX^3002000000000000000?,%B3791656731517693=3212101885318605?,11/26/28,credit,0
CcS-7145,2564,CA331984566334890776527671,9454789131893224,4200,375,%B9454789131893224^EDNECJEDNECJ^2203000000000000000?,%B9454789131893224=2201101434675735?,03/25/28,credit,1
CcS-7146,2565,ES505874487385496808948466,8717195818613351,8534,270,%B8717195818613351^JZKVQOJZKVQO^2205000000000000000?,%B8717195818613351=3302101271466867?,09/28/28,debit,0
CcS-7147,2566,CA564643043090480789370391,1969593395868232,5122,442,%B1969593395868232^EZTBHYEZTBHY^2404000000000000000?,%B1969593395868232=3301101526988854?,07/25/28,credit,1
CcS-7148,2567,GB401209267506281891131623,0060072760107492,2670,103,%B0060072760107492^ZCDMSDZCDMSD^3006000000000000000?,%B0060072760107492=3007101138173467?,09/28/28,debit,0
CcS-7149,2568,PL959333826309289578745918,9142936371152953,9944,519,%B9142936371152953^BVVHGUBVVHGU^2304000000000000000?,%B9142936371152953=2311101227146739?,08/29/28,credit,0
CcS-7150,2569,PT699114209269837532427556,4523725546588734,8299,793,%B4523725546588734^VSIMVPVSIMVP^2510000000000000000?,%B4523725546588734=2911101643294682?,11/25/28,credit,1
CcS-7151,2570,IT577445311114163941085441,9106378121064002,4150,189,%B9106378121064002^FOXDPTFOXDPT^2809000000000000000?,%B9106378121064002=2305101907001236?,03/27/28,debit,0
CcS-7152,2571,IT923730390518937147051403,8428256609357732,1190,867,%B8428256609357732^KSRKOIKSRKOI^2602000000000000000?,%B8428256609357732=2606101854295686?,02/29/28,debit,0
CcS-7153,2572,NL674784893488147037910550,4617142665343571,4114,484,%B4617142665343571^APIENHAPIENH^3004000000000000000?,%B4617142665343571=2406101653697462?,12/28/28,credit,0
CcS-7154,2573,SE337870380396669372856834,3522118833423921,1493,582,%B3522118833423921^CUMIYICUMIYI^2509000000000000000?,%B3522118833423921=2801101480105372?,07/29/28,credit,0
CcS-7155,2574,PL254933129103857111704309,4178753866206924,9773,644,%B4178753866206924^ZKKNCTZKKNCT^3108000000000000000?,%B4178753866206924=2407101123316213?,07/29/28,debit,0
CcS-7156,2575,FR340821606839138747632027,6031488054787343,7213,289,%B6031488054787343^JOOUBLJOOUBL^3205000000000000000?,%B6031488054787343=2504101443805154?,02/25/28,debit,1
CcS-7157,2576,IT454356541286910005464808,3019997263041112,3898,777,%B3019997263041112^YXGYCRYXGYCR^2605000000000000000?,%B3019997263041112=3301101537929029?,01/28/28,debit,0
CcS-7158,2577,FR401234165869912277274333,5131422428857279,6941,521,%B5131422428857279^FAULMDFAULMD^2612000000000000000?,%B5131422428857279=3401101670875398?,06/28/28,premium_credit,0
CcS-7159,2578,CA806993102045556039989176,3908007821898252,9401,294,%B3908007821898252^RFCRAGRFCRAG^2806000000000000000?,%B3908007821898252=2705101369601665?,12/28/28,debit,0
CcS-7160,2579,SE391122916154667394936291,8519534604119274,4657,407,%B8519534604119274^MNNBUSMNNBUS^2512000000000000000?,%B8519534604119274=2607101365373309?,02/29/28,debit,0
CcS-7161,2580,NL750274037718909775089206,3659385371611701,5627,730,%B3659385371611701^ZZFQZKZZFQZK^2509000000000000000?,%B3659385371611701=2406101118907647?,03/25/28,debit,1
CcS-7162,2581,ES310505066936772724069736,2516062532396776,6255,186,%B2516062532396776^ZKFARGZKFARG^3012000000000000000?,%B2516062532396776=2907101506665530?,10/28/28,debit,0
CcS-7163,2582,FR139346734589567243031313,0615743392520464,3824,655,%B0615743392520464^BCECBHBCECBH^2708000000000000000?,%B0615743392520464=3102101949035351?,12/27/28,debit,0
CcS-7164,2583,SE622480690901958247952125,1762368257648183,5408,420,%B1762368257648183^AZUHHBAZUHHB^2210000000000000000?,%B1762368257648183=2410101361914916?,01/28/28,credit,0
CcS-7165,2584,FR741138466558316530352015,3112761577132862,9340,493,%B3112761577132862^QFINYKQFINYK^2512000000000000000?,%B3112761577132862=2209101127076272?,11/25/28,debit,1
CcS-7166,2585,SE520050818449708047042727,8004317383459378,8243,363,%B8004317383459378^FEYGDUFEYGDU^2809000000000000000?,%B8004317383459378=3201101367583535?,04/26/28,debit,0
CcS-7167,2586,PL351920034210209952379447,6556718826902666,8241,123,%B6556718826902666^UUONPNUUONPN^2707000000000000000?,%B6556718826902666=2401101578815107?,09/25/28,prepaid,1
CcS-7168,2587,DE829379450830693466886984,9075191521699733,4102,940,%B9075191521699733^FVNYSBFVNYSB^2608000000000000000?,%B9075191521699733=2210101189448829?,07/26/28,debit,0
CcS-7169,2588,DE268012031273850563792663,8165117218893810,9434,389,%B8165117218893810^SMAAHPSMAAHP^2912000000000000000?,%B8165117218893810=2908101644682859?,09/27/28,prepaid,0
CcS-7170,2589,SE379959624761368679802576,9325757290413016,2024,389,%B9325757290413016^OXYEPUOXYEPU^2405000000000000000?,%B9325757290413016=2403101671502201?,08/27/28,credit,0
CcS-7171,2590,GB463793526564415062168057,4790986877673639,8615,769,%B4790986877673639^NCTALWNCTALW^3104000000000000000?,%B4790986877673639=2501101262233006?,06/26/28,debit,0
CcS-7172,2591,ES573929710094836129845259,3402090330288873,5421,935,%B3402090330288873^VTHREJVTHREJ^2912000000000000000?,%B3402090330288873=3302101569275510?,04/26/28,prepaid,0
CcS-7173,2592,DE889097763091924275212128,1298212537068707,1355,388,%B1298212537068707^JWKGAJJWKGAJ^2205000000000000000?,%B1298212537068707=2702101757748962?,02/27/28,debit,0
CcS-7174,2593,ES732612510913403431031983,9254221413989834,9259,911,%B9254221413989834^WIBDDSWIBDDS^2509000000000000000?,%B9254221413989834=3010101769768245?,10/28/28,debit,0
CcS-7175,2594,GB646297430487386163403187,8210808705672425,4899,742,%B8210808705672425^MJKBEZMJKBEZ^2611000000000000000?,%B8210808705672425=2409101107655191?,06/26/28,credit,0
CcS-7176,2595,US125288523482845111656235,0240622141813170,5932,557,%B0240622141813170^OVMCQJOVMCQJ^2707000000000000000?,%B0240622141813170=3003101500732760?,01/25/28,debit,1
CcS-7177,2596,NL150599164081199319549921,2016264761707785,4137,208,%B2016264761707785^WKVJDVWKVJDV^2306000000000000000?,%B2016264761707785=2506101713075707?,06/26/28,debit,0
CcS-7178,2597,PT453470652999010209495003,9696450385567259,8847,611,%B9696450385567259^CFCYBICFCYBI^2306000000000000000?,%B9696450385567259=2908101109334355?,08/29/28,credit,0
CcS-7179,2598,CA226687237447758390910385,7487807222442107,7762,573,%B7487807222442107^HRRUHYHRRUHY^3012000000000000000?,%B7487807222442107=2905101892420197?,12/27/28,credit,0
CcS-7180,2599,FR845500241080389192311594,7520883226223343,2756,859,%B7520883226223343^FJWTUDFJWTUD^3408000000000000000?,%B7520883226223343=3105101524922963?,02/29/28,credit,0
CcS-7181,2600,US986801496768245966307900,7082449966983347,4105,621,%B7082449966983347^HBKESAHBKESA^3105000000000000000?,%B7082449966983347=3201101441370580?,11/27/28,credit,0
CcS-7182,2601,NL769289906434096184429178,8369214156266851,6509,760,%B8369214156266851^AYLZEJAYLZEJ^2501000000000000000?,%B8369214156266851=2302101538945072?,03/26/28,debit,0
CcS-7183,2602,IT537589326026689862248008,4109305249004293,4158,148,%B4109305249004293^XUAMLNXUAMLN^2309000000000000000?,%B4109305249004293=2610101785369571?,07/29/28,debit,0
CcS-7184,2603,PT153058540880309367229452,8582569246469781,3280,338,%B8582569246469781^NRNNOONRNNOO^2402000000000000000?,%B8582569246469781=2706101768353292?,08/25/28,credit,1
CcS-7185,2604,PT486551309492238597452688,1369245540405903,3278,999,%B1369245540405903^QGDCRJQGDCRJ^3206000000000000000?,%B1369245540405903=2904101460421658?,11/28/28,credit,0
CcS-7186,2605,US594988240619959562749388,9839282163897790,4835,648,%B9839282163897790^KWRDWOKWRDWO^3108000000000000000?,%B9839282163897790=2502101949006775?,06/26/28,credit,0
CcS-7187,2606,SE739734410794161583400842,7964154521417278,2858,412,%B7964154521417278^ORUIBYORUIBY^3204000000000000000?,%B7964154521417278=2409101991719410?,12/25/28,credit,1
CcS-7188,2607,PL216321993896024648605152,8087086645267326,8046,263,%B8087086645267326^NGTIMUNGTIMU^2611000000000000000?,%B8087086645267326=2909101342675674?,08/28/28,credit,0
CcS-7189,2608,PL739303544888698774876786,8103764352129232,6562,222,%B8103764352129232^UEKAPKUEKAPK^2411000000000000000?,%B8103764352129232=2411101553011471?,06/28/28,credit,0
CcS-7190,2609,SE171255610418216578273133,9700646389823964,4670,601,%B9700646389823964^OVSRNROVSRNR^2602000000000000000?,%B9700646389823964=2911101881347371?,09/26/28,debit,0
CcS-7191,2610,CA326310112940460317101934,0269822061529018,5120,422,%B0269822061529018^HVYSSBHVYSSB^3111000000000000000?,%B0269822061529018=2608101892219801?,02/29/28,credit,0
CcS-7192,2611,CA549800270910089036494655,5200884565812880,1416,875,%B5200884565812880^HWBDJYHWBDJY^2406000000000000000?,%B5200884565812880=3203101150532829?,04/26/28,debit,0
CcS-7193,2612,NL509819398909703834870232,2481978300272917,5819,653,%B2481978300272917^BQBILDBQBILD^3403000000000000000?,%B2481978300272917=2604101211281828?,07/25/28,debit,1
CcS-7194,2613,ES387893424114602071558595,4668751504785854,8070,658,%B4668751504785854^BMBDYXBMBDYX^2202000000000000000?,%B4668751504785854=2505101724720976?,08/27/28,credit,0
CcS-7195,2614,PT166570770666227772312423,8910781999621541,1654,726,%B8910781999621541^JIQIWCJIQIWC^2605000000000000000?,%B8910781999621541=2907101249880452?,05/27/28,debit,0
CcS-7196,2615,PL930305345109159879046760,4750827697192948,4485,275,%B4750827697192948^KJRLDGKJRLDG^2504000000000000000?,%B4750827697192948=2402101655984768?,01/27/28,debit,0
CcS-7197,2616,CA565544819404333252559189,8330965100565282,3169,299,%B8330965100565282^KTTCMDKTTCMD^3110000000000000000?,%B8330965100565282=3103101232463263?,10/26/28,credit,0
CcS-7198,2617,SE946878729052259840968918,3591029771358145,8545,860,%B3591029771358145^VRTXZNVRTXZN^2710000000000000000?,%B3591029771358145=3304101886176958?,04/29/28,credit,0
CcS-7199,2618,DE213724148265169356862853,2901032000267386,1545,161,%B2901032000267386^ACKGRLACKGRL^2304000000000000000?,%B2901032000267386=2408101584652373?,07/27/28,debit,0
CcS-7200,2619,US649032582418793793181002,9647483155558826,3954,913,%B9647483155558826^UYWRJLUYWRJL^3211000000000000000?,%B9647483155558826=3311101119517337?,11/27/28,credit,0
CcS-7201,2620,US622495912370802282213750,7837999931844214,3165,474,%B7837999931844214^DWXFECDWXFEC^3304000000000000000?,%B7837999931844214=3404101633605236?,12/26/28,prepaid,0
CcS-7202,2621,GB809705643683293480887977,6081762255229111,1871,334,%B6081762255229111^OOUAQEOOUAQE^2405000000000000000?,%B6081762255229111=2209101556047608?,10/28/28,debit,0
CcS-7203,2622,IT501273957746042300232169,5298283086672868,4830,534,%B5298283086672868^ABQFCBABQFCB^2307000000000000000?,%B5298283086672868=3106101872836170?,10/27/28,debit,0
CcS-7204,2623,PT612874505868444539862962,1961707459625002,4988,828,%B1961707459625002^FKVESSFKVESS^2502000000000000000?,%B1961707459625002=2408101403950578?,02/29/28,credit,0
CcS-7205,2624,IT907090030262195733149701,8626598113149026,8175,647,%B8626598113149026^JLZYJBJLZYJB^3303000000000000000?,%B8626598113149026=2210101517084998?,11/26/28,credit,0
CcS-7206,2625,FR916275188697905852173070,4480868612213094,6472,703,%B4480868612213094^OFCQGYOFCQGY^2206000000000000000?,%B4480868612213094=3211101435911384?,04/26/28,credit,0
CcS-7207,2626,US602865590792228413690177,0911143931651787,1557,311,%B0911143931651787^YQCYLEYQCYLE^3206000000000000000?,%B0911143931651787=2503101402031829?,08/28/28,debit,0
CcS-7208,2627,PT949819728443705673827994,0309341519641462,7417,688,%B0309341519641462^QWVUCJQWVUCJ^2812000000000000000?,%B0309341519641462=2903101401057735?,02/26/28,debit,0
CcS-7209,2628,ES546841958841533208592053,8902971916086640,8584,231,%B8902971916086640^WNLAFOWNLAFO^2511000000000000000?,%B8902971916086640=2402101809402321?,04/27/28,debit,0
CcS-7210,2629,FR643129966491888505735753,1788524808624576,3338,655,%B1788524808624576^TEGGXYTEGGXY^2908000000000000000?,%B1788524808624576=2909101712071338?,11/25/28,debit,1
CcS-7211,2630,US870220319056348719284087,3339114666609444,7630,684,%B3339114666609444^GZVONGGZVONG^3109000000000000000?,%B3339114666609444=2912101498746710?,03/26/28,debit,0
CcS-7212,2631,GB136736792116879968396409,9784807457180816,4270,112,%B9784807457180816^GEOJCOGEOJCO^3412000000000000000?,%B9784807457180816=3011101137340029?,06/29/28,debit,0
CcS-7213,2632,ES556286514737875173042260,5527909164673010,7798,895,%B5527909164673010^FOHYMDFOHYMD^3206000000000000000?,%B5527909164673010=2211101596677856?,06/25/28,debit,1
CcS-7214,2633,PT353794950334036594074756,8680734216385029,1317,216,%B8680734216385029^HZAPXRHZAPXR^2702000000000000000?,%B8680734216385029=2607101766686661?,11/29/28,credit,0
CcS-7215,2634,PT380522257224556624001164,3917873649324153,1872,932,%B3917873649324153^WURFXJWURFXJ^3302000000000000000?,%B3917873649324153=3408101374256425?,10/25/28,debit,1
CcS-7216,2635,PT616223478472629231652092,8661837422065294,3165,250,%B8661837422065294^JFPBIFJFPBIF^2303000000000000000?,%B8661837422065294=2907101530577079?,03/25/28,debit,1
CcS-7217,2636,CA797124852273438763877914,6462769003925886,4981,699,%B6462769003925886^GEAODOGEAODO^2309000000000000000?,%B6462769003925886=2411101192048742?,05/27/28,credit,0
CcS-7218,2637,GB333684506432042732091910,0752435268267971,3355,919,%B0752435268267971^IZTRTFIZTRTF^2201000000000000000?,%B0752435268267971=2311101756382693?,10/26/28,debit,0
CcS-7219,2638,ES327949417234981748892868,9482360597864100,4310,585,%B9482360597864100^LXZDZOLXZDZO^2210000000000000000?,%B9482360597864100=2612101667548740?,05/26/28,debit,0
CcS-7220,2639,FR797345374200729360502361,3563745060417765,4796,258,%B3563745060417765^OXGFIHOXGFIH^2303000000000000000?,%B3563745060417765=3009101833832879?,07/25/28,debit,1
CcS-7221,2640,FR382350476211947556024650,7143402838333622,3119,307,%B7143402838333622^YGSEESYGSEES^2701000000000000000?,%B7143402838333622=2904101597865893?,11/28/28,debit,0
CcS-7222,2641,GB106000300874160802531490,0309183980120162,5368,133,%B0309183980120162^LSBZVPLSBZVP^2205000000000000000?,%B0309183980120162=3411101799419830?,01/28/28,debit,0
CcS-7223,2642,GB855896937041293049503104,4292331784871839,8881,630,%B4292331784871839^HRVSNNHRVSNN^2905000000000000000?,%B4292331784871839=2702101164873083?,08/26/28,debit,0
CcS-7224,2643,PL767142557444812369029671,3328435716893088,8134,553,%B3328435716893088^QJHAJSQJHAJS^3406000000000000000?,%B3328435716893088=2309101528677187?,07/25/28,prepaid,1
CcS-7225,2644,ES596294627361450883489143,3012778197441396,1590,258,%B3012778197441396^CCMIQMCCMIQM^2407000000000000000?,%B3012778197441396=3307101434987190?,04/27/28,debit,0
CcS-7226,2645,IT738979977439219474649877,3880046811374149,9916,535,%B3880046811374149^UDIPESUDIPES^2207000000000000000?,%B3880046811374149=2307101208697261?,02/26/28,prepaid,0
CcS-7227,2646,PT488708904907151105433819,8635710640776501,3113,373,%B8635710640776501^GPOZBPGPOZBP^3108000000000000000?,%B8635710640776501=2711101211929252?,12/25/28,credit,1
CcS-7228,2647,FR519835100382267505747038,9423992664555201,3389,209,%B9423992664555201^YDRTFZYDRTFZ^2908000000000000000?,%B9423992664555201=3101101596935893?,06/25/28,debit,1
CcS-7229,2648,DE529922805597706907412813,9525636208786643,7702,265,%B9525636208786643^PGGXPXPGGXPX^2405000000000000000?,%B9525636208786643=2603101790865379?,06/25/28,credit,1
CcS-7230,2649,DE569875797267556399826876,8767654477417352,1161,256,%B8767654477417352^JCGMZGJCGMZG^2908000000000000000?,%B8767654477417352=2411101626899034?,08/28/28,credit,0
CcS-7231,2650,NL371134313435964839197332,4152310900338009,2915,701,%B4152310900338009^XFUGTXXFUGTX^2508000000000000000?,%B4152310900338009=2202101297194829?,03/28/28,premium_credit,0
CcS-7232,2651,PT241007047667241441950702,4004832370760921,9437,108,%B4004832370760921^EVKIZGEVKIZG^2607000000000000000?,%B4004832370760921=2202101520902647?,01/29/28,debit,0
CcS-7233,2652,ES351664469947219368226061,2604039950693608,2707,576,%B2604039950693608^DIIKVQDIIKVQ^2508000000000000000?,%B2604039950693608=2608101342479936?,06/26/28,credit,0
CcS-7234,2653,SE730980796984201578710934,1358713269824709,6914,760,%B1358713269824709^BUIMWOBUIMWO^3203000000000000000?,%B1358713269824709=3107101687998662?,12/29/28,credit,0
CcS-7235,2654,CA443479208812722556934921,4396625512598605,6213,578,%B4396625512598605^HJTGRUHJTGRU^3306000000000000000?,%B4396625512598605=2402101341308807?,09/26/28,debit,0
CcS-7236,2655,SE661020745966357562891771,5783131237419205,4304,459,%B5783131237419205^FHGVFOFHGVFO^2804000000000000000?,%B5783131237419205=2809101601159615?,03/27/28,debit,0
CcS-7237,2656,GB185342979976619538456105,7815400475261587,4667,466,%B7815400475261587^CFNTOFCFNTOF^2807000000000000000?,%B7815400475261587=2603101308874769?,07/26/28,debit,0
CcS-7238,2657,PL808245541925897775247200,3991340689487915,4139,229,%B3991340689487915^KFPTWCKFPTWC^3101000000000000000?,%B3991340689487915=3308101665947036?,02/25/28,credit,1
CcS-7239,2658,ES297706130198063669212478,0695044727889737,8845,709,%B0695044727889737^ZPVFNUZPVFNU^2610000000000000000?,%B0695044727889737=3409101980385774?,11/26/28,debit,0
CcS-7240,2659,PL473841047568348207899356,5206657573513928,6848,912,%B5206657573513928^KOYGFAKOYGFA^2309000000000000000?,%B5206657573513928=2509101481820983?,10/28/28,debit,0
CcS-7241,2660,IT248513473001725604162801,3269248238373430,3912,823,%B3269248238373430^RABSLCRABSLC^2606000000000000000?,%B3269248238373430=3102101718644615?,10/28/28,credit,0
CcS-7242,2661,CA572741905310630906408290,6740757884964845,6476,806,%B6740757884964845^GVFBODGVFBOD^3012000000000000000?,%B6740757884964845=3209101937578454?,08/25/28,credit,1
CcS-7243,2662,ES111952970070350340115158,2196113665128951,3432,337,%B2196113665128951^ZQJQKBZQJQKB^2510000000000000000?,%B2196113665128951=2601101974732857?,09/27/28,credit,0
CcS-7244,2663,IT730834398095471347067045,0973533315664878,5494,117,%B0973533315664878^VQOBZFVQOBZF^2309000000000000000?,%B0973533315664878=2903101753067336?,01/25/28,credit,1
CcS-7245,2664,DE628318115849150992295376,5309526296527806,2382,643,%B5309526296527806^UCZLPBUCZLPB^3203000000000000000?,%B5309526296527806=2412101975565317?,10/25/28,debit,1
CcS-7246,2665,DE324816927898498276386772,5548991593509984,2343,392,%B5548991593509984^MLHMDAMLHMDA^2905000000000000000?,%B5548991593509984=2311101651513602?,02/29/28,credit,0
CcS-7247,2666,GB638939677467193581619108,2149913888729348,5907,529,%B2149913888729348^ZFFHWXZFFHWX^3110000000000000000?,%B2149913888729348=3010101445874504?,11/29/28,premium_credit,0
CcS-7248,2667,PL211933663485112610396466,2673668820190270,1761,233,%B2673668820190270^GTRWPDGTRWPD^2801000000000000000?,%B2673668820190270=3012101501297555?,08/27/28,debit,0
CcS-7249,2668,ES790755938985806845549842,3858979037688985,4486,338,%B3858979037688985^ONVMJEONVMJE^3311000000000000000?,%B3858979037688985=2905101444644891?,04/29/28,credit,0
CcS-7250,2669,NL873990514258284199998285,9356207187878322,7074,913,%B9356207187878322^TDMQRZTDMQRZ^3404000000000000000?,%B9356207187878322=2609101431398000?,06/28/28,debit,0
CcS-7251,2670,NL242454751461447823882163,6955579459590734,6305,295,%B6955579459590734^BJOAJOBJOAJO^3306000000000000000?,%B6955579459590734=2712101971229876?,12/27/28,credit,0
CcS-7252,2671,SE959764608730305748911355,1872033405940999,7051,776,%B1872033405940999^XKKUEVXKKUEV^2405000000000000000?,%B1872033405940999=3106101761738243?,03/25/28,debit,1
CcS-7253,2672,CA490021654716932091624263,7188904566862155,3941,277,%B7188904566862155^LAJVPULAJVPU^2604000000000000000?,%B7188904566862155=2703101890241718?,02/28/28,debit,0
CcS-7254,2673,US203160849338035717874050,7791019151402552,1618,135,%B7791019151402552^SNLIFUSNLIFU^3205000000000000000?,%B7791019151402552=2408101609038736?,03/29/28,debit,0
CcS-7255,2674,NL944683450949303480578410,8003087020857748,8598,687,%B8003087020857748^PDQBMEPDQBME^3408000000000000000?,%B8003087020857748=2606101132903875?,06/27/28,debit,0
CcS-7256,2675,SE315803361753296817157068,0550685409686043,9205,464,%B0550685409686043^FZOKCDFZOKCD^2304000000000000000?,%B0550685409686043=2407101307192178?,10/26/28,credit,0
CcS-7257,2676,ES441374825525041766931293,3399075908789620,9273,630,%B3399075908789620^GRCYBPGRCYBP^2203000000000000000?,%B3399075908789620=3006101438020112?,07/25/28,premium_credit,1
CcS-7258,2677,ES160077031010495797324749,3075750405686332,5437,622,%B3075750405686332^VXSITZVXSITZ^2611000000000000000?,%B3075750405686332=2907101680275032?,07/28/28,credit,0
CcS-7259,2678,ES298911795426781740966922,5414546792845734,7293,885,%B5414546792845734^EIOYRNEIOYRN^3108000000000000000?,%B5414546792845734=2503101518060613?,01/26/28,debit,0
CcS-7260,2679,ES924506347742971859332459,5916315112373324,8166,358,%B5916315112373324^XFIEIEXFIEIE^2304000000000000000?,%B5916315112373324=2406101998618523?,02/28/28,debit,0
CcS-7261,2680,NL477542275953250460931006,5417931932727310,1133,549,%B5417931932727310^UTDHZQUTDHZQ^2612000000000000000?,%B5417931932727310=2911101752894248?,01/28/28,credit,0
CcS-7262,2681,ES839269985786893881826241,6350381245718430,1572,607,%B6350381245718430^TGITNRTGITNR^2606000000000000000?,%B6350381245718430=2505101177334324?,08/29/28,debit,0
CcS-7263,2682,DE289395522891347751990690,2155924743141674,6252,504,%B2155924743141674^VMKMVJVMKMVJ^2907000000000000000?,%B2155924743141674=3106101368194424?,03/27/28,debit,0
CcS-7264,2683,GB978578673468763004676365,2680859730973128,1965,502,%B2680859730973128^GOORUUGOORUU^3404000000000000000?,%B2680859730973128=3104101495767270?,07/25/28,prepaid,1
CcS-7265,2684,FR181766263991074938491896,2129409433711249,3641,963,%B2129409433711249^QTWYCDQTWYCD^3307000000000000000?,%B2129409433711249=2604101111997437?,05/26/28,prepaid,0
CcS-7266,2685,GB467376273187322512094268,0746825681855889,7950,355,%B0746825681855889^FJPYPSFJPYPS^2205000000000000000?,%B0746825681855889=3405101960359006?,02/27/28,debit,0
CcS-7267,2686,GB373981469366111805682864,5753392864916240,1963,929,%B5753392864916240^WTHCNQWTHCNQ^2702000000000000000?,%B5753392864916240=2311101677906501?,07/26/28,premium_credit,0
CcS-7268,2687,DE889579985281493159612486,9519582988278755,6689,210,%B9519582988278755^JIWZSHJIWZSH^3107000000000000000?,%B9519582988278755=3105101501731261?,03/29/28,debit,0
CcS-7269,2688,CA282936030418247782235601,4016252624220353,5070,571,%B4016252624220353^LFXGKVLFXGKV^2710000000000000000?,%B4016252624220353=2908101852177154?,01/27/28,credit,0
CcS-7270,2689,ES213545802781942918480304,9988359359608175,2267,820,%B9988359359608175^TOIMGGTOIMGG^3409000000000000000?,%B9988359359608175=2902101964378050?,07/29/28,credit,0
CcS-7271,2690,NL326675928484268026834731,5278235962274401,2481,910,%B5278235962274401^HSWGWGHSWGWG^2206000000000000000?,%B5278235962274401=3109101502105850?,02/26/28,credit,0
CcS-7272,2691,ES635674029854034142790380,7230557303759203,6880,169,%B7230557303759203^NNEGTFNNEGTF^2411000000000000000?,%B7230557303759203=2510101202620980?,02/28/28,credit,0
CcS-7273,2692,PL981009449683368679685823,2460569898666419,8012,343,%B2460569898666419^EBTBLXEBTBLX^3410000000000000000?,%B2460569898666419=2602101268950672?,08/29/28,credit,0
CcS-7274,2693,US431979541025456629772580,7932256107509521,7646,466,%B7932256107509521^RMEPYGRMEPYG^3403000000000000000?,%B7932256107509521=2209101253929962?,02/26/28,credit,0
CcS-7275,2694,PL584523912741991385032059,0462143883165771,9725,100,%B0462143883165771^PWFMKRPWFMKR^2702000000000000000?,%B0462143883165771=3307101523784089?,07/29/28,credit,0
CcS-7276,2695,PT706024258163599576465483,1503081786079514,3114,717,%B1503081786079514^WLWFMTWLWFMT^2803000000000000000?,%B1503081786079514=2603101140841210?,01/26/28,credit,0
CcS-7277,2696,DE892784004115414350247177,8889042247699948,5143,207,%B8889042247699948^VVEGORVVEGOR^2401000000000000000?,%B8889042247699948=2907101776129861?,10/26/28,credit,0
CcS-7278,2697,CA536581560874481533727941,6541306743498838,5854,860,%B6541306743498838^OKDPLIOKDPLI^3105000000000000000?,%B6541306743498838=2208101685841617?,03/29/28,prepaid,0
CcS-7279,2698,PL488521604432838681178155,1519040025600309,5081,642,%B1519040025600309^UKGRNZUKGRNZ^2907000000000000000?,%B1519040025600309=2812101355128590?,02/27/28,debit,0
CcS-7280,2699,PT349250766528955555310742,7856857966236921,3198,405,%B7856857966236921^GROFZHGROFZH^2612000000000000000?,%B7856857966236921=3204101980776149?,04/26/28,credit,0
CcS-7281,2700,US831580290443477533441562,5310854729889310,1661,879,%B5310854729889310^LZWIUQLZWIUQ^2608000000000000000?,%B5310854729889310=2202101704558548?,12/27/28,debit,0
CcS-7282,2701,PT613961451086744026987428,7265566477869993,2519,605,%B7265566477869993^LTTPBVLTTPBV^3012000000000000000?,%B7265566477869993=2812101343855646?,10/29/28,debit,0
CcS-7283,2702,PT936094885528062144171759,6590146042145645,7228,998,%B6590146042145645^OUFMSKOUFMSK^2410000000000000000?,%B6590146042145645=2712101711410857?,07/27/28,debit,0
CcS-7284,2703,GB618549225933715824607535,1766382018426834,5380,727,%B1766382018426834^HEHLRSHEHLRS^2509000000000000000?,%B1766382018426834=2603101359552224?,06/27/28,debit,0
CcS-7285,2704,DE264122172017000975637183,6221728675021739,9462,210,%B6221728675021739^EYGDQVEYGDQV^2508000000000000000?,%B6221728675021739=2209101629020861?,03/29/28,credit,0
CcS-7286,2705,CA867843961681755387644142,2853329205866958,9540,854,%B2853329205866958^YNFHCDYNFHCD^2706000000000000000?,%B2853329205866958=2509101396820686?,08/29/28,credit,0
CcS-7287,2706,GB579596663569388377158704,7785603977729383,2982,670,%B7785603977729383^RZIHDJRZIHDJ^2508000000000000000?,%B7785603977729383=2605101755860349?,08/25/28,credit,1
CcS-7288,2707,GB364814077190286693461226,1748140394931313,5860,200,%B1748140394931313^WTEREJWTEREJ^3105000000000000000?,%B1748140394931313=3207101154267985?,10/27/28,credit,0
CcS-7289,2708,ES739799376063454177446140,7695384812232546,8750,653,%B7695384812232546^RULPTWRULPTW^2701000000000000000?,%B7695384812232546=2611101451719257?,07/27/28,debit,0
CcS-7290,2709,PT917090394840236137452381,6374471841155767,7916,408,%B6374471841155767^UCRAJLUCRAJL^3105000000000000000?,%B6374471841155767=2806101657712169?,05/26/28,premium_credit,0
CcS-7291,2710,SE648768781688702723912455,8675841763719346,5650,324,%B8675841763719346^AUDTVFAUDTVF^2206000000000000000?,%B8675841763719346=2504101976433031?,01/29/28,credit,0
CcS-7292,2711,CA647595125553171208215730,2476773543268675,4391,869,%B2476773543268675^BCPLYVBCPLYV^2406000000000000000?,%B2476773543268675=3202101885505059?,11/25/28,credit,1
CcS-7293,2712,PT332417280523378499280021,3590394263200571,4868,498,%B3590394263200571^ROFWLMROFWLM^2502000000000000000?,%B3590394263200571=3410101417212813?,01/27/28,credit,0
CcS-7294,2713,US340221809482926086712834,8167897953389949,4319,138,%B8167897953389949^AHBFTJAHBFTJ^3008000000000000000?,%B8167897953389949=2308101425034972?,01/28/28,premium_credit,0
CcS-7295,2714,ES604122656745035302223887,0734550653365656,8376,148,%B0734550653365656^FISCEUFISCEU^2805000000000000000?,%B0734550653365656=2708101507929715?,02/25/28,prepaid,1
CcS-7296,2715,DE452461510231258160313127,1099337300435578,9206,148,%B1099337300435578^SGYTMVSGYTMV^3403000000000000000?,%B1099337300435578=2312101904046301?,11/27/28,prepaid,0
CcS-7297,2716,SE788711212158753943417080,3977783709335412,1073,955,%B3977783709335412^PLQPYAPLQPYA^2909000000000000000?,%B3977783709335412=2203101245888994?,09/29/28,credit,0
CcS-7298,2717,IT560272159482397148898000,1580853472720013,9540,697,%B1580853472720013^RAKFSZRAKFSZ^2908000000000000000?,%B1580853472720013=2509101844009152?,09/29/28,debit,0
CcS-7299,2718,SE875270170421314736481103,7396410028590414,4153,879,%B7396410028590414^CAANINCAANIN^2608000000000000000?,%B7396410028590414=2307101639879934?,07/25/28,debit,1
CcS-7300,2719,DE464369785802047594004471,4947721943994469,5065,860,%B4947721943994469^YLVHMJYLVHMJ^3004000000000000000?,%B4947721943994469=2409101795448545?,05/28/28,debit,0
CcS-7301,2720,DE954844181411592985991019,6084720490705480,8747,375,%B6084720490705480^BPXUZZBPXUZZ^2406000000000000000?,%B6084720490705480=3210101937086095?,10/29/28,debit,0
CcS-7302,2721,IT336054778109514004563345,1432725673577092,7451,984,%B1432725673577092^AAMKHXAAMKHX^2209000000000000000?,%B1432725673577092=3211101441002653?,12/25/28,debit,1
CcS-7303,2722,US269258597736667115541720,4583216390889475,8348,147,%B4583216390889475^YMQRZIYMQRZI^2402000000000000000?,%B4583216390889475=2311101582094621?,10/27/28,prepaid,0
CcS-7304,2723,CA306554514124029512872636,1966097791117456,7338,614,%B1966097791117456^QLIVBTQLIVBT^3008000000000000000?,%B1966097791117456=3005101794339853?,08/26/28,credit,0
CcS-7305,2724,IT711505029618226049206968,9112473159521012,1465,175,%B9112473159521012^HWETNCHWETNC^2605000000000000000?,%B9112473159521012=2903101967132871?,07/28/28,debit,0
CcS-7306,2725,ES893255160812560253427096,5569200565519985,5731,478,%B5569200565519985^KKMYXAKKMYXA^2210000000000000000?,%B5569200565519985=3309101340427106?,06/28/28,debit,0
CcS-7307,2726,FR677231483679054990896013,7418163421447638,6503,867,%B7418163421447638^JLELARJLELAR^2204000000000000000?,%B7418163421447638=2305101975213120?,08/28/28,credit,0
CcS-7308,2727,CA231008034552670850838945,6261496072992755,9729,912,%B6261496072992755^ICLYZEICLYZE^2607000000000000000?,%B6261496072992755=3305101665928056?,02/26/28,prepaid,0
CcS-7309,2728,GB975001159946799992802150,7107084792343218,2994,741,%B7107084792343218^BRXWONBRXWON^2309000000000000000?,%B7107084792343218=2604101421730283?,08/28/28,credit,0
CcS-7310,2729,PT429251416475786088911644,4683168862852829,6925,401,%B4683168862852829^GYYGACGYYGAC^2502000000000000000?,%B4683168862852829=3108101136647912?,04/27/28,debit,0
CcS-7311,2730,IT447329903149088402648342,4615512950304783,3449,738,%B4615512950304783^AKSIRXAKSIRX^3306000000000000000?,%B4615512950304783=2405101568772503?,02/27/28,debit,0
CcS-7312,2731,SE141622439628018768421517,7179919905476787,5587,160,%B7179919905476787^BRHIGQBRHIGQ^3101000000000000000?,%B7179919905476787=3301101805034986?,09/26/28,credit,0
CcS-7313,2732,DE935575271850302952477834,9157922220036640,1676,803,%B9157922220036640^FVLSRYFVLSRY^3402000000000000000?,%B9157922220036640=2301101817764609?,05/25/28,credit,1
CcS-7314,2733,DE888516272805962592857374,5564319156195276,3271,913,%B5564319156195276^DGBYIMDGBYIM^3409000000000000000?,%B5564319156195276=2305101335665480?,05/27/28,credit,0
CcS-7315,2734,US271293042610129457331221,7180049415812830,3763,127,%B7180049415812830^DWMUKZDWMUKZ^2608000000000000000?,%B7180049415812830=2803101332876740?,02/25/28,credit,1
CcS-7316,2735,ES684263672907528078908444,3561792845047242,9142,918,%B3561792845047242^HERWLAHERWLA^3103000000000000000?,%B3561792845047242=3005101967093267?,02/27/28,debit,0
CcS-7317,2736,IT824995458649844570876406,4796958206584996,5018,773,%B4796958206584996^FSNGBEFSNGBE^3311000000000000000?,%B4796958206584996=2202101127014149?,06/28/28,debit,0
CcS-7318,2737,DE177226546809047662849257,0496944773339398,2589,872,%B0496944773339398^FQRZVFFQRZVF^3012000000000000000?,%B0496944773339398=2204101334206954?,04/27/28,credit,0
CcS-7319,2738,ES373891872110980164035719,5552893652839325,3027,977,%B5552893652839325^EFUTNIEFUTNI^3304000000000000000?,%B5552893652839325=3402101875678131?,06/29/28,credit,0
CcS-7320,2739,FR886060759615428473533840,8457413870828318,4321,423,%B8457413870828318^XCMMDQXCMMDQ^2405000000000000000?,%B8457413870828318=2205101173616681?,12/28/28,debit,0
CcS-7321,2740,FR452252056401197771443778,4439958303321222,7568,582,%B4439958303321222^KXUHKEKXUHKE^2208000000000000000?,%B4439958303321222=3110101851997231?,02/29/28,credit,0
CcS-7322,2741,PT698039022625935860737294,5291967579721878,3586,326,%B5291967579721878^CYMMSJCYMMSJ^2508000000000000000?,%B5291967579721878=3008101826284656?,12/26/28,credit,0
CcS-7323,2742,US472232150450065832574220,7987646749093820,8426,558,%B7987646749093820^JVISSGJVISSG^3406000000000000000?,%B7987646749093820=2702101672142742?,05/26/28,prepaid,0
CcS-7324,2743,SE348575120455106387592790,9452497703754502,1271,194,%B9452497703754502^YEHFHTYEHFHT^2512000000000000000?,%B9452497703754502=3411101536651819?,04/26/28,prepaid,0
CcS-7325,2744,IT898979388945686085198048,5594970297459020,7400,762,%B5594970297459020^TIRJWCTIRJWC^3001000000000000000?,%B5594970297459020=2501101266430763?,05/26/28,prepaid,0
CcS-7326,2745,ES221691889719227756076441,5833583583266225,8574,993,%B5833583583266225^DBZSFQDBZSFQ^3212000000000000000?,%B5833583583266225=3207101572016210?,12/25/28,credit,1
CcS-7327,2746,US398924766999393959361627,4470187560906670,6458,946,%B4470187560906670^RQGZWRRQGZWR^2701000000000000000?,%B4470187560906670=2301101737423165?,05/26/28,credit,0
CcS-7328,2747,CA584023871534983466520852,6085883432274546,8638,614,%B6085883432274546^KAKDUUKAKDUU^3109000000000000000?,%B6085883432274546=2712101736680994?,02/28/28,debit,0
CcS-7329,2748,NL635204022537276170865787,4491848827415460,3020,665,%B4491848827415460^QISDALQISDAL^2612000000000000000?,%B4491848827415460=2501101207095440?,03/29/28,debit,0
CcS-7330,2749,FR928772986011003656772657,1108558096914990,6131,125,%B1108558096914990^RSDRKBRSDRKB^3001000000000000000?,%B1108558096914990=3103101754616419?,01/25/28,debit,1
CcS-7331,2750,GB268413600820661722413185,0683626356384287,9744,986,%B0683626356384287^VYTQYFVYTQYF^2605000000000000000?,%B0683626356384287=3406101465217270?,11/29/28,debit,0
CcS-7332,2751,PL871263709306807955708520,2739977477474514,5897,276,%B2739977477474514^UQPFQSUQPFQS^2711000000000000000?,%B2739977477474514=3408101528219173?,10/27/28,credit,0
CcS-7333,2752,GB283436594282227137023516,0009312350471210,5027,452,%B0009312350471210^WXLNTBWXLNTB^2812000000000000000?,%B0009312350471210=2711101233878458?,11/25/28,debit,1
CcS-7334,2753,IT157183735745134065332054,4026495323030716,6622,522,%B4026495323030716^SHKHJHSHKHJH^3410000000000000000?,%B4026495323030716=3311101318223351?,01/28/28,credit,0
CcS-7335,2754,FR590168554451953264927428,3135160815111683,9847,728,%B3135160815111683^AMDFVGAMDFVG^2512000000000000000?,%B3135160815111683=3005101773184991?,04/29/28,debit,0
CcS-7336,2755,FR130655565840001356461528,0962226953162743,3244,315,%B0962226953162743^JGUCEMJGUCEM^2802000000000000000?,%B0962226953162743=3212101379382532?,08/29/28,credit,0
CcS-7337,2756,CA384136144469670206419164,9525038436484036,3508,641,%B9525038436484036^JGSNGFJGSNGF^3406000000000000000?,%B9525038436484036=2211101428177421?,05/26/28,premium_credit,0
CcS-7338,2757,FR287227123927526321771865,4568001013049779,7997,575,%B4568001013049779^CBWANMCBWANM^2607000000000000000?,%B4568001013049779=3312101193253568?,12/25/28,credit,1
CcS-7339,2758,SE783871495408954528355181,2918390486619451,3843,810,%B2918390486619451^YVBBQFYVBBQF^2910000000000000000?,%B2918390486619451=3112101315607864?,10/25/28,premium_credit,1
CcS-7340,2759,FR271817026518150246283822,1291042836405498,6790,505,%B1291042836405498^DVEMZUDVEMZU^3305000000000000000?,%B1291042836405498=2201101628623354?,08/28/28,credit,0
CcS-7341,2760,DE568777756945249249009573,4820584074279357,4623,135,%B4820584074279357^UHGFKMUHGFKM^3011000000000000000?,%B4820584074279357=3003101296100602?,02/28/28,credit,0
CcS-7342,2761,FR251418020435466949081629,7511214061094353,3931,798,%B7511214061094353^RVOTBQRVOTBQ^2703000000000000000?,%B7511214061094353=2801101870685389?,10/29/28,debit,0
CcS-7343,2762,IT629487081459067093141889,4077686082446511,9704,963,%B4077686082446511^TUPAETTUPAET^3007000000000000000?,%B4077686082446511=2312101591114346?,06/29/28,debit,0
CcS-7344,2763,IT399236666383500500578506,8282114291667835,3931,976,%B8282114291667835^PYSSBSPYSSBS^3004000000000000000?,%B8282114291667835=3311101861867603?,02/26/28,debit,0
CcS-7345,2764,CA569930806569005729137856,6106078275546161,5390,210,%B6106078275546161^VWHJUWVWHJUW^3405000000000000000?,%B6106078275546161=3406101713516653?,09/25/28,credit,1
CcS-7346,2765,PT484595563458336067133995,5631289992201167,9887,304,%B5631289992201167^MIBQZHMIBQZH^3305000000000000000?,%B5631289992201167=2303101817727198?,03/29/28,debit,0
CcS-7347,2766,FR452389622474588547025759,5616142356304857,7523,509,%B5616142356304857^DCCEKHDCCEKH^2611000000000000000?,%B5616142356304857=3303101613811581?,10/29/28,credit,0
CcS-7348,2767,US606028537695337287323152,1358814791181934,9742,264,%B1358814791181934^UBMFXQUBMFXQ^2303000000000000000?,%B1358814791181934=2408101404561307?,09/27/28,debit,0
CcS-7349,2768,PL650778438237122717607080,6182890953929761,9826,768,%B6182890953929761^TAGLUUTAGLUU^3205000000000000000?,%B6182890953929761=2809101371429247?,08/25/28,debit,1
CcS-7350,2769,FR970241087257572379975958,4412238639837480,3206,546,%B4412238639837480^CAHBOPCAHBOP^2808000000000000000?,%B4412238639837480=2307101994743453?,05/29/28,premium_credit,0
CcS-7351,2770,IT898928498038859529471138,6736189589427926,6032,270,%B6736189589427926^GZHRWVGZHRWV^3404000000000000000?,%B6736189589427926=2902101501047925?,08/25/28,credit,1
CcS-7352,2771,CA627689510466150014991928,5381457029778828,4079,675,%B5381457029778828^GAUASCGAUASC^2809000000000000000?,%B5381457029778828=3411101381687107?,11/25/28,debit,1
CcS-7353,2772,PT212424958125179604405124,4382921589378318,4359,610,%B4382921589378318^ANJJEDANJJED^2604000000000000000?,%B4382921589378318=2202101244671857?,07/29/28,debit,0
CcS-7354,2773,PT141320359650445485832509,3160380992249977,2269,310,%B3160380992249977^ZWCHXUZWCHXU^2209000000000000000?,%B3160380992249977=3212101584218686?,02/27/28,credit,0
CcS-7355,2774,ES592810640430739658098742,6730946411010847,4795,451,%B6730946411010847^NKPRLQNKPRLQ^2509000000000000000?,%B6730946411010847=2907101300442796?,06/26/28,prepaid,0
CcS-7356,2775,SE422354514303166400690134,3347225733383548,1246,712,%B3347225733383548^APSJYWAPSJYW^2609000000000000000?,%B3347225733383548=2204101233965198?,10/27/28,credit,0
CcS-7357,2776,FR542024297445345549587313,0850993192660746,5405,458,%B0850993192660746^TNZWQUTNZWQU^3111000000000000000?,%B0850993192660746=3404101367001865?,12/26/28,debit,0
CcS-7358,2777,CA706320607471231356561086,8975905754604949,1634,397,%B8975905754604949^MGBCNWMGBCNW^3010000000000000000?,%B8975905754604949=3112101132290102?,09/27/28,credit,0
CcS-7359,2778,GB291632348383003396049776,8182457805159276,1596,391,%B8182457805159276^PGMAGNPGMAGN^2304000000000000000?,%B8182457805159276=2707101886707543?,08/28/28,prepaid,0
CcS-7360,2779,SE615627774647833667665592,2187983084900460,2543,816,%B2187983084900460^XIAPVMXIAPVM^2709000000000000000?,%B2187983084900460=3111101333299310?,01/27/28,debit,0
CcS-7361,2780,SE283859235540953790434862,7091580876232084,4326,914,%B7091580876232084^DGIBBADGIBBA^2402000000000000000?,%B7091580876232084=3404101481915551?,02/27/28,credit,0
CcS-7362,2781,NL527277129052807667875006,0212606816002692,5479,843,%B0212606816002692^IFJFDOIFJFDO^3211000000000000000?,%B0212606816002692=3012101896078533?,03/26/28,prepaid,0
CcS-7363,2782,IT119321487708727810004130,6097628958816267,2168,981,%B6097628958816267^UQMPEIUQMPEI^2305000000000000000?,%B6097628958816267=3107101742408952?,04/27/28,debit,0
CcS-7364,2783,NL278599496815299344974110,9070443661212219,6584,153,%B9070443661212219^MCOLNPMCOLNP^2408000000000000000?,%B9070443661212219=3201101197466682?,07/26/28,premium_credit,0
CcS-7365,2784,US552426914213885602189729,3478441766324096,8928,434,%B3478441766324096^RJTVSSRJTVSS^2901000000000000000?,%B3478441766324096=3104101143664774?,08/28/28,debit,0
CcS-7366,2785,PT807736979488227681167209,2480576709926916,5322,410,%B2480576709926916^ZJNDBLZJNDBL^2911000000000000000?,%B2480576709926916=2405101155905523?,01/25/28,premium_credit,1
CcS-7367,2786,ES605085428630325030055865,5089285493436307,1379,867,%B5089285493436307^OHWOYMOHWOYM^2712000000000000000?,%B5089285493436307=2804101904365959?,06/28/28,prepaid,0
CcS-7368,2787,US685577024834061017000101,5768642212964666,4982,105,%B5768642212964666^UUOBMNUUOBMN^3203000000000000000?,%B5768642212964666=2507101544246031?,07/27/28,credit,0
CcS-7369,2788,US549121261253076788285991,9687792807862672,2043,585,%B9687792807862672^GRBDDPGRBDDP^3001000000000000000?,%B9687792807862672=2912101852093571?,08/26/28,debit,0
CcS-7370,2789,CA938101644930709211884196,9122230196595319,7051,366,%B9122230196595319^LSZAEXLSZAEX^2810000000000000000?,%B9122230196595319=2206101474156624?,12/28/28,credit,0
CcS-7371,2790,US466033062062223402022390,9419641237902491,2439,247,%B9419641237902491^GNNKIOGNNKIO^2807000000000000000?,%B9419641237902491=2803101438696715?,03/28/28,debit,0
CcS-7372,2791,FR564522448651892678455460,2361518588193490,7782,881,%B2361518588193490^JEPHZNJEPHZN^2309000000000000000?,%B2361518588193490=3202101998695325?,12/28/28,debit,0
CcS-7373,2792,NL429521325533999168891845,6041203885358096,8685,485,%B6041203885358096^OTFFXVOTFFXV^2710000000000000000?,%B6041203885358096=2405101344949435?,01/27/28,debit,0
CcS-7374,2793,CA136745322195820903091337,5955431199125658,6209,801,%B5955431199125658^ETUITDETUITD^2902000000000000000?,%B5955431199125658=3402101346373077?,09/27/28,credit,0
CcS-7375,2794,SE343443912992411915795373,6886040160477981,1403,491,%B6886040160477981^ZWQISUZWQISU^2401000000000000000?,%B6886040160477981=2409101925472232?,01/27/28,debit,0
CcS-7376,2795,CA213698505780447645759490,4639886042729994,2782,706,%B4639886042729994^CMDAWWCMDAWW^2311000000000000000?,%B4639886042729994=2811101812933982?,04/28/28,debit,0
CcS-7377,2796,SE595661567197181275879522,4274587201624357,8036,340,%B4274587201624357^AASQZRAASQZR^2706000000000000000?,%B4274587201624357=2807101379873115?,11/28/28,credit,0
CcS-7378,2797,US374844771765241847498057,6062819560312325,4421,901,%B6062819560312325^XPUUCYXPUUCY^2807000000000000000?,%B6062819560312325=2206101379554293?,03/26/28,credit,0
CcS-7379,2798,NL671190022784013848087064,4575058166293768,3850,852,%B4575058166293768^BWIPJSBWIPJS^2512000000000000000?,%B4575058166293768=3403101229099851?,10/26/28,debit,0
CcS-7380,2799,US661060805155447643019690,7107365780640421,3111,950,%B7107365780640421^DETBWSDETBWS^2304000000000000000?,%B7107365780640421=2611101706863980?,04/26/28,credit,0
CcS-7381,2800,US795016565665768477738935,7000482393564831,6053,968,%B7000482393564831^WAZRCHWAZRCH^2909000000000000000?,%B7000482393564831=2611101494168039?,03/27/28,prepaid,0
CcS-7382,2801,US696604894968083072755787,9337367332954823,5017,717,%B9337367332954823^PYCXHXPYCXHX^3107000000000000000?,%B9337367332954823=2611101810909764?,04/26/28,premium_credit,0
CcS-7383,2802,US173837546092432284248241,9866535846315830,3087,591,%B9866535846315830^GVSJKSGVSJKS^2208000000000000000?,%B9866535846315830=2904101705388871?,04/28/28,prepaid,0
CcS-7384,2803,PL187016685631805989911899,9461652791744233,3650,385,%B9461652791744233^MMJIXWMMJIXW^2309000000000000000?,%B9461652791744233=3402101116824334?,02/29/28,debit,0
CcS-7385,2804,FR587713536943554546438451,5566177140320470,2131,229,%B5566177140320470^ZNEOMXZNEOMX^2407000000000000000?,%B5566177140320470=3412101802156835?,09/27/28,credit,0
CcS-7386,2805,IT870072179196695002386035,5928011830586574,2614,330,%B5928011830586574^MFZROIMFZROI^2407000000000000000?,%B5928011830586574=3302101577058417?,01/29/28,credit,0
CcS-7387,2806,FR986850205629800644441049,1836502339239250,6968,949,%B1836502339239250^JQUYPEJQUYPE^2907000000000000000?,%B1836502339239250=2203101480046633?,07/28/28,debit,0
CcS-7388,2807,CA152146318520073844767391,1358605523771617,6784,333,%B1358605523771617^XOMFZJXOMFZJ^2911000000000000000?,%B1358605523771617=2805101659227905?,06/25/28,credit,1
CcS-7389,2808,PT676522461372692760364218,7295241428479448,3247,550,%B7295241428479448^AMCVPYAMCVPY^3108000000000000000?,%B7295241428479448=3304101542091629?,07/26/28,premium_credit,0
CcS-7390,2809,US430467499013903551078863,7948354782666452,6331,815,%B7948354782666452^QKOWDIQKOWDI^2412000000000000000?,%B7948354782666452=2902101374524347?,02/27/28,credit,0
CcS-7391,2810,NL605603065971771624700975,4053308415091046,3170,653,%B4053308415091046^WARULEWARULE^2905000000000000000?,%B4053308415091046=3410101118142556?,05/29/28,debit,0
CcS-7392,2811,FR757899565280455070277007,4151479154759533,7039,832,%B4151479154759533^YULJMWYULJMW^2808000000000000000?,%B4151479154759533=3303101817620034?,02/25/28,debit,1
CcS-7393,2812,NL584654258690466651195054,0168278174685219,3758,661,%B0168278174685219^GLOGJBGLOGJB^2206000000000000000?,%B0168278174685219=3108101339979212?,06/25/28,premium_credit,1
CcS-7394,2813,NL158092101641357555445506,5099720281640678,4385,327,%B5099720281640678^QENZTBQENZTB^2811000000000000000?,%B5099720281640678=2601101395728616?,09/27/28,premium_credit,0
CcS-7395,2814,ES720659177666308049814010,7466856701118980,2507,527,%B7466856701118980^WFAPBKWFAPBK^2807000000000000000?,%B7466856701118980=2410101798553148?,01/28/28,debit,0
CcS-7396,2815,ES140901311776365604463023,0922881271611571,8682,567,%B0922881271611571^KRFDNAKRFDNA^2310000000000000000?,%B0922881271611571=3012101468057431?,05/27/28,premium_credit,0
CcS-7397,2816,GB327719314312263045591434,6793369156253273,6254,590,%B6793369156253273^ZTTOCGZTTOCG^2607000000000000000?,%B6793369156253273=2812101638833557?,09/29/28,credit,0
CcS-7398,2817,SE947800890126928128584310,0507854334149034,3677,125,%B0507854334149034^ZUAEAPZUAEAP^3311000000000000000?,%B0507854334149034=2712101686602483?,10/25/28,debit,1
CcS-7399,2818,DE795568527477263869105594,1832755427729108,7953,777,%B1832755427729108^IEWZHLIEWZHL^2602000000000000000?,%B1832755427729108=3108101205426649?,05/29/28,debit,0
CcS-7400,2819,NL268702912452143493375127,7797498955262185,5197,224,%B7797498955262185^SIQORPSIQORP^2706000000000000000?,%B7797498955262185=2510101826016691?,03/27/28,debit,0
CcS-7401,2820,IT952890153909318658712693,7793757747430164,4032,269,%B7793757747430164^WGCAKPWGCAKP^2911000000000000000?,%B7793757747430164=3205101270921303?,04/26/28,debit,0
CcS-7402,2821,SE312560646652848264677447,2568449643981573,9850,659,%B2568449643981573^ZJJNXFZJJNXF^3406000000000000000?,%B2568449643981573=2202101819505470?,04/25/28,debit,1
CcS-7403,2822,FR879651453954985099011391,8822501685204524,1563,112,%B8822501685204524^WAZKLHWAZKLH^2207000000000000000?,%B8822501685204524=2901101211633093?,04/28/28,credit,0
CcS-7404,2823,US691888868797611711660644,8656273873764220,3362,351,%B8656273873764220^TTAKSPTTAKSP^3405000000000000000?,%B8656273873764220=2808101923692590?,02/25/28,credit,1
CcS-7405,2824,IT835361747628812990022453,6468998566016011,7028,399,%B6468998566016011^DCSRZRDCSRZR^2909000000000000000?,%B6468998566016011=2808101358444043?,12/27/28,credit,0
CcS-7406,2825,US342347820112105608632523,7896554478078509,8040,242,%B7896554478078509^BDPPHSBDPPHS^3311000000000000000?,%B7896554478078509=2510101678421148?,05/25/28,credit,1
CcS-7407,2826,DE714816653628050544957824,0105370115906837,2918,157,%B0105370115906837^VBEALUVBEALU^2706000000000000000?,%B0105370115906837=2301101910948763?,11/26/28,prepaid,0
CcS-7408,2827,DE845000135282334415840866,2136635026126600,8460,154,%B2136635026126600^LVLZAMLVLZAM^3303000000000000000?,%B2136635026126600=2906101950751893?,12/26/28,debit,0
CcS-7409,2828,PL133462107769890241659172,2351632255580641,8386,500,%B2351632255580641^JOMCTZJOMCTZ^3303000000000000000?,%B2351632255580641=2709101182897617?,01/28/28,debit,0
CcS-7410,2829,PT245888744363486872212922,9589775171844386,1103,971,%B9589775171844386^NYWCNUNYWCNU^3109000000000000000?,%B9589775171844386=2302101964142234?,10/25/28,prepaid,1
CcS-7411,2830,ES938666038361549122249865,0617723254429148,5451,402,%B0617723254429148^FFQDHFFFQDHF^3402000000000000000?,%B0617723254429148=3304101754058109?,01/29/28,debit,0
CcS-7412,2831,DE885781776386435586033449,4974390677429138,4058,305,%B4974390677429138^WIEMIMWIEMIM^2207000000000000000?,%B4974390677429138=2705101490353860?,06/27/28,debit,0
CcS-7413,2832,DE171854235296490880339716,7418529259946505,5399,838,%B7418529259946505^LVIGGTLVIGGT^2912000000000000000?,%B7418529259946505=2806101498816974?,03/25/28,debit,1
CcS-7414,2833,NL229287013523396663438307,8404067393408067,3661,743,%B8404067393408067^DUNQHVDUNQHV^3105000000000000000?,%B8404067393408067=2608101722753412?,02/25/28,prepaid,1
CcS-7415,2834,IT470967983641279427666435,6268849417529263,9259,623,%B6268849417529263^MGUMZAMGUMZA^3307000000000000000?,%B6268849417529263=3409101823592781?,10/29/28,premium_credit,0
CcS-7416,2835,PL277593993460044066311310,9536782428008420,6273,823,%B9536782428008420^GNYOAEGNYOAE^3012000000000000000?,%B9536782428008420=2812101962435790?,11/26/28,debit,0
CcS-7417,2836,GB743669720323500199248547,8666297570224559,1667,784,%B8666297570224559^VNMSMMVNMSMM^2211000000000000000?,%B8666297570224559=3208101676834266?,03/29/28,credit,0
CcS-7418,2837,ES477887925421199938147916,6347401324076122,3266,303,%B6347401324076122^IHWCJQIHWCJQ^2406000000000000000?,%B6347401324076122=3110101318091376?,02/26/28,debit,0
CcS-7419,2838,SE136980160121116933740192,5626063917139787,1700,378,%B5626063917139787^YXYWPQYXYWPQ^3207000000000000000?,%B5626063917139787=3205101816705369?,10/27/28,credit,0
CcS-7420,2839,PL219945211556826674213740,1391044035318116,9571,208,%B1391044035318116^EIAFJTEIAFJT^2706000000000000000?,%B1391044035318116=3105101974253493?,11/25/28,debit,1
CcS-7421,2840,IT495176664172211157252806,4071104115207404,6174,461,%B4071104115207404^IBXLBSIBXLBS^2907000000000000000?,%B4071104115207404=3310101784947847?,06/26/28,debit,0
CcS-7422,2841,GB494549463531134024735346,1070488491534162,6210,473,%B1070488491534162^OSZJWOOSZJWO^3111000000000000000?,%B1070488491534162=2809101215096496?,07/28/28,premium_credit,0
CcS-7423,2842,FR739976331852201482652341,8977562813802858,8104,375,%B8977562813802858^EOBGDFEOBGDF^2210000000000000000?,%B8977562813802858=3110101316335119?,06/27/28,credit,0
CcS-7424,2843,US346876894258521477024053,8999108243332910,6732,268,%B8999108243332910^XYGDOPXYGDOP^3103000000000000000?,%B8999108243332910=3404101703990447?,10/25/28,credit,1
CcS-7425,2844,SE124454998075896279223256,4023610958021388,8559,971,%B4023610958021388^MYAPCBMYAPCB^3304000000000000000?,%B4023610958021388=3301101369038936?,08/25/28,credit,1
CcS-7426,2845,ES516982547870674365182020,2674400008891521,8618,315,%B2674400008891521^WFULOQWFULOQ^3007000000000000000?,%B2674400008891521=2407101490321860?,09/27/28,debit,0
CcS-7427,2846,NL605735235418174651386039,6158318114137452,3931,118,%B6158318114137452^DNIVQYDNIVQY^3309000000000000000?,%B6158318114137452=3204101683777280?,01/25/28,debit,1
CcS-7428,2847,FR974831671989733406303308,0913431853295266,7463,438,%B0913431853295266^KVMWQNKVMWQN^3405000000000000000?,%B0913431853295266=3302101775365443?,06/28/28,debit,0
CcS-7429,2848,ES638646196346141959764231,5161940513228409,1526,966,%B5161940513228409^HOAIMFHOAIMF^2706000000000000000?,%B5161940513228409=2812101881253266?,04/27/28,prepaid,0
CcS-7430,2849,GB247784951932855350824613,7429102821479388,2937,812,%B7429102821479388^HSCWVNHSCWVN^2208000000000000000?,%B7429102821479388=3308101623309398?,03/27/28,credit,0
CcS-7431,2850,SE420541540568155074143697,8179564206008256,2630,241,%B8179564206008256^EWHGHEEWHGHE^2903000000000000000?,%B8179564206008256=2205101602335416?,09/25/28,debit,1
CcS-7432,2851,FR623768634612281370853467,1498939032688998,4100,820,%B1498939032688998^WJISNTWJISNT^3407000000000000000?,%B1498939032688998=2211101805256294?,07/26/28,debit,0
CcS-7433,2852,SE801192590221000758265888,8917110083071974,1596,246,%B8917110083071974^IDMNGNIDMNGN^3205000000000000000?,%B8917110083071974=2705101980285977?,10/25/28,debit,1
CcS-7434,2853,CA506811695540617961197470,7848106723671482,2897,199,%B7848106723671482^HNQSGAHNQSGA^2602000000000000000?,%B7848106723671482=3012101170678284?,12/26/28,debit,0
CcS-7435,2854,DE177070392298797677957162,0723481628695146,3043,148,%B0723481628695146^BBRZXCBBRZXC^2307000000000000000?,%B0723481628695146=2912101378903501?,10/29/28,credit,0
CcS-7436,2855,IT854201161601661968753272,0656804782270672,4000,914,%B0656804782270672^FDUYZKFDUYZK^2207000000000000000?,%B0656804782270672=3004101181641991?,12/29/28,credit,0
CcS-7437,2856,PL212862963039750035381563,6599134933449608,7454,135,%B6599134933449608^IFTUDEIFTUDE^2411000000000000000?,%B6599134933449608=2807101701969973?,05/28/28,credit,0
CcS-7438,2857,ES864149443936570911125262,9690537575398510,2027,956,%B9690537575398510^PFRKLGPFRKLG^3304000000000000000?,%B9690537575398510=2407101538498311?,06/26/28,debit,0
CcS-7439,2858,FR941278160356224281966272,8885963628418425,6769,591,%B8885963628418425^XLMRLIXLMRLI^2412000000000000000?,%B8885963628418425=3301101795335210?,04/25/28,debit,1
CcS-7440,2859,PT829314333488387476197811,1615183887952850,3644,461,%B1615183887952850^EYWNYNEYWNYN^2606000000000000000?,%B1615183887952850=2910101900702447?,12/25/28,debit,1
CcS-7441,2860,ES782562712911522808114570,0255186290858244,6963,989,%B0255186290858244^WRIBAKWRIBAK^2507000000000000000?,%B0255186290858244=2608101724770692?,11/28/28,credit,0
CcS-7442,2861,SE527198936010708640326093,0777641470615109,8203,418,%B0777641470615109^CWUUKZCWUUKZ^2406000000000000000?,%B0777641470615109=3407101440288529?,06/25/28,debit,1
CcS-7443,2862,IT462434877123908117980194,4886677442765625,2539,709,%B4886677442765625^RNYTWMRNYTWM^2909000000000000000?,%B4886677442765625=2210101336436860?,03/27/28,prepaid,0
CcS-7444,2863,GB765197536865126002428619,5969082039866414,1782,485,%B5969082039866414^AAUGMVAAUGMV^2904000000000000000?,%B5969082039866414=3303101754596887?,11/28/28,debit,0
CcS-7445,2864,ES602862034839104282212861,0303844990751391,3023,286,%B0303844990751391^JZTTMYJZTTMY^3302000000000000000?,%B0303844990751391=2908101299642770?,01/26/28,credit,0
CcS-7446,2865,DE509790077170494779315318,3230067979155824,1475,555,%B3230067979155824^EYAISFEYAISF^3208000000000000000?,%B3230067979155824=2409101436791940?,04/25/28,debit,1
CcS-7447,2866,GB252879141086322698615761,1575243033295999,4275,627,%B1575243033295999^GAUVWDGAUVWD^2403000000000000000?,%B1575243033295999=2912101810394929?,04/27/28,debit,0
CcS-7448,2867,DE548224806635093247401189,4046477480127350,5824,189,%B4046477480127350^HFUABNHFUABN^2301000000000000000?,%B4046477480127350=2702101166905744?,05/27/28,prepaid,0
CcS-7449,2868,ES503886886482356973822410,4972053814818329,6501,388,%B4972053814818329^TFCIEJTFCIEJ^2211000000000000000?,%B4972053814818329=2806101177206228?,05/26/28,credit,0
CcS-7450,2869,NL542471683189057196629375,0060363187194453,4709,584,%B0060363187194453^JGPUSBJGPUSB^2611000000000000000?,%B0060363187194453=3210101761790228?,06/28/28,credit,0
CcS-7451,2870,DE385677775031960497364014,9964055244504030,2028,467,%B9964055244504030^JEWBSGJEWBSG^2703000000000000000?,%B9964055244504030=2511101587158905?,01/26/28,debit,0
CcS-7452,2871,IT258232787190412820819568,1946341505967138,7492,439,%B1946341505967138^OSSNSXOSSNSX^3305000000000000000?,%B1946341505967138=3001101829361140?,06/28/28,debit,0
CcS-7453,2872,IT583339160431803539931988,8410616836115486,7187,936,%B8410616836115486^GXKPYWGXKPYW^3403000000000000000?,%B8410616836115486=2201101677409975?,06/27/28,debit,0
CcS-7454,2873,PT477822181619952051680348,0271246780124120,9210,580,%B0271246780124120^KJRXGZKJRXGZ^2704000000000000000?,%B0271246780124120=2302101685688317?,03/27/28,debit,0
CcS-7455,2874,ES131942150572962562423463,1512044123217041,3876,177,%B1512044123217041^HLYMOMHLYMOM^2306000000000000000?,%B1512044123217041=2804101660114027?,06/29/28,credit,0
CcS-7456,2875,SE824237352035846073782352,8642965793133603,2231,553,%B8642965793133603^NBXBKPNBXBKP^2702000000000000000?,%B8642965793133603=2701101837977381?,08/28/28,debit,0
CcS-7457,2876,PT136645022108376502400980,2338025048181903,3498,987,%B2338025048181903^HGVHMXHGVHMX^3110000000000000000?,%B2338025048181903=2410101961602652?,01/28/28,credit,0
CcS-7458,2877,CA455757688141537935033573,9021883557262154,3928,733,%B9021883557262154^DUAVELDUAVEL^2911000000000000000?,%B9021883557262154=2810101552873221?,06/28/28,premium_credit,0
CcS-7459,2878,ES807534187175093419401011,0882692947303004,7988,554,%B0882692947303004^WYIFOVWYIFOV^3308000000000000000?,%B0882692947303004=2612101436380702?,03/28/28,credit,0
CcS-7460,2879,DE661214295541751051338996,8590095172955861,4696,937,%B8590095172955861^NYTFZHNYTFZH^3103000000000000000?,%B8590095172955861=2606101456246443?,07/27/28,debit,0
CcS-7461,2880,PT789739725393130040229306,4876284292580125,8115,885,%B4876284292580125^YYDKKDYYDKKD^2701000000000000000?,%B4876284292580125=2309101833905483?,12/27/28,debit,0
CcS-7462,2881,CA203436085778477597497923,5954733280165699,9072,762,%B5954733280165699^TEIQRETEIQRE^2711000000000000000?,%B5954733280165699=2909101919246425?,08/28/28,credit,0
CcS-7463,2882,FR784441867199624689055198,7130070963738244,1357,210,%B7130070963738244^ZWBSKTZWBSKT^2501000000000000000?,%B7130070963738244=3304101216882705?,09/27/28,credit,0
CcS-7464,2883,ES978344480760103980263565,6588516493387709,6399,197,%B6588516493387709^HFKXHIHFKXHI^2503000000000000000?,%B6588516493387709=2702101407904850?,08/29/28,credit,0
CcS-7465,2884,PL676236163802761464904920,7300431359471369,2902,857,%B7300431359471369^ZPNZHZZPNZHZ^2211000000000000000?,%B7300431359471369=3206101878286879?,12/29/28,debit,0
CcS-7466,2885,DE243661101886273494185501,0647354720678602,3925,411,%B0647354720678602^GTYSHRGTYSHR^2612000000000000000?,%B0647354720678602=2205101191736686?,05/26/28,debit,0
CcS-7467,2886,CA757780734946246517888192,4319609456676445,5729,586,%B4319609456676445^MDNKZEMDNKZE^2306000000000000000?,%B4319609456676445=2507101384385108?,08/29/28,credit,0
CcS-7468,2887,NL306806424539809591685987,0469307134510920,8497,340,%B0469307134510920^OZUEICOZUEIC^2810000000000000000?,%B0469307134510920=3011101706579612?,07/26/28,credit,0
CcS-7469,2888,PL957647564770797659263742,0770594283472363,7389,629,%B0770594283472363^WRUKYMWRUKYM^3008000000000000000?,%B0770594283472363=3402101796101253?,06/28/28,credit,0
CcS-7470,2889,NL395709096272501650963082,9254696040744197,5693,867,%B9254696040744197^SGQHZOSGQHZO^3408000000000000000?,%B9254696040744197=3310101857090113?,10/27/28,debit,0
CcS-7471,2890,SE236769827139352097868528,8324138404476297,5541,373,%B8324138404476297^RSEYJVRSEYJV^3405000000000000000?,%B8324138404476297=2311101651198455?,10/25/28,debit,1
CcS-7472,2891,US381320630550674967629918,8089589040907410,1795,684,%B8089589040907410^CABKRVCABKRV^2710000000000000000?,%B8089589040907410=3101101543178882?,05/25/28,debit,1
CcS-7473,2892,NL888307438810783064449861,6997554351791883,6637,547,%B6997554351791883^UNTDCXUNTDCX^2603000000000000000?,%B6997554351791883=3411101244741026?,07/28/28,credit,0
CcS-7474,2893,ES353412400069332131695514,4954144296889860,2998,430,%B4954144296889860^ZTQISZZTQISZ^3004000000000000000?,%B4954144296889860=3209101285843154?,07/27/28,debit,0
CcS-7475,2894,ES541782371101843115636072,4689121890506109,4135,588,%B4689121890506109^TGRQIJTGRQIJ^2303000000000000000?,%B4689121890506109=2806101265307289?,08/29/28,debit,0
CcS-7476,2895,GB336241843920629099772921,8734849655867423,6393,308,%B8734849655867423^ENNJWCENNJWC^2709000000000000000?,%B8734849655867423=2911101805631153?,12/25/28,credit,1
CcS-7477,2896,FR343424374631738578886276,4725402633965401,4061,511,%B4725402633965401^VGNXQJVGNXQJ^2403000000000000000?,%B4725402633965401=2305101329977388?,03/25/28,debit,1
CcS-7478,2897,IT823165597003748255315927,7532391939997259,8774,683,%B7532391939997259^JHOGTCJHOGTC^2701000000000000000?,%B7532391939997259=3405101406157238?,08/26/28,debit,0
CcS-7479,2898,IT229029579417138620583620,0453415432080729,3483,834,%B0453415432080729^KDWNLIKDWNLI^2809000000000000000?,%B0453415432080729=2310101401076994?,07/29/28,debit,0
CcS-7480,2899,FR240160563314637762987908,5113452434408384,9085,747,%B5113452434408384^EFNEQXEFNEQX^3103000000000000000?,%B5113452434408384=2302101240290332?,10/29/28,debit,0
CcS-7481,2900,ES196736583327732587664182,1837242910956809,1435,247,%B1837242910956809^PEEPFOPEEPFO^3402000000000000000?,%B1837242910956809=3002101299230980?,07/27/28,credit,0
CcS-7482,2901,DE290960722806129721627357,1152241854455213,3620,731,%B1152241854455213^SBOAXQSBOAXQ^2212000000000000000?,%B1152241854455213=2509101299084242?,02/28/28,credit,0
CcS-7483,2902,NL913976548325185218925828,2980420866848547,1504,309,%B2980420866848547^OFCEGROFCEGR^2705000000000000000?,%B2980420866848547=2502101567072766?,09/27/28,credit,0
CcS-7484,2903,CA159263309244369936554788,4936295485117100,9783,119,%B4936295485117100^LBAQCFLBAQCF^2409000000000000000?,%B4936295485117100=2404101564901002?,11/27/28,credit,0
CcS-7485,2904,FR940270076158751228844728,3680374613115535,1608,526,%B3680374613115535^XHUWAFXHUWAF^2702000000000000000?,%B3680374613115535=2410101459452659?,07/28/28,debit,0
CcS-7486,2905,SE728316060407050137276590,8906440939917144,7846,293,%B8906440939917144^SVPQFXSVPQFX^3002000000000000000?,%B8906440939917144=2902101738248082?,05/25/28,debit,1
CcS-7487,2906,SE799751921206486001668227,9731424866902141,8949,897,%B9731424866902141^RGAUIFRGAUIF^2201000000000000000?,%B9731424866902141=2805101615743122?,02/29/28,debit,0
CcS-7488,2907,ES592503543903093265592526,8296348725948177,4074,172,%B8296348725948177^WRMWTSWRMWTS^3209000000000000000?,%B8296348725948177=3411101702042515?,03/25/28,credit,1
CcS-7489,2908,ES269103765963739748699515,0675611176375382,3370,693,%B0675611176375382^ZGQAIKZGQAIK^3405000000000000000?,%B0675611176375382=3411101674886873?,07/27/28,debit,0
CcS-7490,2909,SE384601387983627678532257,2107282408581708,8533,602,%B2107282408581708^CMYAQDCMYAQD^3112000000000000000?,%B2107282408581708=3209101845885854?,01/25/28,prepaid,1
CcS-7491,2910,CA717806981353890890040985,5938655663817818,2026,743,%B5938655663817818^EXGSAFEXGSAF^2205000000000000000?,%B5938655663817818=2610101545979807?,03/25/28,prepaid,1
CcS-7492,2911,CA435182474933429343201891,8415738812265341,6649,201,%B8415738812265341^QQPJXPQQPJXP^2309000000000000000?,%B8415738812265341=3105101244862891?,04/28/28,debit,0
CcS-7493,2912,FR628283246616619871578069,6312831695049899,7814,332,%B6312831695049899^ODPIWWODPIWW^2209000000000000000?,%B6312831695049899=2704101905765000?,12/25/28,credit,1
CcS-7494,2913,ES208296237033217517767821,1575483499627859,9680,351,%B1575483499627859^UGJYEVUGJYEV^2712000000000000000?,%B1575483499627859=2411101475057478?,04/25/28,debit,1
CcS-7495,2914,CA906125889105673680246400,5763435670377658,9294,700,%B5763435670377658^DYFLHNDYFLHN^3209000000000000000?,%B5763435670377658=2803101955684206?,06/28/28,debit,0
CcS-7496,2915,CA816237665850475486601942,4124429210668577,2742,595,%B4124429210668577^AMDMJYAMDMJY^2310000000000000000?,%B4124429210668577=3406101446307995?,05/28/28,debit,0
CcS-7497,2916,PL884567221510080645982561,5313879191552185,3082,209,%B5313879191552185^CQZALSCQZALS^2310000000000000000?,%B5313879191552185=3207101152631081?,07/26/28,debit,0
CcS-7498,2917,FR855468613018677140840680,0501845567616715,6043,691,%B0501845567616715^ZOXWMSZOXWMS^3409000000000000000?,%B0501845567616715=2307101680268825?,01/27/28,credit,0
CcS-7499,2918,US190692886297537203860005,8969290988345520,8170,723,%B8969290988345520^CYWLGKCYWLGK^2209000000000000000?,%B8969290988345520=2811101753537202?,05/26/28,credit,0
CcS-7500,2919,IT388226582668585154585442,5638509962810237,7535,776,%B5638509962810237^OHUUBFOHUUBF^2207000000000000000?,%B5638509962810237=2309101890459108?,05/29/28,debit,0
CcS-7501,2920,PT679267616029358858565203,8980153234614193,1592,697,%B8980153234614193^ASQNRXASQNRX^3407000000000000000?,%B8980153234614193=2205101266290148?,12/26/28,debit,0
CcS-7502,2921,GB314704725697209731050572,7823212277555552,2994,564,%B7823212277555552^MOJVXDMOJVXD^3304000000000000000?,%B7823212277555552=3307101224656480?,04/25/28,credit,1
CcS-7503,2922,SE552503753502601235803350,3448475879796653,9979,585,%B3448475879796653^NYRFYANYRFYA^3306000000000000000?,%B3448475879796653=2507101193349714?,01/28/28,debit,0
CcS-7504,2923,GB389020368351672011564904,3840380788879703,3887,412,%B3840380788879703^WLYSOBWLYSOB^3409000000000000000?,%B3840380788879703=2909101736550306?,03/27/28,debit,0
CcS-7505,2924,ES687917509874301447442654,6163504838980049,6228,413,%B6163504838980049^MEMBDPMEMBDP^2812000000000000000?,%B6163504838980049=2702101861064278?,09/28/28,credit,0
CcS-7506,2925,PT452682684776049885738116,8955037640616482,9081,480,%B8955037640616482^VUZODPVUZODP^3304000000000000000?,%B8955037640616482=3105101217827184?,10/29/28,debit,0
CcS-7507,2926,US773181844645222023532742,3952712290911796,8393,341,%B3952712290911796^RXWGZGRXWGZG^2304000000000000000?,%B3952712290911796=3209101642685485?,01/29/28,credit,0
CcS-7508,2927,SE112837862083269868677711,7306818554654109,8278,287,%B7306818554654109^AELRPFAELRPF^2202000000000000000?,%B7306818554654109=3401101818324832?,04/27/28,debit,0
CcS-7509,2928,NL309077420366458611114947,8601747823229966,8281,940,%B8601747823229966^HRZARBHRZARB^2307000000000000000?,%B8601747823229966=2908101636491836?,01/29/28,premium_credit,0
CcS-7510,2929,NL427593932847325551544249,8722914196652068,3413,869,%B8722914196652068^HNTWXAHNTWXA^3407000000000000000?,%B8722914196652068=2909101370827592?,04/26/28,credit,0
CcS-7511,2930,SE266886989823017888074253,6364585497238647,6710,255,%B6364585497238647^JHQREDJHQRED^3006000000000000000?,%B6364585497238647=2910101160721896?,12/29/28,debit,0
CcS-7512,2931,SE940982020080440841683481,3333408857321429,6688,178,%B3333408857321429^XNTMAWXNTMAW^2612000000000000000?,%B3333408857321429=2710101996767236?,08/27/28,debit,0
CcS-7513,2932,US915298973479907563599399,0246881883228970,8687,832,%B0246881883228970^FYBWORFYBWOR^3007000000000000000?,%B0246881883228970=2210101975641408?,10/29/28,credit,0
CcS-7514,2933,ES333672249963610536004012,8776938406369410,2768,898,%B8776938406369410^SPITNLSPITNL^2901000000000000000?,%B8776938406369410=3311101687627237?,12/26/28,credit,0
CcS-7515,2934,CA337624248220422311723148,7255823672347031,1142,976,%B7255823672347031^DRNBMWDRNBMW^3407000000000000000?,%B7255823672347031=2407101390398470?,08/29/28,credit,0
CcS-7516,2935,PT858912305134359958809740,1432360310591182,3958,280,%B1432360310591182^ZZPKLMZZPKLM^2610000000000000000?,%B1432360310591182=3012101655829365?,04/29/28,debit,0
CcS-7517,2936,PL216282026903626368942023,8955026813411354,7627,762,%B8955026813411354^NGPTOKNGPTOK^3411000000000000000?,%B8955026813411354=2511101718177900?,05/28/28,debit,0
CcS-7518,2937,GB164741083880651934469121,3206288708804972,5981,203,%B3206288708804972^ISEHFLISEHFL^2301000000000000000?,%B3206288708804972=3405101799145988?,06/25/28,debit,1
CcS-7519,2938,ES186833522868137827727580,2422658870459318,8899,726,%B2422658870459318^WHYNJEWHYNJE^2503000000000000000?,%B2422658870459318=3302101548280290?,11/25/28,credit,1
CcS-7520,2939,US959779625977377046785947,2232920510347261,8206,744,%B2232920510347261^AQSJBXAQSJBX^2210000000000000000?,%B2232920510347261=3208101570681133?,08/27/28,premium_credit,0
CcS-7521,2940,NL348084849586357436236405,8991374563052457,1679,145,%B8991374563052457^ZPLWQBZPLWQB^2509000000000000000?,%B8991374563052457=3003101740848370?,04/27/28,debit,0
CcS-7522,2941,NL802391245115013042903019,4297443506643346,5322,950,%B4297443506643346^XRBTTFXRBTTF^3012000000000000000?,%B4297443506643346=2910101664080440?,04/27/28,debit,0
CcS-7523,2942,DE505354541936341243218183,3099832160419164,6095,602,%B3099832160419164^HBWQIWHBWQIW^3202000000000000000?,%B3099832160419164=3004101181396554?,06/29/28,credit,0
CcS-7524,2943,PL204639309897801770945456,1680000313922817,3927,235,%B1680000313922817^WJWLJSWJWLJS^2808000000000000000?,%B1680000313922817=2410101573048600?,09/25/28,prepaid,1
CcS-7525,2944,SE542585540407073231238912,0834672978410314,9596,436,%B0834672978410314^LIPRRQLIPRRQ^2510000000000000000?,%B0834672978410314=2503101668973985?,04/25/28,debit,1
CcS-7526,2945,NL742284859707082876061188,4178506246516870,7498,357,%B4178506246516870^BAOJAVBAOJAV^2504000000000000000?,%B4178506246516870=3009101596875824?,12/29/28,debit,0
CcS-7527,2946,PT224505031106161638024665,7053857202590220,5122,305,%B7053857202590220^ZEWDWCZEWDWC^2610000000000000000?,%B7053857202590220=3411101997920656?,09/27/28,credit,0
CcS-7528,2947,PT333878649135748353592736,5272464740479509,8423,274,%B5272464740479509^NCVGJWNCVGJW^3401000000000000000?,%B5272464740479509=2812101987333487?,02/27/28,credit,0
CcS-7529,2948,PT862866307983084514020085,8257369051692257,8933,523,%B8257369051692257^ETLMKEETLMKE^2206000000000000000?,%B8257369051692257=3210101108936212?,02/28/28,debit,0
CcS-7530,2949,IT694839759442394892480430,8038847833384937,8682,838,%B8038847833384937^WDUVHTWDUVHT^2912000000000000000?,%B8038847833384937=3106101133825741?,09/25/28,credit,1
CcS-7531,2950,NL680365918921025901800825,8426580366635679,5916,524,%B8426580366635679^DAYLPZDAYLPZ^3007000000000000000?,%B8426580366635679=3301101393505081?,04/28/28,credit,0
CcS-7532,2951,FR443026163626962586407318,1791554662738636,5921,511,%B1791554662738636^UMFNUTUMFNUT^2503000000000000000?,%B1791554662738636=2906101703039587?,05/25/28,debit,1
CcS-7533,2952,ES302613987776576057451115,7079954363626559,9756,831,%B7079954363626559^SUSZEWSUSZEW^2411000000000000000?,%B7079954363626559=3405101878581005?,07/28/28,credit,0
CcS-7534,2953,IT713686525773431401649757,1179137899847379,4259,163,%B1179137899847379^PMZWDXPMZWDX^2907000000000000000?,%B1179137899847379=2412101350702745?,10/26/28,credit,0
CcS-7535,2954,NL988767156825734196758288,5438688559780310,6978,367,%B5438688559780310^ZYBRJXZYBRJX^2407000000000000000?,%B5438688559780310=3409101805195463?,06/29/28,debit,0
CcS-7536,2955,ES886777256336175849906393,2375894448655449,9287,438,%B2375894448655449^CEJYWWCEJYWW^2912000000000000000?,%B2375894448655449=2203101195938691?,05/26/28,prepaid,0
CcS-7537,2956,SE704527160884159431471625,8642980481935072,6427,118,%B8642980481935072^IKKZMGIKKZMG^2605000000000000000?,%B8642980481935072=3210101937837879?,06/27/28,debit,0
CcS-7538,2957,PT431941787043369930279616,3186318883492686,1723,914,%B3186318883492686^IFUBZOIFUBZO^2507000000000000000?,%B3186318883492686=2206101131945436?,03/29/28,debit,0
CcS-7539,2958,FR682277950296188151098406,6922295633171938,8042,701,%B6922295633171938^ZBGVSMZBGVSM^2511000000000000000?,%B6922295633171938=3104101834875170?,10/25/28,credit,1
CcS-7540,2959,PL493257554403756873624262,4570335298707384,5281,449,%B4570335298707384^XWVYIIXWVYII^3302000000000000000?,%B4570335298707384=2512101653891573?,08/25/28,prepaid,1
CcS-7541,2960,ES367581536039359553472509,6459391411007787,5779,373,%B6459391411007787^PJNWGBPJNWGB^2301000000000000000?,%B6459391411007787=3210101562267230?,02/25/28,debit,1
CcS-7542,2961,IT227464286766775345848879,3151188785339974,6330,805,%B3151188785339974^WFGCVZWFGCVZ^2902000000000000000?,%B3151188785339974=2711101567854773?,04/25/28,credit,1
CcS-7543,2962,PL902836554024113608075061,1185001081022687,9611,918,%B1185001081022687^YFIUJOYFIUJO^2412000000000000000?,%B1185001081022687=2301101455465090?,06/28/28,debit,0
CcS-7544,2963,SE668507607178446040770166,2681808695563214,3102,199,%B2681808695563214^LKMUVVLKMUVV^2802000000000000000?,%B2681808695563214=2407101485249356?,01/28/28,credit,0
CcS-7545,2964,DE539762264896005447783462,0567975403816243,9337,133,%B0567975403816243^LJCNMVLJCNMV^2507000000000000000?,%B0567975403816243=2408101771660201?,03/25/28,credit,1
CcS-7546,2965,GB673979336220636146893521,7282127366597079,2251,541,%B7282127366597079^WJQGEOWJQGEO^2203000000000000000?,%B7282127366597079=2601101858719650?,10/25/28,prepaid,1
CcS-7547,2966,CA531421120780471040587536,0555727162083394,9859,699,%B0555727162083394^QRSPNQQRSPNQ^2201000000000000000?,%B0555727162083394=2310101915919751?,04/28/28,debit,0
CcS-7548,2967,PT966169346910490511391827,3906468647295303,9197,775,%B3906468647295303^ZVXXAHZVXXAH^2206000000000000000?,%B3906468647295303=3112101698961550?,05/26/28,debit,0
CcS-7549,2968,PL226330703206619470866172,6382557587518906,8202,427,%B6382557587518906^TQTNRYTQTNRY^2508000000000000000?,%B6382557587518906=3207101110224179?,10/27/28,prepaid,0
CcS-7550,2969,SE342503866390026648188534,7847827687117116,2148,964,%B7847827687117116^FQQXMKFQQXMK^3302000000000000000?,%B7847827687117116=3310101562357115?,02/25/28,debit,1
CcS-7551,2970,GB687838129432388467188153,0148495432174216,9357,698,%B0148495432174216^YIYHOYYIYHOY^2702000000000000000?,%B0148495432174216=2305101291048898?,01/28/28,debit,0
CcS-7552,2971,GB844201602007537680945596,3435337065269293,7527,344,%B3435337065269293^ZPINRTZPINRT^2606000000000000000?,%B3435337065269293=3305101434998910?,12/29/28,debit,0
CcS-7553,2972,CA270949091077799030369609,9119107436361037,8453,993,%B9119107436361037^CZZSZUCZZSZU^3303000000000000000?,%B9119107436361037=2405101194109691?,08/29/28,debit,0
CcS-7554,2973,NL455038732780974294930763,0825172609094984,2315,687,%B0825172609094984^QUSIKIQUSIKI^3402000000000000000?,%B0825172609094984=3205101553975500?,01/28/28,debit,0
CcS-7555,2974,CA694034703996406017877563,8426665362869833,6336,884,%B8426665362869833^XWBSTMXWBSTM^3208000000000000000?,%B8426665362869833=2307101211272778?,08/28/28,credit,0
CcS-7556,2975,NL141936357473181651265564,7640681547455055,6671,191,%B7640681547455055^XNCPPNXNCPPN^2212000000000000000?,%B7640681547455055=3403101790212413?,07/27/28,credit,0
CcS-7557,2976,IT249214445272185602671448,2176346687184652,2475,379,%B2176346687184652^PCQVWJPCQVWJ^2404000000000000000?,%B2176346687184652=2611101885988751?,11/27/28,debit,0
CcS-7558,2977,IT484725893675053222099014,6438400975063142,3380,504,%B6438400975063142^UVWODNUVWODN^2508000000000000000?,%B6438400975063142=3111101775573208?,06/28/28,debit,0
CcS-7559,2978,DE482453306735509358383667,5200130363108865,5010,664,%B5200130363108865^CEVFVUCEVFVU^2301000000000000000?,%B5200130363108865=2605101340579142?,01/28/28,credit,0
CcS-7560,2979,PT389659736627912010545263,4444024153266363,4201,924,%B4444024153266363^YEDZSTYEDZST^2306000000000000000?,%B4444024153266363=2711101177303449?,06/29/28,debit,0
CcS-7561,2980,PL632468404068535035123520,8592664699702608,7647,615,%B8592664699702608^ICXMHUICXMHU^2905000000000000000?,%B8592664699702608=2506101585737026?,08/26/28,debit,0
CcS-7562,2981,CA707350503853933968563487,4214730195882483,1276,553,%B4214730195882483^MCYOLJMCYOLJ^2812000000000000000?,%B4214730195882483=2506101908108065?,07/25/28,credit,1
CcS-7563,2982,DE147211304614350013045936,6991126418121580,1624,124,%B6991126418121580^HGNFAWHGNFAW^2308000000000000000?,%B6991126418121580=2811101574658257?,09/25/28,debit,1
CcS-7564,2983,PL458395112918341776667357,5450123918830415,8223,988,%B5450123918830415^PGCADRPGCADR^2804000000000000000?,%B5450123918830415=2806101192012372?,03/27/28,credit,0
CcS-7565,2984,PT843824040501828346399587,3979089061176816,8636,711,%B3979089061176816^NNHMNZNNHMNZ^2902000000000000000?,%B3979089061176816=2305101201965933?,03/25/28,debit,1
CcS-7566,2985,DE535822948244717042480595,8973351721741090,9348,739,%B8973351721741090^QVYUQWQVYUQW^3310000000000000000?,%B8973351721741090=3205101886018215?,09/28/28,credit,0
CcS-7567,2986,GB699461197542379682561303,4397539878919708,5834,648,%B4397539878919708^SOCTZLSOCTZL^2607000000000000000?,%B4397539878919708=2309101636985977?,04/29/28,prepaid,0
CcS-7568,2987,ES350527766082710078261729,2708363327327862,5667,579,%B2708363327327862^OWWDRQOWWDRQ^3409000000000000000?,%B2708363327327862=3208101965872583?,01/27/28,debit,0
CcS-7569,2988,PT228040193929450891780128,8593639507253219,2380,785,%B8593639507253219^OUFGKIOUFGKI^3101000000000000000?,%B8593639507253219=3411101847444856?,02/28/28,debit,0
CcS-7570,2989,NL516951590657108896018414,5352436736999445,1675,717,%B5352436736999445^XVSRAOXVSRAO^3210000000000000000?,%B5352436736999445=2803101396125398?,11/26/28,debit,0
CcS-7571,2990,IT464672310976744082033799,1253196513767559,3508,950,%B1253196513767559^VPHRSHVPHRSH^2703000000000000000?,%B1253196513767559=3304101299026534?,02/29/28,debit,0
CcS-7572,2991,SE814037732352282027835976,9074117813796311,7061,269,%B9074117813796311^HPRTJAHPRTJA^2211000000000000000?,%B9074117813796311=3007101578896371?,01/25/28,credit,1
CcS-7573,2992,FR542303410477876090745339,9523358595914660,2464,918,%B9523358595914660^JKNUFWJKNUFW^3302000000000000000?,%B9523358595914660=2609101897798803?,10/27/28,credit,0
CcS-7574,2993,CA937367649057575158128603,5289376670738785,7370,147,%B5289376670738785^FLJMJCFLJMJC^3203000000000000000?,%B5289376670738785=3105101800250996?,02/28/28,credit,0
CcS-7575,2994,CA426495815505662763396145,6193207937619844,8744,919,%B6193207937619844^ELTNGGELTNGG^2610000000000000000?,%B6193207937619844=2202101956620353?,01/28/28,debit,0
CcS-7576,2995,FR230281461064605567894349,9040742677685775,8048,226,%B9040742677685775^EAPPFYEAPPFY^2702000000000000000?,%B9040742677685775=3403101167472701?,12/26/28,debit,0
CcS-7577,2996,PT468611011486493539627726,8310473008261984,4681,181,%B8310473008261984^RRXVNJRRXVNJ^2706000000000000000?,%B8310473008261984=3402101170081400?,05/27/28,debit,0
CcS-7578,2997,CA792319544750099427145277,5032709446733608,9707,150,%B5032709446733608^PZLVVJPZLVVJ^2811000000000000000?,%B5032709446733608=3011101600479542?,06/29/28,credit,0
CcS-7579,2998,DE802279390774163795691432,5466318569684070,5784,367,%B5466318569684070^TNOYKWTNOYKW^2503000000000000000?,%B5466318569684070=2804101333596388?,05/28/28,credit,0
CcS-7580,2999,PT815268202893266388167790,5332308392198001,6907,893,%B5332308392198001^CHMEPGCHMEPG^3007000000000000000?,%B5332308392198001=2307101400773126?,01/27/28,credit,0
CcS-7581,3000,IT476601122233822835949274,1051659885699336,9128,509,%B1051659885699336^QIKMPFQIKMPF^3210000000000000000?,%B1051659885699336=2906101438777739?,02/27/28,credit,0
CcS-7582,3001,US726939689045395075934713,3688191171486817,7355,976,%B3688191171486817^AXXABEAXXABE^2901000000000000000?,%B3688191171486817=2806101152608070?,12/29/28,credit,0
CcS-7583,3002,IT875813994974498954205983,6643762074627548,6744,251,%B6643762074627548^DOBTTVDOBTTV^2911000000000000000?,%B6643762074627548=2808101849320239?,05/27/28,credit,0
CcS-7584,3003,PT131131572234254793585947,4628814268075335,5413,237,%B4628814268075335^TGMPFITGMPFI^2901000000000000000?,%B4628814268075335=2710101273232854?,12/27/28,credit,0
CcS-7585,3004,SE916957142397186027196029,2352019081810983,9950,544,%B2352019081810983^FTOCFXFTOCFX^2208000000000000000?,%B2352019081810983=2304101255084185?,02/25/28,debit,1
CcS-7586,3005,CA151913509660987161349266,0689683932038428,5733,512,%B0689683932038428^RQTLOYRQTLOY^2711000000000000000?,%B0689683932038428=3405101648407797?,11/27/28,debit,0
CcS-7587,3006,GB186681237011116565905385,6537358309786758,3258,487,%B6537358309786758^JAWMOZJAWMOZ^2712000000000000000?,%B6537358309786758=2603101618499434?,09/26/28,credit,0
CcS-7588,3007,IT774967479847806611762932,4141060126684188,2815,289,%B4141060126684188^VZTAVNVZTAVN^2505000000000000000?,%B4141060126684188=2304101573047363?,04/26/28,debit,0
CcS-7589,3008,NL684905448228789976149640,2681929473156490,2301,811,%B2681929473156490^AJHQYDAJHQYD^2410000000000000000?,%B2681929473156490=3207101467945777?,04/26/28,debit,0
CcS-7590,3009,NL675520654259877706061291,6986616868562235,9146,727,%B6986616868562235^GUFUBKGUFUBK^3208000000000000000?,%B6986616868562235=3001101387848939?,08/28/28,credit,0
CcS-7591,3010,DE664753909112133482593636,0839302754127649,8594,396,%B0839302754127649^GBXNJUGBXNJU^3406000000000000000?,%B0839302754127649=2505101408825859?,08/28/28,debit,0
CcS-7592,3011,GB270477551371526877815818,9128946635545005,9426,674,%B9128946635545005^MJKQEJMJKQEJ^2303000000000000000?,%B9128946635545005=2301101118489204?,11/26/28,debit,0
CcS-7593,3012,NL785516933818859630880362,9407519896457944,4899,664,%B9407519896457944^FIXFKKFIXFKK^2607000000000000000?,%B9407519896457944=2203101941028354?,09/29/28,credit,0
CcS-7594,3013,DE570140552324892159089227,0158769230703662,2696,297,%B0158769230703662^GUELNMGUELNM^2704000000000000000?,%B0158769230703662=2401101142771728?,04/29/28,credit,0
CcS-7595,3014,PL372552597821996780003265,4074589995324067,4847,868,%B4074589995324067^ZDCGZEZDCGZE^3310000000000000000?,%B4074589995324067=2511101935841692?,08/29/28,credit,0
CcS-7596,3015,PL743800473862554709365622,5361934940381434,5778,385,%B5361934940381434^AURXAZAURXAZ^2706000000000000000?,%B5361934940381434=2501101594990248?,12/25/28,credit,1
CcS-7597,3016,US758448057098758232400102,4364296971973671,1870,915,%B4364296971973671^ZDMRSTZDMRST^2205000000000000000?,%B4364296971973671=3009101895092787?,12/28/28,debit,0
CcS-7598,3017,IT767137907712894649110564,1726719431765509,5434,216,%B1726719431765509^CTXGODCTXGOD^2710000000000000000?,%B1726719431765509=2203101906128705?,02/28/28,debit,0
CcS-7599,3018,CA719987126819675572790151,9010414204249639,2585,191,%B9010414204249639^WVTTWMWVTTWM^2202000000000000000?,%B9010414204249639=2512101110753801?,07/27/28,debit,0
CcS-7600,3019,CA672238811544680444857755,2890762106821456,4758,419,%B2890762106821456^PELKWJPELKWJ^3405000000000000000?,%B2890762106821456=2608101784931187?,03/27/28,debit,0
CcS-7601,3020,PT160887301028547929240621,1837522171937191,8073,414,%B1837522171937191^HDRWNKHDRWNK^2212000000000000000?,%B1837522171937191=3101101912666549?,03/26/28,debit,0
CcS-7602,3021,NL458624148940751582469104,3090897937088337,6867,773,%B3090897937088337^JREMFMJREMFM^2403000000000000000?,%B3090897937088337=3102101664330674?,08/29/28,debit,0
CcS-7603,3022,PT139364457385738800626006,7051402717768668,7910,657,%B7051402717768668^YKWGDYYKWGDY^2405000000000000000?,%B7051402717768668=2411101105437963?,03/25/28,prepaid,1
CcS-7604,3023,GB684381319354995104229425,7943193358924038,6614,915,%B7943193358924038^DBCBYBDBCBYB^2505000000000000000?,%B7943193358924038=2709101300445923?,11/28/28,credit,0
CcS-7605,3024,SE509735296552019920786628,0641006144830167,1541,796,%B0641006144830167^UGHHNLUGHHNL^2603000000000000000?,%B0641006144830167=2908101973482291?,09/29/28,credit,0
CcS-7606,3025,NL190590955669269110118201,8091873035153937,5114,688,%B8091873035153937^ZPBKIEZPBKIE^2206000000000000000?,%B8091873035153937=3401101322733863?,11/29/28,debit,0
CcS-7607,3026,US881388609441600909633837,1339639214388832,8177,886,%B1339639214388832^AARCDKAARCDK^2204000000000000000?,%B1339639214388832=3111101560625643?,09/28/28,debit,0
CcS-7608,3027,SE730023527722500496018027,5381079393187195,9265,512,%B5381079393187195^FIBIICFIBIIC^2206000000000000000?,%B5381079393187195=2509101465892123?,10/26/28,credit,0
CcS-7609,3028,IT939612983656610956118460,7035459365592086,8486,842,%B7035459365592086^FYEKKSFYEKKS^2303000000000000000?,%B7035459365592086=2512101464343149?,11/27/28,credit,0
CcS-7610,3029,DE934096124893779331704759,1965356214067366,7144,419,%B1965356214067366^KOEEPKKOEEPK^2906000000000000000?,%B1965356214067366=2408101542270147?,02/29/28,credit,0
CcS-7611,3030,ES912803921338955557302704,0328237719401849,5212,787,%B0328237719401849^UGFLKZUGFLKZ^2607000000000000000?,%B0328237719401849=2908101547521512?,07/25/28,credit,1
CcS-7612,3031,DE102048200034796931110532,6441781918342305,2808,740,%B6441781918342305^KHCUVUKHCUVU^3410000000000000000?,%B6441781918342305=3010101738773138?,12/25/28,credit,1
CcS-7613,3032,CA828302800447071079149528,3501010641523549,4995,941,%B3501010641523549^JBUSQRJBUSQR^2201000000000000000?,%B3501010641523549=2509101635951053?,07/26/28,credit,0
CcS-7614,3033,GB846491247006027845720818,5686658765776813,4390,163,%B5686658765776813^HEPQLIHEPQLI^3011000000000000000?,%B5686658765776813=2812101822595197?,10/29/28,debit,0
CcS-7615,3034,DE542893732031817996532941,7957590382420289,1850,619,%B7957590382420289^UWQHWWUWQHWW^2409000000000000000?,%B7957590382420289=3101101939064499?,12/27/28,premium_credit,0
CcS-7616,3035,US692657205579285023256153,0348378590268113,1621,796,%B0348378590268113^MEIYWYMEIYWY^2310000000000000000?,%B0348378590268113=2407101751216715?,10/27/28,credit,0
CcS-7617,3036,FR651484791401279233838732,2002261434649823,9975,974,%B2002261434649823^OIHNIJOIHNIJ^3308000000000000000?,%B2002261434649823=2212101692679260?,06/29/28,debit,0
CcS-7618,3037,NL836762340925243133275082,3830015324246765,9791,908,%B3830015324246765^VMBCIPVMBCIP^2906000000000000000?,%B3830015324246765=2410101412964930?,01/27/28,debit,0
CcS-7619,3038,US816431471050873693596819,1122839445146764,8101,834,%B1122839445146764^OAHWHTOAHWHT^2705000000000000000?,%B1122839445146764=2703101570815345?,02/28/28,credit,0
CcS-7620,3039,ES713794810953568021497472,5671722468828441,6803,563,%B5671722468828441^GSDGBGGSDGBG^3406000000000000000?,%B5671722468828441=2808101831752942?,08/29/28,debit,0
CcS-7621,3040,SE940327772757800308861339,0871098424665687,3971,184,%B0871098424665687^HGBBLEHGBBLE^2908000000000000000?,%B0871098424665687=2910101388911393?,05/29/28,credit,0
CcS-7622,3041,GB607260020028436159035936,7280651868661959,2988,259,%B7280651868661959^XVTBJXXVTBJX^3104000000000000000?,%B7280651868661959=3110101945823782?,03/28/28,premium_credit,0
CcS-7623,3042,PL849710463704125173964669,3267217721855405,8200,547,%B3267217721855405^ZQJJHOZQJJHO^3310000000000000000?,%B3267217721855405=3111101643990585?,07/26/28,prepaid,0
CcS-7624,3043,SE117784924588394780238097,4493403340600757,1812,100,%B4493403340600757^HMGAVGHMGAVG^3406000000000000000?,%B4493403340600757=2812101306414739?,03/28/28,debit,0
CcS-7625,3044,GB700963139131626136527838,7701857651390920,7200,562,%B7701857651390920^WMTCMUWMTCMU^2405000000000000000?,%B7701857651390920=2401101805018673?,02/26/28,credit,0
CcS-7626,3045,PT351795727991611481879345,1122127512217314,7441,893,%B1122127512217314^BDNWMEBDNWME^2702000000000000000?,%B1122127512217314=2705101478535799?,03/28/28,credit,0
CcS-7627,3046,US455590089148581901140144,3414246213744020,3034,973,%B3414246213744020^CYYBLJCYYBLJ^2712000000000000000?,%B3414246213744020=3301101163927531?,01/26/28,premium_credit,0
CcS-7628,3047,ES715828811672666179746693,9575770809414307,3436,692,%B9575770809414307^DULAQXDULAQX^3201000000000000000?,%B9575770809414307=3304101369385163?,05/28/28,debit,0
CcS-7629,3048,NL245598240094069791297084,8807126264639821,4597,261,%B8807126264639821^WHRDZRWHRDZR^2906000000000000000?,%B8807126264639821=2412101582046720?,10/28/28,debit,0
CcS-7630,3049,PT360978885663282239992140,0542395664733111,3034,446,%B0542395664733111^NRSUSNNRSUSN^2311000000000000000?,%B0542395664733111=2911101241492203?,12/27/28,credit,0
CcS-7631,3050,SE383709454952869049025146,3289882211655167,6913,388,%B3289882211655167^BHALXOBHALXO^2205000000000000000?,%B3289882211655167=3206101555369429?,06/27/28,premium_credit,0
CcS-7632,3051,SE866721760132145565574469,3212151402857155,1631,585,%B3212151402857155^PVOHZCPVOHZC^2703000000000000000?,%B3212151402857155=2503101417709839?,01/28/28,credit,0
CcS-7633,3052,NL876204930456983036085975,5093900004146148,1324,317,%B5093900004146148^FHFDEYFHFDEY^2405000000000000000?,%B5093900004146148=3412101286803184?,12/26/28,debit,0
CcS-7634,3053,FR417466520581190010547963,5882599422060518,7908,360,%B5882599422060518^JCFVXAJCFVXA^3005000000000000000?,%B5882599422060518=3103101532749625?,07/25/28,debit,1
CcS-7635,3054,FR383831155662968863717242,6235531028217317,4343,449,%B6235531028217317^FDKIFHFDKIFH^3303000000000000000?,%B6235531028217317=2402101971480518?,03/28/28,debit,0
CcS-7636,3055,FR315704489359625250855343,7482052527805498,7901,319,%B7482052527805498^QYZWPIQYZWPI^2203000000000000000?,%B7482052527805498=2704101214115181?,10/28/28,debit,0
CcS-7637,3056,ES802147480521328876922637,6260481625802790,3250,875,%B6260481625802790^OGYSWAOGYSWA^2908000000000000000?,%B6260481625802790=2911101410007068?,12/28/28,debit,0
CcS-7638,3057,US424188060670294964275068,4094484390409183,1975,229,%B4094484390409183^YZXNMWYZXNMW^2703000000000000000?,%B4094484390409183=2510101862500047?,06/28/28,debit,0
CcS-7639,3058,NL820020916726693030934868,3878342817634006,6586,369,%B3878342817634006^TZJGYXTZJGYX^2303000000000000000?,%B3878342817634006=2812101721963189?,09/25/28,credit,1
CcS-7640,3059,FR571430549960423353627110,3264242447107305,1906,409,%B3264242447107305^SWNXUGSWNXUG^2509000000000000000?,%B3264242447107305=2905101340647806?,07/25/28,credit,1
CcS-7641,3060,PT185550301770026527750748,4348488163619390,4394,833,%B4348488163619390^XBLXBXXBLXBX^2812000000000000000?,%B4348488163619390=2703101348001366?,02/26/28,debit,0
CcS-7642,3061,PL955365648068707295864775,9055173807987568,3154,746,%B9055173807987568^RCSHOSRCSHOS^2810000000000000000?,%B9055173807987568=3108101564132008?,04/26/28,credit,0
CcS-7643,3062,US352783158184371696097081,3578266537151029,1381,458,%B3578266537151029^ILCUHEILCUHE^2709000000000000000?,%B3578266537151029=3008101230154772?,11/27/28,prepaid,0
CcS-7644,3063,CA924489186221942138086114,7208382202332450,2237,261,%B7208382202332450^ZJPNWVZJPNWV^3004000000000000000?,%B7208382202332450=2512101131086532?,05/25/28,debit,1
CcS-7645,3064,FR967445732601249329396644,8819839465428599,5474,748,%B8819839465428599^OGYCJUOGYCJU^3307000000000000000?,%B8819839465428599=2710101909952251?,12/26/28,debit,0
CcS-7646,3065,GB130389991085163856250494,4173723395258963,6317,697,%B4173723395258963^RCBJSURCBJSU^3005000000000000000?,%B4173723395258963=2509101405740572?,03/29/28,premium_credit,0
CcS-7647,3066,CA400495435838963932639366,7177246485154806,8977,277,%B7177246485154806^MEBUGBMEBUGB^2408000000000000000?,%B7177246485154806=2404101538297790?,04/27/28,credit,0
CcS-7648,3067,NL916098704579640387991172,1065126795336062,1395,825,%B1065126795336062^ARATDNARATDN^3203000000000000000?,%B1065126795336062=3104101767569866?,06/26/28,credit,0
CcS-7649,3068,DE422664016752282529287624,7795445794174877,7927,116,%B7795445794174877^ODTAIPODTAIP^2302000000000000000?,%B7795445794174877=2210101503146356?,04/29/28,debit,0
CcS-7650,3069,GB238243705570308560936340,5490856233421134,5855,669,%B5490856233421134^SDKNEXSDKNEX^3301000000000000000?,%B5490856233421134=2901101999692883?,04/28/28,credit,0
CcS-7651,3070,NL308739035162738090485186,4725483948190166,4333,196,%B4725483948190166^FRWCQPFRWCQP^2202000000000000000?,%B4725483948190166=2301101706224608?,02/27/28,credit,0
CcS-7652,3071,SE388778203890905303578951,4156926307944248,5747,432,%B4156926307944248^FTXMSSFTXMSS^2601000000000000000?,%B4156926307944248=3103101496789151?,11/29/28,credit,0
CcS-7653,3072,IT180005602263889325897664,3321965107836267,9290,815,%B3321965107836267^EFPYHPEFPYHP^2912000000000000000?,%B3321965107836267=2805101421785876?,09/27/28,premium_credit,0
CcS-7654,3073,DE374447030461161154061128,5283418779199414,1489,393,%B5283418779199414^IVGNEDIVGNED^3302000000000000000?,%B5283418779199414=2302101637723636?,01/27/28,debit,0
CcS-7655,3074,PT577184898418720418460077,2100918159014552,4812,873,%B2100918159014552^YKEDKVYKEDKV^2506000000000000000?,%B2100918159014552=2206101227942616?,04/28/28,credit,0
CcS-7656,3075,PL547640796264999309119185,8565776586046151,2061,143,%B8565776586046151^TNCWSBTNCWSB^2612000000000000000?,%B8565776586046151=3111101970951271?,10/26/28,credit,0
CcS-7657,3076,DE723889645219932390059312,0275757015902527,3055,141,%B0275757015902527^KFXVBTKFXVBT^2803000000000000000?,%B0275757015902527=3105101515401650?,06/26/28,credit,0
CcS-7658,3077,SE841049840134125590975218,0044071466850837,6937,251,%B0044071466850837^CZQMDLCZQMDL^2909000000000000000?,%B0044071466850837=3402101887570431?,11/26/28,debit,0
CcS-7659,3078,SE312660529245842023964289,1041751573632325,8686,657,%B1041751573632325^UASPRFUASPRF^2312000000000000000?,%B1041751573632325=2209101809147268?,01/29/28,debit,0
CcS-7660,3079,PL226907645802825918471742,9798397863975850,9776,603,%B9798397863975850^SBXATDSBXATD^3002000000000000000?,%B9798397863975850=2910101474380474?,08/26/28,credit,0
CcS-7661,3080,FR447680708922206324041788,6550452626074948,7559,816,%B6550452626074948^PSUSYJPSUSYJ^3102000000000000000?,%B6550452626074948=3312101736446041?,09/27/28,debit,0
CcS-7662,3081,NL241006057931381410845573,1337143270864263,7096,612,%B1337143270864263^YAJJBWYAJJBW^2403000000000000000?,%B1337143270864263=3405101888434228?,06/26/28,debit,0
CcS-7663,3082,CA875674514248220068110496,4060834384440621,3103,147,%B4060834384440621^VZNWHFVZNWHF^2604000000000000000?,%B4060834384440621=3206101198545149?,04/29/28,debit,0
CcS-7664,3083,GB757003189161083607518089,9957166400399585,1756,580,%B9957166400399585^WOGKFAWOGKFA^2607000000000000000?,%B9957166400399585=3110101855739879?,06/25/28,debit,1
CcS-7665,3084,US632228137741571338908709,4662688831814052,5173,363,%B4662688831814052^OTURANOTURAN^2904000000000000000?,%B4662688831814052=2811101120226541?,10/25/28,credit,1
CcS-7666,3085,PT339124758043748170782148,6708414803117216,8648,959,%B6708414803117216^LKYJJQLKYJJQ^2709000000000000000?,%B6708414803117216=2906101378592024?,02/28/28,debit,0
CcS-7667,3086,IT590720903584684685855246,3583825694896466,6294,358,%B3583825694896466^DPIIJJDPIIJJ^2706000000000000000?,%B3583825694896466=3005101175959165?,03/29/28,prepaid,0
CcS-7668,3087,FR901892664914127599937984,3880879395516527,6589,789,%B3880879395516527^DEQTMLDEQTML^3307000000000000000?,%B3880879395516527=2211101445470514?,04/28/28,credit,0
CcS-7669,3088,DE645546333892922278739639,0597246723460818,6925,746,%B0597246723460818^HIYOANHIYOAN^3411000000000000000?,%B0597246723460818=3409101787784156?,06/26/28,credit,0
CcS-7670,3089,CA844208115073247048171684,6120913708587429,9991,685,%B6120913708587429^ERGLTDERGLTD^3310000000000000000?,%B6120913708587429=2504101657232871?,05/25/28,debit,1
CcS-7671,3090,DE780636066996915254371636,7789865202717402,2190,453,%B7789865202717402^XRKBFOXRKBFO^2611000000000000000?,%B7789865202717402=2608101606752493?,11/26/28,premium_credit,0
CcS-7672,3091,SE794763763569678419462945,4267129693212966,7011,958,%B4267129693212966^MXZDNGMXZDNG^3409000000000000000?,%B4267129693212966=2301101557613882?,10/28/28,credit,0
CcS-7673,3092,US553072389853765583518671,0561164070305925,8826,557,%B0561164070305925^KIANUKKIANUK^3405000000000000000?,%B0561164070305925=2312101281624358?,10/25/28,prepaid,1
CcS-7674,3093,FR472645458608133493781812,9095116110053673,3193,342,%B9095116110053673^ERDYDJERDYDJ^3102000000000000000?,%B9095116110053673=2910101225298329?,01/28/28,credit,0
CcS-7675,3094,PT528671852119837643597413,1739621709807833,6497,498,%B1739621709807833^QYXPSUQYXPSU^2504000000000000000?,%B1739621709807833=3411101460563641?,09/29/28,credit,0
CcS-7676,3095,PT678560480012559902878786,7535085197209971,6645,432,%B7535085197209971^LGIOCBLGIOCB^2502000000000000000?,%B7535085197209971=2309101184242268?,11/28/28,premium_credit,0
CcS-7677,3096,CA248255099621693609717783,8517211270305902,8272,991,%B8517211270305902^VVYJRAVVYJRA^3305000000000000000?,%B8517211270305902=2201101953507443?,11/25/28,debit,1
CcS-7678,3097,NL779788577439912256506874,9715451803632868,4912,485,%B9715451803632868^GTPBHOGTPBHO^3003000000000000000?,%B9715451803632868=3112101480946123?,08/26/28,credit,0
CcS-7679,3098,GB292846605322504397876270,5813186636486367,1597,842,%B5813186636486367^KHVWUHKHVWUH^2404000000000000000?,%B5813186636486367=3406101536063833?,06/28/28,prepaid,0
CcS-7680,3099,US352169261226939629812555,6797041891379021,4338,438,%B6797041891379021^TNTCUDTNTCUD^2902000000000000000?,%B6797041891379021=2403101310198040?,01/27/28,debit,0
CcS-7681,3100,FR565706228084805004401226,7345733370820496,7657,753,%B7345733370820496^VBYMCWVBYMCW^2611000000000000000?,%B7345733370820496=3010101570886305?,12/25/28,premium_credit,1
CcS-7682,3101,PT200000303522491309827359,2934084562948700,6419,275,%B2934084562948700^DOSAJDDOSAJD^2305000000000000000?,%B2934084562948700=2703101299527746?,10/27/28,debit,0
CcS-7683,3102,IT285781506928585350979724,5192432987345131,2495,878,%B5192432987345131^GIVNRRGIVNRR^2407000000000000000?,%B5192432987345131=2808101826723826?,12/27/28,credit,0
CcS-7684,3103,IT475828748629142989699758,4603275888044497,8299,217,%B4603275888044497^HWUUJZHWUUJZ^3209000000000000000?,%B4603275888044497=3101101396802929?,04/25/28,premium_credit,1
CcS-7685,3104,US502108534707683472900951,4494937164045456,2222,835,%B4494937164045456^ZAXFIQZAXFIQ^2602000000000000000?,%B4494937164045456=2911101601715239?,05/28/28,debit,0
CcS-7686,3105,SE278774154298689321405184,1646039141326391,7144,893,%B1646039141326391^OQJGJHOQJGJH^2910000000000000000?,%B1646039141326391=3105101398706904?,07/29/28,credit,0
CcS-7687,3106,US873433282374650194927715,8433310265645100,7115,784,%B8433310265645100^SWXZMUSWXZMU^2208000000000000000?,%B8433310265645100=2409101179267325?,06/29/28,debit,0
CcS-7688,3107,ES608608556113169810012075,8737822661148626,1992,461,%B8737822661148626^WKFBMCWKFBMC^2306000000000000000?,%B8737822661148626=2311101658588718?,10/26/28,prepaid,0
CcS-7689,3108,FR328487140020554832203675,9617024238728711,5428,229,%B9617024238728711^CAWEKMCAWEKM^3409000000000000000?,%B9617024238728711=2201101375140893?,01/25/28,debit,1
CcS-7690,3109,GB897927968599148621770144,4254591689571043,3288,827,%B4254591689571043^EVFNOREVFNOR^3002000000000000000?,%B4254591689571043=3411101332173630?,12/25/28,credit,1
CcS-7691,3110,NL238042950188139270837759,6135096928995954,6698,735,%B6135096928995954^INVJLQINVJLQ^3208000000000000000?,%B6135096928995954=2310101351228526?,01/25/28,debit,1
CcS-7692,3111,US915104653382150138392073,8193799052473877,1782,157,%B8193799052473877^EUQTMIEUQTMI^3108000000000000000?,%B8193799052473877=2507101186597851?,01/27/28,prepaid,0
CcS-7693,3112,ES360294623491861569337111,5067946257753593,9139,997,%B5067946257753593^CWDONWCWDONW^2606000000000000000?,%B5067946257753593=2511101730700668?,05/26/28,debit,0
CcS-7694,3113,PT553476747049141581919294,4128614186458594,3904,869,%B4128614186458594^ACMXOUACMXOU^3204000000000000000?,%B4128614186458594=2211101512892100?,08/27/28,credit,0
CcS-7695,3114,US948883951013619026210262,8146586837592737,9198,237,%B8146586837592737^EELSCQEELSCQ^3001000000000000000?,%B8146586837592737=2212101421531032?,06/25/28,debit,1
CcS-7696,3115,CA234042747813909897154420,5743022236429825,8541,331,%B5743022236429825^SEEEVYSEEEVY^3410000000000000000?,%B5743022236429825=2610101462236091?,09/25/28,debit,1
CcS-7697,3116,US435489890652333639507328,8408474227851523,1292,626,%B8408474227851523^JDUQRKJDUQRK^2302000000000000000?,%B8408474227851523=2908101566563238?,04/28/28,premium_credit,0
CcS-7698,3117,DE495595167796643313616892,9526436268330094,5456,990,%B9526436268330094^LYSWLALYSWLA^2307000000000000000?,%B9526436268330094=3404101883981923?,09/27/28,credit,0
CcS-7699,3118,PL409937906868614397988224,5688839039072823,9858,712,%B5688839039072823^VYFJMVVYFJMV^3209000000000000000?,%B5688839039072823=2901101169982783?,01/27/28,debit,0
CcS-7700,3119,US413250430362472272117592,4523738546226891,6953,769,%B4523738546226891^UWFQTGUWFQTG^3308000000000000000?,%B4523738546226891=2704101722005952?,01/29/28,credit,0
CcS-7701,3120,PT849905850585217162422666,5609367039217116,5983,711,%B5609367039217116^RYUAUDRYUAUD^3108000000000000000?,%B5609367039217116=2411101196831577?,05/26/28,prepaid,0
CcS-7702,3121,DE853780671543395003249940,0482186709160772,9461,833,%B0482186709160772^QBDCGMQBDCGM^3008000000000000000?,%B0482186709160772=2904101919463805?,09/27/28,debit,0
CcS-7703,3122,CA315391988889616055462652,8675282498336444,6391,856,%B8675282498336444^TRTEZOTRTEZO^2905000000000000000?,%B8675282498336444=2911101956463788?,11/25/28,debit,1
CcS-7704,3123,GB721934231740391845882830,2319818173070972,8672,612,%B2319818173070972^BVBUSNBVBUSN^3107000000000000000?,%B2319818173070972=3010101431245553?,02/26/28,premium_credit,0
CcS-7705,3124,FR887193284134578800274957,7990668996805722,9073,406,%B7990668996805722^XUACVQXUACVQ^2704000000000000000?,%B7990668996805722=2707101275923529?,12/25/28,credit,1
CcS-7706,3125,FR149399455780262434229727,0024328202435597,4284,206,%B0024328202435597^FQYRWUFQYRWU^2406000000000000000?,%B0024328202435597=2305101433200503?,04/28/28,debit,0
CcS-7707,3126,DE316010961926036138622337,2141405959489199,8087,696,%B2141405959489199^DWAYXEDWAYXE^2811000000000000000?,%B2141405959489199=2205101704392451?,03/28/28,credit,0
CcS-7708,3127,FR877707426199530523376868,9429642377100411,3991,837,%B9429642377100411^DWWAGODWWAGO^3109000000000000000?,%B9429642377100411=2905101809512022?,11/26/28,credit,0
CcS-7709,3128,GB540519833545855363438595,1905511980732471,7623,649,%B1905511980732471^DELOMJDELOMJ^2406000000000000000?,%B1905511980732471=2911101322745782?,03/29/28,credit,0
CcS-7710,3129,SE588475528928176267387915,5360981410663091,4200,551,%B5360981410663091^CBQVGDCBQVGD^2812000000000000000?,%B5360981410663091=3405101454549247?,08/27/28,debit,0
CcS-7711,3130,US780660445313421593657458,3417995681966309,1307,392,%B3417995681966309^MJEGQSMJEGQS^2611000000000000000?,%B3417995681966309=2505101379726502?,10/25/28,debit,1
CcS-7712,3131,CA268170869007812101718055,1731506043890737,6388,375,%B1731506043890737^FLJIHDFLJIHD^2812000000000000000?,%B1731506043890737=2210101497716648?,11/29/28,credit,0
CcS-7713,3132,IT684714626691785574098265,1128804872164343,7851,622,%B1128804872164343^FLRQSSFLRQSS^3306000000000000000?,%B1128804872164343=2502101564132517?,08/29/28,credit,0
CcS-7714,3133,PL408352268425736649134234,2286438542598201,9197,787,%B2286438542598201^ZZAECUZZAECU^3006000000000000000?,%B2286438542598201=2701101221843733?,03/25/28,debit,1
CcS-7715,3134,NL608888360419384101902760,4901836274914928,7801,937,%B4901836274914928^RVGZHXRVGZHX^2211000000000000000?,%B4901836274914928=2403101886913436?,01/27/28,debit,0
CcS-7716,3135,US535470688233767428899172,7109962801381298,5430,912,%B7109962801381298^WNWLFGWNWLFG^3107000000000000000?,%B7109962801381298=2408101833199482?,01/27/28,premium_credit,0
CcS-7717,3136,US488166733755949217004419,7606478272412407,9534,544,%B7606478272412407^VMECCSVMECCS^2511000000000000000?,%B7606478272412407=3002101239254474?,05/29/28,debit,0
CcS-7718,3137,GB963312151659127081777311,8391424713210406,4786,474,%B8391424713210406^QHIRTDQHIRTD^3005000000000000000?,%B8391424713210406=2703101483918541?,11/27/28,debit,0
CcS-7719,3138,ES162673390068186740792466,3142033082779004,6368,423,%B3142033082779004^SDZKBGSDZKBG^3212000000000000000?,%B3142033082779004=3011101746641433?,04/25/28,debit,1
CcS-7720,3139,ES131125916881777123514857,3553046457509414,5106,614,%B3553046457509414^XECJJXXECJJX^3208000000000000000?,%B3553046457509414=3401101612575651?,02/25/28,credit,1
CcS-7721,3140,CA158168151472422016303875,4885070481892049,9917,233,%B4885070481892049^XFXMRRXFXMRR^2811000000000000000?,%B4885070481892049=3311101922747631?,02/28/28,debit,0
CcS-7722,3141,CA278736841177741973895962,5043627803852454,1030,745,%B5043627803852454^JAYURWJAYURW^2902000000000000000?,%B5043627803852454=2210101775035538?,02/25/28,debit,1
CcS-7723,3142,PL816732627371779216890428,4708452490592136,8215,863,%B4708452490592136^BNVCWNBNVCWN^3209000000000000000?,%B4708452490592136=2607101501376357?,12/26/28,prepaid,0
CcS-7724,3143,NL868926457976005870741613,6145491682361090,8295,856,%B6145491682361090^TSDIMNTSDIMN^3306000000000000000?,%B6145491682361090=2412101485668228?,07/27/28,premium_credit,0
CcS-7725,3144,CA943451782639304545214595,8505704288800048,9497,691,%B8505704288800048^JHOMTQJHOMTQ^2310000000000000000?,%B8505704288800048=2804101855277677?,04/27/28,debit,0
CcS-7726,3145,CA350950050106333484917783,8448181158819714,1723,621,%B8448181158819714^KBHVBJKBHVBJ^2312000000000000000?,%B8448181158819714=2208101994925602?,09/29/28,credit,0
CcS-7727,3146,SE650540527226099734430271,9924249838758094,2313,973,%B9924249838758094^CJSHYLCJSHYL^2411000000000000000?,%B9924249838758094=2706101401299770?,04/26/28,credit,0
CcS-7728,3147,SE688773176160561171914307,5701619597827429,5572,648,%B5701619597827429^XSPEXMXSPEXM^3203000000000000000?,%B5701619597827429=2904101676950645?,02/25/28,debit,1
CcS-7729,3148,PL651151155790068638590595,3338845104324528,4455,920,%B3338845104324528^QMWBIRQMWBIR^2610000000000000000?,%B3338845104324528=2704101801853945?,08/29/28,credit,0
CcS-7730,3149,DE529040290921360653869941,6343421000850017,9817,313,%B6343421000850017^MRNWUMMRNWUM^2811000000000000000?,%B6343421000850017=2307101189523546?,01/29/28,credit,0
CcS-7731,3150,ES261814778396860516867194,9747720918718969,2600,314,%B9747720918718969^NXAFMYNXAFMY^2911000000000000000?,%B9747720918718969=3304101530859177?,05/27/28,debit,0
CcS-7732,3151,US841350807007106039989259,9586638118861835,3455,567,%B9586638118861835^YCCIRVYCCIRV^3303000000000000000?,%B9586638118861835=2506101331108642?,08/26/28,debit,0
CcS-7733,3152,NL393246430535537344177970,3291551947554729,7229,266,%B3291551947554729^DSAVVTDSAVVT^2812000000000000000?,%B3291551947554729=2306101992182176?,11/27/28,debit,0
CcS-7734,3153,SE403600738994512665393787,8374417569341194,8021,395,%B8374417569341194^PGPCPOPGPCPO^2406000000000000000?,%B8374417569341194=3411101955489812?,02/27/28,debit,0
CcS-7735,3154,PT344191159433791466721780,1723863325254400,6560,271,%B1723863325254400^KNROMMKNROMM^3405000000000000000?,%B1723863325254400=3403101675528029?,07/29/28,prepaid,0
CcS-7736,3155,ES897213616698286724675543,6546112997740906,4157,686,%B6546112997740906^RPYNMKRPYNMK^2810000000000000000?,%B6546112997740906=3306101900869180?,08/28/28,debit,0
CcS-7737,3156,NL544707435623662827726216,9389764361127435,9909,991,%B9389764361127435^MQXWNFMQXWNF^3005000000000000000?,%B9389764361127435=2406101302290064?,05/25/28,credit,1
CcS-7738,3157,PL310812716794287272503754,0007258522892592,7173,429,%B0007258522892592^VTRTEFVTRTEF^3111000000000000000?,%B0007258522892592=2312101715745244?,05/25/28,debit,1
CcS-7739,3158,FR472083141634814320560505,8956684227737018,9223,787,%B8956684227737018^NXXODXNXXODX^2912000000000000000?,%B8956684227737018=3008101565777563?,10/29/28,premium_credit,0
CcS-7740,3159,US942526386384318975073025,9339978140149788,4189,105,%B9339978140149788^SYDRXJSYDRXJ^3404000000000000000?,%B9339978140149788=2903101326413149?,04/29/28,debit,0
CcS-7741,3160,DE930818990972266662702716,8919094461617104,2934,217,%B8919094461617104^HUKOGBHUKOGB^3208000000000000000?,%B8919094461617104=2907101469285187?,04/27/28,debit,0
CcS-7742,3161,PL218736281543184046265681,4358786347205358,4410,255,%B4358786347205358^TUYSWSTUYSWS^2709000000000000000?,%B4358786347205358=2405101100745830?,12/26/28,credit,0
CcS-7743,3162,PT800126272199334420791415,7713577343404484,1692,959,%B7713577343404484^TRHRITTRHRIT^2906000000000000000?,%B7713577343404484=2704101341726872?,02/27/28,credit,0
CcS-7744,3163,US570807029387439805767240,9056663849894758,5796,393,%B9056663849894758^HAZNBTHAZNBT^3005000000000000000?,%B9056663849894758=2308101255368953?,02/28/28,debit,0
CcS-7745,3164,NL261929101915393091284392,6682342340801641,3309,666,%B6682342340801641^CVLPXWCVLPXW^2403000000000000000?,%B6682342340801641=3312101764012534?,03/29/28,credit,0
CcS-7746,3165,US360979828705838198034157,9296324383600076,4441,412,%B9296324383600076^VYZWKVVYZWKV^2805000000000000000?,%B9296324383600076=2210101928393974?,12/25/28,credit,1
CcS-7747,3166,PT331054922730351609818034,5301465851246134,3486,797,%B5301465851246134^RLYYIXRLYYIX^2312000000000000000?,%B5301465851246134=2803101458215879?,12/25/28,debit,1
CcS-7748,3167,IT224001802703755060207340,7503976189382412,2244,339,%B7503976189382412^AOZSLRAOZSLR^2801000000000000000?,%B7503976189382412=3107101781775035?,03/27/28,premium_credit,0
CcS-7749,3168,PT139025496074518249703452,9224465118867107,4919,187,%B9224465118867107^HIHQZBHIHQZB^2310000000000000000?,%B9224465118867107=2205101790737984?,03/27/28,credit,0
CcS-7750,3169,IT426884583628894399840196,0116724907254020,6474,485,%B0116724907254020^DQNGPUDQNGPU^2810000000000000000?,%B0116724907254020=2210101852709844?,05/28/28,credit,0
CcS-7751,3170,PL363240006684183401717088,7229423185122161,4122,509,%B7229423185122161^AEKTCPAEKTCP^3011000000000000000?,%B7229423185122161=3206101150715737?,07/26/28,debit,0
CcS-7752,3171,GB431053771138562621186427,9571647590045706,3300,489,%B9571647590045706^FBATLGFBATLG^3006000000000000000?,%B9571647590045706=3011101204040914?,11/26/28,premium_credit,0
CcS-7753,3172,PL474051660309647093890218,2187926544150430,5819,962,%B2187926544150430^DPNXASDPNXAS^2608000000000000000?,%B2187926544150430=3301101494312111?,01/29/28,credit,0
CcS-7754,3173,GB787877090704347973794362,3506103550474534,2810,189,%B3506103550474534^WGKESYWGKESY^3104000000000000000?,%B3506103550474534=2210101526341330?,07/29/28,credit,0
CcS-7755,3174,FR514419696760830917788973,1454538020610512,6426,425,%B1454538020610512^HFHQIAHFHQIA^2404000000000000000?,%B1454538020610512=2701101692615943?,05/29/28,credit,0
CcS-7756,3175,IT568550981244434206917050,9105808417333340,9508,412,%B9105808417333340^IDRKGMIDRKGM^3003000000000000000?,%B9105808417333340=3207101458179659?,02/27/28,debit,0
CcS-7757,3176,SE377321399121198020208437,8793198017209024,9465,730,%B8793198017209024^TDYSODTDYSOD^2701000000000000000?,%B8793198017209024=2508101451074551?,10/26/28,credit,0
CcS-7758,3177,NL848176919954619820766392,0334206729011433,3802,403,%B0334206729011433^FBDYZJFBDYZJ^2611000000000000000?,%B0334206729011433=2812101632582170?,09/29/28,credit,0
CcS-7759,3178,ES318266960911230406613809,0271524799161742,3373,251,%B0271524799161742^RGLBZRRGLBZR^2710000000000000000?,%B0271524799161742=2702101146625526?,01/26/28,debit,0
CcS-7760,3179,PT590502394615356646294413,8601983875951169,3744,417,%B8601983875951169^DFNLVLDFNLVL^3410000000000000000?,%B8601983875951169=3309101326825138?,08/28/28,debit,0
CcS-7761,3180,PL748017229543600078208283,8867155169587618,7614,763,%B8867155169587618^GCWSHTGCWSHT^2611000000000000000?,%B8867155169587618=3204101132963783?,10/25/28,debit,1
CcS-7762,3181,FR565397990365045984475975,8551814407883170,1401,516,%B8551814407883170^WFNBNMWFNBNM^2308000000000000000?,%B8551814407883170=2912101423684571?,05/25/28,credit,1
CcS-7763,3182,US437031695642390456740407,6094780783166684,3082,796,%B6094780783166684^FFHUYUFFHUYU^2607000000000000000?,%B6094780783166684=2410101251292909?,02/25/28,credit,1
CcS-7764,3183,ES435845283535000916207736,8845783536882570,8782,493,%B8845783536882570^URNYJEURNYJE^2207000000000000000?,%B8845783536882570=2401101432901910?,01/29/28,credit,0
CcS-7765,3184,US598659135443774612986565,7269135234695514,2955,182,%B7269135234695514^KTBCVVKTBCVV^3004000000000000000?,%B7269135234695514=3111101569549896?,06/26/28,premium_credit,0
CcS-7766,3185,DE804126159427580297079479,3502884220197096,7313,652,%B3502884220197096^DYUBAHDYUBAH^3111000000000000000?,%B3502884220197096=3211101381206092?,10/28/28,credit,0
CcS-7767,3186,NL206301109639675710888388,5700443904445480,5322,366,%B5700443904445480^STMZFLSTMZFL^3305000000000000000?,%B5700443904445480=2812101834107431?,11/28/28,credit,0
CcS-7768,3187,DE950702244430397460497401,6071653326028167,5395,584,%B6071653326028167^FCFPYRFCFPYR^3202000000000000000?,%B6071653326028167=2210101213824297?,12/27/28,debit,0
CcS-7769,3188,DE458106621885615578168568,7451820344680244,7306,964,%B7451820344680244^MQCFIYMQCFIY^2606000000000000000?,%B7451820344680244=3303101918321490?,04/26/28,prepaid,0
CcS-7770,3189,PL130893433550060057656158,7864269769825308,7671,687,%B7864269769825308^GCPENBGCPENB^2211000000000000000?,%B7864269769825308=2411101690402634?,05/26/28,debit,0
CcS-7771,3190,SE397767256419618895393467,9799833678788131,1438,447,%B9799833678788131^MGSWOBMGSWOB^2209000000000000000?,%B9799833678788131=2802101772830792?,10/29/28,debit,0
CcS-7772,3191,DE557651737425155094476892,3007101255265113,8797,665,%B3007101255265113^MAMNBAMAMNBA^2705000000000000000?,%B3007101255265113=3112101553974387?,01/26/28,credit,0
CcS-7773,3192,FR976899696954478390433022,7682208965947416,1224,590,%B7682208965947416^OJJJRSOJJJRS^2308000000000000000?,%B7682208965947416=3005101478691743?,12/25/28,prepaid,1
CcS-7774,3193,SE785574207932796717313752,2517783421900638,6777,623,%B2517783421900638^EVZQQOEVZQQO^3005000000000000000?,%B2517783421900638=2207101927319991?,04/26/28,credit,0
CcS-7775,3194,CA905242111931382416946252,6796587882651417,7092,227,%B6796587882651417^NOEESSNOEESS^3311000000000000000?,%B6796587882651417=2908101957046115?,06/28/28,debit,0
CcS-7776,3195,ES208401763234380096230143,8008320245388492,1164,292,%B8008320245388492^KITPYEKITPYE^2307000000000000000?,%B8008320245388492=3411101739547214?,08/28/28,credit,0
CcS-7777,3196,ES220006011743279564497026,4043516347869479,1002,367,%B4043516347869479^HRKIQLHRKIQL^3410000000000000000?,%B4043516347869479=2309101149197385?,06/25/28,credit,1
CcS-7778,3197,PL521068382784448823571345,3019917905867758,6345,177,%B3019917905867758^RRFYKLRRFYKL^2809000000000000000?,%B3019917905867758=3001101539724103?,10/27/28,debit,0
CcS-7779,3198,US889687240896259020624480,4550589169867600,6964,562,%B4550589169867600^XKKNXMXKKNXM^3405000000000000000?,%B4550589169867600=3312101566063736?,08/26/28,prepaid,0
CcS-7780,3199,CA723773988287394161094730,4002312680901568,8161,520,%B4002312680901568^DTWPUSDTWPUS^2409000000000000000?,%B4002312680901568=3311101199877854?,03/29/28,credit,0
CcS-7781,3200,SE427865502169523031488051,8028360032258354,1333,514,%B8028360032258354^IDEOYMIDEOYM^2202000000000000000?,%B8028360032258354=2408101207922972?,06/29/28,debit,0
CcS-7782,3201,SE891552537369159404516000,0339354892591979,4626,713,%B0339354892591979^VQMNBYVQMNBY^2312000000000000000?,%B0339354892591979=2410101966899674?,04/29/28,debit,0
CcS-7783,3202,PL594647978216621912770844,5347319638589341,3415,395,%B5347319638589341^FWDIKPFWDIKP^2309000000000000000?,%B5347319638589341=2412101762591809?,03/25/28,credit,1
CcS-7784,3203,GB955602367461712259509148,1256867895262870,8415,769,%B1256867895262870^ERGDLRERGDLR^3103000000000000000?,%B1256867895262870=3402101493851572?,03/28/28,debit,0
CcS-7785,3204,CA700784929440891406649917,8098733056752195,5835,107,%B8098733056752195^KSNYRWKSNYRW^2602000000000000000?,%B8098733056752195=2903101424553542?,09/26/28,credit,0
CcS-7786,3205,FR735704647143217399338692,7792560826537207,6320,956,%B7792560826537207^CTYJZVCTYJZV^2908000000000000000?,%B7792560826537207=3310101775160191?,08/27/28,credit,0
CcS-7787,3206,SE260364556058946233522941,2217355694695123,1445,277,%B2217355694695123^QBGUNYQBGUNY^3008000000000000000?,%B2217355694695123=2504101481626736?,08/27/28,premium_credit,0
CcS-7788,3207,PT928220151997519510447316,7599915350801882,5268,537,%B7599915350801882^QSHOGYQSHOGY^3204000000000000000?,%B7599915350801882=2805101201404880?,10/29/28,debit,0
CcS-7789,3208,PT552721987174993949404677,8861161455256166,6981,421,%B8861161455256166^RYZZBKRYZZBK^2610000000000000000?,%B8861161455256166=3204101783248245?,07/28/28,credit,0
CcS-7790,3209,NL609032754855081064537605,7592641413486899,7713,851,%B7592641413486899^QHJHWFQHJHWF^2501000000000000000?,%B7592641413486899=3209101689867398?,03/27/28,debit,0
CcS-7791,3210,DE355547568558563479943741,3702204039791477,2298,906,%B3702204039791477^PLSCSIPLSCSI^2601000000000000000?,%B3702204039791477=2701101219176207?,07/29/28,debit,0
CcS-7792,3211,PL156883600259742197865911,4801108360364647,2298,799,%B4801108360364647^AMCOVZAMCOVZ^3309000000000000000?,%B4801108360364647=2808101244847815?,12/26/28,debit,0
CcS-7793,3212,GB108882284265925981494515,5966948354785225,7328,957,%B5966948354785225^DKFFXODKFFXO^2902000000000000000?,%B5966948354785225=2401101908285345?,03/25/28,debit,1
CcS-7794,3213,ES319601349004524172283924,6522629822526432,8611,473,%B6522629822526432^FBZWNFFBZWNF^3406000000000000000?,%B6522629822526432=3005101991667024?,01/28/28,debit,0
CcS-7795,3214,ES119063811919971390355284,8962614546395533,8494,977,%B8962614546395533^ESJIWRESJIWR^2202000000000000000?,%B8962614546395533=3108101176267573?,01/25/28,debit,1
CcS-7796,3215,CA896481874090610212888525,8963850327985003,7164,989,%B8963850327985003^FSIMRHFSIMRH^2305000000000000000?,%B8963850327985003=2612101844682355?,10/28/28,credit,0
CcS-7797,3216,DE327414219978293661021748,4996316526559749,9480,720,%B4996316526559749^WBHDTBWBHDTB^2509000000000000000?,%B4996316526559749=3210101644212579?,01/26/28,credit,0
CcS-7798,3217,FR385390109443006986338591,3264408827611697,7237,822,%B3264408827611697^WLISLGWLISLG^2907000000000000000?,%B3264408827611697=2607101950216032?,10/28/28,credit,0
CcS-7799,3218,SE470254852934328840062755,8903429000862482,6848,411,%B8903429000862482^ZCVNRBZCVNRB^2204000000000000000?,%B8903429000862482=3404101673694254?,01/25/28,prepaid,1
CcS-7800,3219,NL942524011840155123909165,0977871956738888,8564,649,%B0977871956738888^WRSRXCWRSRXC^2907000000000000000?,%B0977871956738888=2910101663835637?,02/27/28,debit,0
CcS-7801,3220,FR477488623501583276193951,6608251796316376,5147,742,%B6608251796316376^NUJKIDNUJKID^3006000000000000000?,%B6608251796316376=2403101614307145?,03/27/28,debit,0
CcS-7802,3221,PL773968718748588263365345,9226629920284755,4959,656,%B9226629920284755^QYKDAPQYKDAP^2508000000000000000?,%B9226629920284755=2807101621669330?,11/28/28,credit,0
CcS-7803,3222,PT343939905084187323938531,5820191861977022,6842,225,%B5820191861977022^EOKETQEOKETQ^2308000000000000000?,%B5820191861977022=3402101790567291?,11/28/28,debit,0
CcS-7804,3223,CA374106273426304161316211,1484750133861958,8816,135,%B1484750133861958^TOEYQSTOEYQS^2506000000000000000?,%B1484750133861958=2902101124059008?,08/26/28,credit,0
CcS-7805,3224,SE835769027786427447773254,8185681749469195,2933,210,%B8185681749469195^UJGYYXUJGYYX^2506000000000000000?,%B8185681749469195=3212101353809201?,10/27/28,credit,0
CcS-7806,3225,IT804264336070536544562262,0097454980844434,7583,504,%B0097454980844434^IDGYLMIDGYLM^3308000000000000000?,%B0097454980844434=2403101905103634?,08/28/28,debit,0
CcS-7807,3226,GB238518436539130731401738,9219642171235834,5649,226,%B9219642171235834^FBJVVGFBJVVG^2209000000000000000?,%B9219642171235834=3406101849628427?,08/27/28,debit,0
CcS-7808,3227,IT979371307512598968937113,5787067727628229,7892,454,%B5787067727628229^CSSTWDCSSTWD^3103000000000000000?,%B5787067727628229=2911101953524742?,04/26/28,debit,0
CcS-7809,3228,GB908832007884163933923186,7238233222875625,8460,187,%B7238233222875625^LRIMXALRIMXA^2908000000000000000?,%B7238233222875625=3103101655051387?,05/26/28,debit,0
CcS-7810,3229,CA441226267105857473570574,3995092936383830,6125,420,%B3995092936383830^WXEDBEWXEDBE^2909000000000000000?,%B3995092936383830=3403101172926396?,07/26/28,credit,0
CcS-7811,3230,GB314255466553329628856220,4082380228855336,3553,715,%B4082380228855336^KIFVTZKIFVTZ^2611000000000000000?,%B4082380228855336=3207101198374323?,05/26/28,debit,0
CcS-7812,3231,US827777462915016869779251,0548510792939528,2473,837,%B0548510792939528^HNWTVAHNWTVA^2709000000000000000?,%B0548510792939528=3306101803879703?,01/27/28,credit,0
CcS-7813,3232,PL205906848775230569841664,3600879867334476,8112,492,%B3600879867334476^IUJPTBIUJPTB^2403000000000000000?,%B3600879867334476=2802101853187647?,08/25/28,debit,1
CcS-7814,3233,PL461605552203609919147400,9354428203017473,1548,928,%B9354428203017473^RJWSZBRJWSZB^3207000000000000000?,%B9354428203017473=2706101715003048?,12/25/28,prepaid,1
CcS-7815,3234,IT542184027370798621099605,6987786979731527,8910,824,%B6987786979731527^HZBHEVHZBHEV^2602000000000000000?,%B6987786979731527=2508101490044951?,11/29/28,debit,0
CcS-7816,3235,FR849340760430335349262419,0076824250442218,1216,517,%B0076824250442218^TMIKVDTMIKVD^3203000000000000000?,%B0076824250442218=3408101461139310?,08/25/28,credit,1
CcS-7817,3236,SE427301661703747780086817,4121660604794061,5512,989,%B4121660604794061^COZECQCOZECQ^2509000000000000000?,%B4121660604794061=2712101233318179?,08/28/28,debit,0
CcS-7818,3237,NL543264033094178199314644,7556992996079007,1467,913,%B7556992996079007^FBBZKOFBBZKO^2603000000000000000?,%B7556992996079007=2308101140758517?,07/25/28,credit,1
CcS-7819,3238,PL425500981184526143710117,1634991026594280,8653,353,%B1634991026594280^HHRZXDHHRZXD^2905000000000000000?,%B1634991026594280=3303101981680976?,09/25/28,debit,1
CcS-7820,3239,CA779024779446000773465161,0017459457589492,7563,588,%B0017459457589492^QUCTAPQUCTAP^3108000000000000000?,%B0017459457589492=2407101879038239?,06/29/28,credit,0
CcS-7821,3240,CA853402752152661327733555,9681277718414531,3328,999,%B9681277718414531^MVLXBKMVLXBK^2503000000000000000?,%B9681277718414531=2808101644493759?,06/29/28,debit,0
CcS-7822,3241,ES476170965828445239549760,5081551531181609,6586,735,%B5081551531181609^YGIRSJYGIRSJ^3310000000000000000?,%B5081551531181609=2910101863514243?,08/27/28,debit,0
CcS-7823,3242,DE549823338783241419169358,8952606316763531,8598,193,%B8952606316763531^CUVPPTCUVPPT^2906000000000000000?,%B8952606316763531=2509101655974452?,08/28/28,debit,0
CcS-7824,3243,ES659202223247295030124882,9048223406639511,4119,114,%B9048223406639511^SLVJPRSLVJPR^3212000000000000000?,%B9048223406639511=2803101935888542?,04/28/28,credit,0
CcS-7825,3244,ES168314658657667594378838,5309982452447443,3414,866,%B5309982452447443^MGDKCHMGDKCH^2606000000000000000?,%B5309982452447443=2712101594734860?,08/28/28,debit,0
CcS-7826,3245,IT533724423829890448760618,4043215081764988,9704,158,%B4043215081764988^YLBCIVYLBCIV^2207000000000000000?,%B4043215081764988=3108101917720218?,07/26/28,debit,0
CcS-7827,3246,GB342843417777617541233418,4827053218349392,1209,887,%B4827053218349392^VTKDDSVTKDDS^3408000000000000000?,%B4827053218349392=3402101103729056?,08/26/28,debit,0
CcS-7828,3247,GB243876474151986297086917,7904775265595176,3407,319,%B7904775265595176^XGQJHPXGQJHP^2811000000000000000?,%B7904775265595176=2709101823912552?,09/29/28,debit,0
CcS-7829,3248,CA135348601089025588309819,8616900357699383,6714,690,%B8616900357699383^MQSAMFMQSAMF^2804000000000000000?,%B8616900357699383=3207101583888380?,12/28/28,credit,0
CcS-7830,3249,SE438498872828161417181368,0201296613585587,2163,657,%B0201296613585587^PAXUQAPAXUQA^2405000000000000000?,%B0201296613585587=2307101327339738?,05/28/28,credit,0
CcS-7831,3250,NL724724808030762419448412,5315693333453356,5737,908,%B5315693333453356^LDLCEYLDLCEY^2502000000000000000?,%B5315693333453356=3012101222496355?,09/28/28,prepaid,0
CcS-7832,3251,US370541112912826258534776,0362310038441197,6438,646,%B0362310038441197^XFRVATXFRVAT^3004000000000000000?,%B0362310038441197=2712101416813921?,07/28/28,debit,0
CcS-7833,3252,IT534803964340301848894234,8901016500576115,9359,857,%B8901016500576115^TERCPFTERCPF^2304000000000000000?,%B8901016500576115=2602101962870861?,07/27/28,debit,0
CcS-7834,3253,PT775777233643940362640392,7987046921218622,6888,617,%B7987046921218622^VVLQAIVVLQAI^2604000000000000000?,%B7987046921218622=2408101702773199?,07/29/28,credit,0
CcS-7835,3254,GB169367221550813862918131,2862428578212229,2665,359,%B2862428578212229^GWGMJUGWGMJU^2412000000000000000?,%B2862428578212229=2207101243907305?,04/27/28,debit,0
CcS-7836,3255,ES347267070518999239426164,1349713897291991,8401,782,%B1349713897291991^EPCCYJEPCCYJ^2210000000000000000?,%B1349713897291991=2505101239534914?,11/25/28,debit,1
CcS-7837,3256,NL298874290925353879597648,9874545051044110,3297,177,%B9874545051044110^GVOQVFGVOQVF^2312000000000000000?,%B9874545051044110=2812101496876567?,07/26/28,credit,0
CcS-7838,3257,US778337563033174843299068,2230951977877068,1886,283,%B2230951977877068^VCPVHOVCPVHO^2212000000000000000?,%B2230951977877068=3411101301783886?,09/27/28,credit,0
CcS-7839,3258,IT388510351505413814219798,9533558819142466,1964,191,%B9533558819142466^OGUOPFOGUOPF^3012000000000000000?,%B9533558819142466=2907101186812757?,02/25/28,prepaid,1
CcS-7840,3259,FR354625603695917618514018,8703444874268946,9184,610,%B8703444874268946^NWBUJVNWBUJV^2308000000000000000?,%B8703444874268946=3012101142901995?,08/28/28,debit,0
CcS-7841,3260,US858390450705824001564000,5144947592512159,6524,651,%B5144947592512159^PMFMIWPMFMIW^2502000000000000000?,%B5144947592512159=2906101226459540?,09/27/28,debit,0
CcS-7842,3261,FR423784398526891814016363,0410070427931345,6673,949,%B0410070427931345^BFOVQVBFOVQV^3006000000000000000?,%B0410070427931345=2508101392032738?,12/28/28,debit,0
CcS-7843,3262,IT498566010073974082669937,7040108977443175,3646,890,%B7040108977443175^JAIZKWJAIZKW^3307000000000000000?,%B7040108977443175=2311101529134083?,05/29/28,credit,0
CcS-7844,3263,DE147415739876676041445556,6156764696373357,5485,446,%B6156764696373357^SJVZIKSJVZIK^2411000000000000000?,%B6156764696373357=3212101488370997?,05/29/28,credit,0
CcS-7845,3264,GB786171481116483075829601,8170105054616223,6305,282,%B8170105054616223^EWUOLNEWUOLN^2512000000000000000?,%B8170105054616223=2412101705966727?,06/25/28,prepaid,1
CcS-7846,3265,FR701748253664943865243414,6941821415449045,1069,660,%B6941821415449045^AJCYRTAJCYRT^2410000000000000000?,%B6941821415449045=2803101739735118?,09/27/28,credit,0
CcS-7847,3266,NL819230829504944064075630,7572618897561535,8684,233,%B7572618897561535^CMZHUMCMZHUM^2908000000000000000?,%B7572618897561535=2608101177073795?,02/26/28,premium_credit,0
CcS-7848,3267,ES148541782979493986344142,8876949562762168,1473,418,%B8876949562762168^LIDLDYLIDLDY^2304000000000000000?,%B8876949562762168=2710101993399190?,07/29/28,credit,0
CcS-7849,3268,PT677887119454007472417046,6345888721347191,7548,577,%B6345888721347191^BDDYYABDDYYA^2405000000000000000?,%B6345888721347191=3011101718609827?,05/25/28,premium_credit,1
CcS-7850,3269,IT242384265292392500673618,7367762592352448,9883,370,%B7367762592352448^DVLDILDVLDIL^2203000000000000000?,%B7367762592352448=2312101274498119?,06/26/28,credit,0
CcS-7851,3270,US186466262266569948042760,7073866204362595,5721,250,%B7073866204362595^RFDSAQRFDSAQ^2605000000000000000?,%B7073866204362595=2310101446795251?,02/26/28,credit,0
CcS-7852,3271,DE364007287554157561129673,4568064631355684,7500,202,%B4568064631355684^LSFRDYLSFRDY^2209000000000000000?,%B4568064631355684=3410101864956838?,04/25/28,credit,1
CcS-7853,3272,NL305863776499592231521803,3885961216012952,3447,144,%B3885961216012952^JRPNUHJRPNUH^2309000000000000000?,%B3885961216012952=2312101927124872?,01/28/28,credit,0
CcS-7854,3273,DE793956552773784263720458,5484576805784144,7940,822,%B5484576805784144^MLZQWNMLZQWN^3001000000000000000?,%B5484576805784144=3009101553152716?,04/26/28,debit,0
CcS-7855,3274,ES509399529851660305428855,9140766691600166,6543,456,%B9140766691600166^JKVVLKJKVVLK^3409000000000000000?,%B9140766691600166=2312101924626458?,02/25/28,debit,1
CcS-7856,3275,US889271795336683831689155,7401076548732298,4689,758,%B7401076548732298^ZMOCYEZMOCYE^2711000000000000000?,%B7401076548732298=3206101478371208?,08/28/28,credit,0
CcS-7857,3276,IT772743349357165310778483,0111209221093119,2667,221,%B0111209221093119^VYEMAPVYEMAP^2211000000000000000?,%B0111209221093119=2902101651390374?,10/28/28,prepaid,0
CcS-7858,3277,ES794493448060024880200810,3401146618967721,4316,890,%B3401146618967721^ZHXQPQZHXQPQ^2809000000000000000?,%B3401146618967721=3407101589873097?,12/28/28,credit,0
CcS-7859,3278,NL302947575339927987898232,4612405586898999,8610,930,%B4612405586898999^JQNZPYJQNZPY^2306000000000000000?,%B4612405586898999=2501101714772113?,06/27/28,credit,0
CcS-7860,3279,CA502530727470524382632923,8087938125110100,7591,170,%B8087938125110100^FPZXWDFPZXWD^3212000000000000000?,%B8087938125110100=2901101713543076?,06/26/28,credit,0
CcS-7861,3280,US175071829658212345692822,9760562286925236,5280,800,%B9760562286925236^ECKKXAECKKXA^3405000000000000000?,%B9760562286925236=3310101897109136?,10/25/28,debit,1
CcS-7862,3281,ES782600487179838376687995,8168558777654120,9020,962,%B8168558777654120^GOCOHHGOCOHH^2910000000000000000?,%B8168558777654120=2506101331000849?,07/27/28,debit,0
CcS-7863,3282,GB923058693071167113887676,8191420930889922,9032,430,%B8191420930889922^IWDRNRIWDRNR^3202000000000000000?,%B8191420930889922=2610101858995798?,01/26/28,debit,0
CcS-7864,3283,NL557768627200319705372460,9911961536881252,7034,852,%B9911961536881252^WOWGMEWOWGME^3003000000000000000?,%B9911961536881252=3303101303363536?,04/29/28,debit,0
CcS-7865,3284,ES953119676877540190832916,5583705962383947,2476,502,%B5583705962383947^MAHPWEMAHPWE^2505000000000000000?,%B5583705962383947=2209101856296971?,07/27/28,debit,0
CcS-7866,3285,DE236009341951691083078599,5191636096174613,9052,838,%B5191636096174613^VHJDUUVHJDUU^3305000000000000000?,%B5191636096174613=2406101320164117?,02/27/28,credit,0
CcS-7867,3286,FR981725506641365874623608,4824040474783928,5786,306,%B4824040474783928^ZTQJKRZTQJKR^3001000000000000000?,%B4824040474783928=3009101147894826?,05/27/28,debit,0
CcS-7868,3287,NL534069824920769724685266,1026057073611750,5169,262,%B1026057073611750^VCDDQHVCDDQH^2905000000000000000?,%B1026057073611750=2803101477243991?,08/25/28,debit,1
CcS-7869,3288,SE325003966756549593677326,5497175872928975,5377,195,%B5497175872928975^IFBBYDIFBBYD^3310000000000000000?,%B5497175872928975=3101101439107644?,01/28/28,debit,0
CcS-7870,3289,CA890225134598941690767054,3826346993580598,2950,536,%B3826346993580598^QUFAOUQUFAOU^2512000000000000000?,%B3826346993580598=2701101500624324?,07/25/28,credit,1
CcS-7871,3290,SE161791185281739142875581,0200339302691693,4342,261,%B0200339302691693^EEHUINEEHUIN^2804000000000000000?,%B0200339302691693=2512101974068600?,02/26/28,credit,0
CcS-7872,3291,US822234490951180198339843,6176874819293592,8102,703,%B6176874819293592^YHFPGRYHFPGR^2704000000000000000?,%B6176874819293592=2506101140865140?,11/25/28,premium_credit,1
CcS-7873,3292,GB183699029378022744755690,4697036833534727,9022,363,%B4697036833534727^KHUIEEKHUIEE^3205000000000000000?,%B4697036833534727=2812101881748886?,03/29/28,debit,0
CcS-7874,3293,PT869553219305649990256812,2630351086759498,1012,251,%B2630351086759498^HGPMLEHGPMLE^2805000000000000000?,%B2630351086759498=2902101982025330?,02/28/28,premium_credit,0
CcS-7875,3294,US196545076218488228262024,9723729072266793,9629,416,%B9723729072266793^YFQZLVYFQZLV^2510000000000000000?,%B9723729072266793=2506101658534871?,10/25/28,debit,1
CcS-7876,3295,GB529018971273135724277590,1666320737994222,9430,918,%B1666320737994222^ZRZIOWZRZIOW^3206000000000000000?,%B1666320737994222=2608101420141511?,03/26/28,premium_credit,0
CcS-7877,3296,US397251088401051095189297,5886187439202050,1232,259,%B5886187439202050^SGTWPFSGTWPF^2512000000000000000?,%B5886187439202050=3201101103828549?,01/27/28,prepaid,0
CcS-7878,3297,ES449459451865398632975167,8167486588740930,3668,260,%B8167486588740930^QTHRCCQTHRCC^2311000000000000000?,%B8167486588740930=2507101759432948?,03/28/28,debit,0
CcS-7879,3298,NL521956984091701492394242,4896452721157896,3684,110,%B4896452721157896^EZDLBPEZDLBP^2212000000000000000?,%B4896452721157896=2905101758995470?,09/26/28,credit,0
CcS-7880,3299,ES436373621262977067879572,1977174064813538,7031,999,%B1977174064813538^ONLLNSONLLNS^2212000000000000000?,%B1977174064813538=3408101156270594?,07/27/28,credit,0
CcS-7881,3300,US617652544344499711529999,3226786363399722,3210,799,%B3226786363399722^NACTQYNACTQY^2303000000000000000?,%B3226786363399722=2709101691593608?,08/28/28,credit,0
CcS-7882,3301,US893182688509184915699950,2127300557001729,7909,483,%B2127300557001729^QPAZCSQPAZCS^2809000000000000000?,%B2127300557001729=2312101640554425?,05/27/28,debit,0
CcS-7883,3302,FR868085192891479575378420,3493088850332610,5734,785,%B3493088850332610^LLIBETLLIBET^2511000000000000000?,%B3493088850332610=3110101874158569?,07/27/28,debit,0
CcS-7884,3303,ES678691220202242920806676,8897976962795842,6887,253,%B8897976962795842^INWKSPINWKSP^3106000000000000000?,%B8897976962795842=2706101420703282?,10/28/28,premium_credit,0
CcS-7885,3304,US317933275776241023312781,4222420756119810,7483,328,%B4222420756119810^NILCULNILCUL^2405000000000000000?,%B4222420756119810=2203101407295758?,11/27/28,debit,0
CcS-7886,3305,NL438026766566889997853817,4556854746884500,8354,588,%B4556854746884500^NRQVYCNRQVYC^2901000000000000000?,%B4556854746884500=2207101785988877?,12/25/28,premium_credit,1
CcS-7887,3306,IT228937692078431037803411,5550000864525466,3097,530,%B5550000864525466^YIONOAYIONOA^3204000000000000000?,%B5550000864525466=2605101344742140?,09/27/28,debit,0
CcS-7888,3307,DE590362824141784539694401,1821239081005967,6364,701,%B1821239081005967^AMNRZWAMNRZW^3211000000000000000?,%B1821239081005967=2310101525064716?,08/25/28,credit,1
CcS-7889,3308,DE144932342531209646402866,9512718426201253,1558,752,%B9512718426201253^AIFKNEAIFKNE^2801000000000000000?,%B9512718426201253=2905101202702992?,07/26/28,debit,0
CcS-7890,3309,ES619335567878826249872549,8764210104882759,7487,669,%B8764210104882759^FMZNXQFMZNXQ^3310000000000000000?,%B8764210104882759=2805101788619677?,10/29/28,credit,0
CcS-7891,3310,ES377725000898946315163318,6776090899675744,9441,525,%B6776090899675744^PNZOCKPNZOCK^3106000000000000000?,%B6776090899675744=2909101690650724?,01/26/28,credit,0
CcS-7892,3311,SE722598786898464068434389,1479519117446824,4859,723,%B1479519117446824^EHMHASEHMHAS^2307000000000000000?,%B1479519117446824=3202101829415798?,04/25/28,credit,1
CcS-7893,3312,GB764446962079338667080948,6584869037098026,6104,125,%B6584869037098026^HSGJTBHSGJTB^3301000000000000000?,%B6584869037098026=2707101284664982?,10/26/28,credit,0
CcS-7894,3313,FR141647416615439774384315,4337671901843307,2562,670,%B4337671901843307^WPWTHBWPWTHB^3208000000000000000?,%B4337671901843307=3201101339381395?,06/25/28,credit,1
CcS-7895,3314,PT615460215023544407915699,1482046272113379,7236,348,%B1482046272113379^UEPOPOUEPOPO^2410000000000000000?,%B1482046272113379=2202101388775689?,08/26/28,credit,0
CcS-7896,3315,CA768398197464568500094558,7209437430032396,6260,370,%B7209437430032396^ATGSFUATGSFU^2510000000000000000?,%B7209437430032396=2307101290536495?,09/26/28,debit,0
CcS-7897,3316,FR660727151656898579591443,9458440401499552,5209,597,%B9458440401499552^XTGLJTXTGLJT^3204000000000000000?,%B9458440401499552=3209101100185903?,03/29/28,credit,0
CcS-7898,3317,FR781652673754759753126558,9562248600562934,6711,368,%B9562248600562934^JJIXQKJJIXQK^2301000000000000000?,%B9562248600562934=2206101671284557?,06/26/28,credit,0
CcS-7899,3318,GB650246434048295859556571,3007708964516537,6220,203,%B3007708964516537^PYDFRPPYDFRP^2510000000000000000?,%B3007708964516537=3410101191679045?,11/25/28,debit,1
CcS-7900,3319,PL148422849615070257909320,6873388228161267,7378,624,%B6873388228161267^MKSASNMKSASN^3109000000000000000?,%B6873388228161267=2411101192552008?,09/28/28,credit,0
CcS-7901,3320,CA797624475260161196938699,5907227745389736,4782,364,%B5907227745389736^TXCIQVTXCIQV^3401000000000000000?,%B5907227745389736=3305101947492029?,01/28/28,credit,0
CcS-7902,3321,NL264778869658707185463897,3410918758669413,9102,187,%B3410918758669413^SPYKLGSPYKLG^3302000000000000000?,%B3410918758669413=3106101305564240?,09/26/28,debit,0
CcS-7903,3322,PL197710314699409458024060,3128757580588861,4897,899,%B3128757580588861^SFVEURSFVEUR^2501000000000000000?,%B3128757580588861=2310101580101510?,12/29/28,debit,0
CcS-7904,3323,SE642086988894655295954394,2344450298204289,5950,446,%B2344450298204289^KOAOIUKOAOIU^2305000000000000000?,%B2344450298204289=3108101966502433?,05/29/28,premium_credit,0
CcS-7905,3324,SE333838986690122281005611,1637544293817362,6249,252,%B1637544293817362^GRNXKFGRNXKF^2409000000000000000?,%B1637544293817362=2710101539245855?,12/25/28,debit,1
CcS-7906,3325,PT686347361189726033738969,1869810762394409,9051,964,%B1869810762394409^QNOFWIQNOFWI^2208000000000000000?,%B1869810762394409=2704101568898179?,10/26/28,prepaid,0
CcS-7907,3326,PL434739549275309027710407,5710216301341878,7305,473,%B5710216301341878^PDNEBVPDNEBV^3101000000000000000?,%B5710216301341878=2201101469203019?,05/26/28,debit,0
CcS-7908,3327,NL613564066411883364043208,7886364766018937,2828,539,%B7886364766018937^IBOZUPIBOZUP^2211000000000000000?,%B7886364766018937=2808101204251282?,12/27/28,debit,0
CcS-7909,3328,SE936551803382810610872109,9687189665372784,5381,904,%B9687189665372784^VSQHCGVSQHCG^2906000000000000000?,%B9687189665372784=2909101477193886?,10/25/28,credit,1
CcS-7910,3329,SE911540966431678510120468,7053116421161477,7805,419,%B7053116421161477^YPTFOGYPTFOG^3304000000000000000?,%B7053116421161477=2812101975231181?,10/27/28,credit,0
CcS-7911,3330,DE764866221838370055669288,1582480802150652,6126,150,%B1582480802150652^KXSEPRKXSEPR^2602000000000000000?,%B1582480802150652=3406101111956397?,01/28/28,debit,0
CcS-7912,3331,GB846355456166694240426355,3842806450179449,9148,349,%B3842806450179449^YYBMPMYYBMPM^2612000000000000000?,%B3842806450179449=2211101963726634?,08/28/28,credit,0
CcS-7913,3332,PT680225971562014035057077,0073466929294542,3915,797,%B0073466929294542^UAITQMUAITQM^3211000000000000000?,%B0073466929294542=2503101326948000?,12/27/28,credit,0
CcS-7914,3333,PT175748337470947762996258,1491878997640073,5675,464,%B1491878997640073^YFDMSUYFDMSU^2403000000000000000?,%B1491878997640073=2707101601819201?,02/28/28,credit,0
CcS-7915,3334,GB324357548692914450468266,7678128644138702,8601,275,%B7678128644138702^JLSKDBJLSKDB^3309000000000000000?,%B7678128644138702=2608101819620839?,05/25/28,credit,1
CcS-7916,3335,FR670537557470917044110352,1968168449077967,9872,927,%B1968168449077967^SSVVNASSVVNA^2504000000000000000?,%B1968168449077967=2202101135321680?,12/29/28,debit,0
CcS-7917,3336,PL731895803698002544824616,6995958732576797,7470,470,%B6995958732576797^EGTEHWEGTEHW^2903000000000000000?,%B6995958732576797=2703101841324520?,05/26/28,debit,0
CcS-7918,3337,FR256162480569838035600868,8602656447528046,8773,671,%B8602656447528046^FZMHLNFZMHLN^3101000000000000000?,%B8602656447528046=3412101743003144?,04/29/28,credit,0
CcS-7919,3338,IT678457892145730397197313,3439568478613925,1678,231,%B3439568478613925^SDYPXISDYPXI^3106000000000000000?,%B3439568478613925=3107101213537976?,11/25/28,debit,1
CcS-7920,3339,FR606232726198527753284386,4936021791565434,7495,938,%B4936021791565434^DCBDEGDCBDEG^3108000000000000000?,%B4936021791565434=2204101810920891?,06/25/28,debit,1
CcS-7921,3340,GB764171044056881783640971,4681260372122745,8316,529,%B4681260372122745^XWJZBWXWJZBW^2711000000000000000?,%B4681260372122745=3205101787805163?,09/25/28,credit,1
CcS-7922,3341,PT324931025884226629672497,0568978538882681,2047,714,%B0568978538882681^BMNGRZBMNGRZ^2508000000000000000?,%B0568978538882681=3004101326178577?,07/29/28,debit,0
CcS-7923,3342,FR615746962054804254378808,2965049914861422,5443,536,%B2965049914861422^DDCCLEDDCCLE^2801000000000000000?,%B2965049914861422=3311101485750792?,09/29/28,credit,0
CcS-7924,3343,IT183804747411721032704950,0825313055327989,2086,105,%B0825313055327989^XQDMWYXQDMWY^2402000000000000000?,%B0825313055327989=2310101381341236?,01/26/28,debit,0
CcS-7925,3344,IT916829178125255217680000,5765458079184928,1812,573,%B5765458079184928^FUTLJZFUTLJZ^2710000000000000000?,%B5765458079184928=2807101497008973?,05/27/28,debit,0
CcS-7926,3345,ES802788177200388160494782,4668370840154759,7294,958,%B4668370840154759^WNTXPNWNTXPN^3202000000000000000?,%B4668370840154759=2506101328659967?,09/25/28,debit,1
CcS-7927,3346,PT888930395521789932901755,8117196446940977,5991,984,%B8117196446940977^ZPOOAAZPOOAA^2305000000000000000?,%B8117196446940977=3108101814635280?,03/26/28,credit,0
CcS-7928,3347,DE565325239766578027080865,2056159563256945,3190,704,%B2056159563256945^KWLGVUKWLGVU^2802000000000000000?,%B2056159563256945=2807101435366992?,04/28/28,credit,0
CcS-7929,3348,CA159349126472200168543360,2166047555759580,2945,286,%B2166047555759580^YAVWOJYAVWOJ^2303000000000000000?,%B2166047555759580=2611101255571005?,01/26/28,debit,0
CcS-7930,3349,PT623951493295615909352823,7414287490522328,3189,234,%B7414287490522328^HXTJVXHXTJVX^2611000000000000000?,%B7414287490522328=2502101293045381?,05/27/28,debit,0
CcS-7931,3350,US347913122641531213273929,2548167112776571,7936,666,%B2548167112776571^RJPYYGRJPYYG^2410000000000000000?,%B2548167112776571=2306101406190136?,11/26/28,premium_credit,0
CcS-7932,3351,SE413629865578227236611345,7964444086310264,7079,845,%B7964444086310264^WYQFMDWYQFMD^2401000000000000000?,%B7964444086310264=3205101813030336?,08/29/28,debit,0
CcS-7933,3352,PL222010159677961843179305,6457158372335100,6055,969,%B6457158372335100^SVMKQESVMKQE^2803000000000000000?,%B6457158372335100=2812101482884299?,08/26/28,debit,0
CcS-7934,3353,GB923669486947915763024521,9781684972834749,8135,478,%B9781684972834749^FCXQMIFCXQMI^3004000000000000000?,%B9781684972834749=3007101107335597?,06/27/28,debit,0
CcS-7935,3354,US212768278745981809500233,8269887297427225,4251,432,%B8269887297427225^GZNLSJGZNLSJ^3409000000000000000?,%B8269887297427225=3204101911177077?,06/27/28,prepaid,0
CcS-7936,3355,US334536173590139800697627,7952589361514084,4625,916,%B7952589361514084^HPWCJBHPWCJB^3304000000000000000?,%B7952589361514084=3006101769308595?,02/27/28,debit,0
CcS-7937,3356,GB397184255267109891719241,3544107419835473,1782,217,%B3544107419835473^TWYWDZTWYWDZ^3205000000000000000?,%B3544107419835473=2506101165146037?,03/26/28,premium_credit,0
CcS-7938,3357,SE202611602133904683580907,9509215299936430,7441,878,%B9509215299936430^IPSLXEIPSLXE^3301000000000000000?,%B9509215299936430=3305101684447623?,11/25/28,debit,1
CcS-7939,3358,PT720964759322018463148874,4316984583007870,6107,774,%B4316984583007870^ZFDNCSZFDNCS^2303000000000000000?,%B4316984583007870=2308101118558211?,06/26/28,credit,0
CcS-7940,3359,CA646036230719022616093764,5140202826283832,8625,877,%B5140202826283832^BGGKPYBGGKPY^2503000000000000000?,%B5140202826283832=3312101828739459?,03/29/28,debit,0
CcS-7941,3360,PT210104290061869003257960,1839592941846839,3241,978,%B1839592941846839^IUFWVMIUFWVM^2310000000000000000?,%B1839592941846839=3211101175893798?,02/29/28,credit,0
CcS-7942,3361,CA961732645382413694546862,9346758626866550,1806,580,%B9346758626866550^JOUPURJOUPUR^2411000000000000000?,%B9346758626866550=3410101435701983?,06/25/28,credit,1
CcS-7943,3362,ES725678032557330227778754,7217565285618833,5520,762,%B7217565285618833^DZYGHKDZYGHK^2811000000000000000?,%B7217565285618833=2405101946383637?,11/26/28,credit,0
CcS-7944,3363,ES626801737505070495732477,3423256757935438,8436,359,%B3423256757935438^JGJFDMJGJFDM^2704000000000000000?,%B3423256757935438=3408101133824329?,03/25/28,debit,1
CcS-7945,3364,ES601307177757351608916515,4371720891511790,6297,461,%B4371720891511790^OUQQWVOUQQWV^2606000000000000000?,%B4371720891511790=3402101460684485?,07/26/28,debit,0
CcS-7946,3365,DE308689361076493154989142,3700817585508423,1581,890,%B3700817585508423^RKSANRRKSANR^3403000000000000000?,%B3700817585508423=2311101147580242?,04/27/28,premium_credit,0
CcS-7947,3366,SE744503110521749001211460,3858576954026331,5780,106,%B3858576954026331^QNEFRMQNEFRM^3209000000000000000?,%B3858576954026331=3009101266569453?,07/29/28,credit,0
CcS-7948,3367,DE451089696555196318654920,6234848409199568,6027,314,%B6234848409199568^PRNSOHPRNSOH^2509000000000000000?,%B6234848409199568=2804101721043918?,05/27/28,debit,0
CcS-7949,3368,PL486268880017705920415370,3545309194094168,6500,420,%B3545309194094168^SCTFVWSCTFVW^3403000000000000000?,%B3545309194094168=3308101612925918?,09/29/28,debit,0
CcS-7950,3369,CA488356796655087805581015,8623984358443695,3909,376,%B8623984358443695^NGOAMRNGOAMR^3012000000000000000?,%B8623984358443695=2601101189120175?,09/29/28,prepaid,0
CcS-7951,3370,FR792328295544787792584384,9452858847126081,2668,598,%B9452858847126081^NFJMHBNFJMHB^3208000000000000000?,%B9452858847126081=2508101617416170?,08/28/28,premium_credit,0
CcS-7952,3371,IT126720948832411548309576,3464320641006430,4935,242,%B3464320641006430^ULZNSGULZNSG^2211000000000000000?,%B3464320641006430=2305101529786718?,03/29/28,credit,0
CcS-7953,3372,PT409427867192391279655175,3495571562415434,6473,528,%B3495571562415434^PNCNNHPNCNNH^2210000000000000000?,%B3495571562415434=2802101638048237?,12/25/28,credit,1
CcS-7954,3373,CA319411646734050292691835,4984736636274530,4837,665,%B4984736636274530^ECGLZMECGLZM^2803000000000000000?,%B4984736636274530=3402101588765553?,06/27/28,credit,0
CcS-7955,3374,NL469319096442028345846801,4133101961465843,4576,727,%B4133101961465843^KMNPPXKMNPPX^2901000000000000000?,%B4133101961465843=2906101869274904?,03/27/28,debit,0
CcS-7956,3375,CA978698655063920698019389,8681064236757759,5934,263,%B8681064236757759^UULYUVUULYUV^3308000000000000000?,%B8681064236757759=3106101238844524?,08/25/28,debit,1
CcS-7957,3376,PT703811555908160086492707,7982362180648156,2137,563,%B7982362180648156^GFXXUZGFXXUZ^2402000000000000000?,%B7982362180648156=3302101469723514?,10/29/28,debit,0
CcS-7958,3377,NL766335148232626420489389,4414528453983478,8294,438,%B4414528453983478^FJOXOTFJOXOT^2401000000000000000?,%B4414528453983478=2802101714690548?,11/25/28,debit,1
CcS-7959,3378,DE955352634541377691385784,7283055581898750,7019,582,%B7283055581898750^INVPVFINVPVF^2503000000000000000?,%B7283055581898750=3107101244566376?,03/27/28,debit,0
CcS-7960,3379,GB567240219110539141734750,0145163448016363,9422,484,%B0145163448016363^VNCTKAVNCTKA^2409000000000000000?,%B0145163448016363=3307101878708457?,10/26/28,debit,0
CcS-7961,3380,NL215653311697556291316864,4511546714572653,1887,534,%B4511546714572653^VRGSXTVRGSXT^3111000000000000000?,%B4511546714572653=2510101372320401?,04/26/28,credit,0
CcS-7962,3381,PT220023481327008037341898,8386263895905843,5178,660,%B8386263895905843^YCHLRMYCHLRM^3105000000000000000?,%B8386263895905843=3411101619371731?,08/29/28,credit,0
CcS-7963,3382,SE548201706123234548985586,2150072193826368,3723,177,%B2150072193826368^FTURGJFTURGJ^2209000000000000000?,%B2150072193826368=2404101668589097?,06/25/28,debit,1
CcS-7964,3383,FR496794790612729652284619,1666890195209158,4865,743,%B1666890195209158^NZBEDCNZBEDC^2507000000000000000?,%B1666890195209158=2412101553197168?,11/29/28,debit,0
CcS-7965,3384,PT580934417104673042068837,4624795100573874,6641,730,%B4624795100573874^DUPACJDUPACJ^2201000000000000000?,%B4624795100573874=2912101228500732?,12/28/28,debit,0
CcS-7966,3385,PT743317763440563271062252,1191541466151685,8473,704,%B1191541466151685^SIXLJWSIXLJW^2710000000000000000?,%B1191541466151685=3208101381324338?,07/28/28,credit,0
CcS-7967,3386,IT196842917415720474269641,6833991447883859,1603,336,%B6833991447883859^FQNDLPFQNDLP^2412000000000000000?,%B6833991447883859=2904101275800856?,09/26/28,credit,0
CcS-7968,3387,DE736773093157992583515062,3957752818982774,6347,461,%B3957752818982774^ZPRZTWZPRZTW^3103000000000000000?,%B3957752818982774=3407101447232761?,01/28/28,debit,0
CcS-7969,3388,GB952954001239599167369805,7454507188440950,1535,914,%B7454507188440950^YKYOLUYKYOLU^2308000000000000000?,%B7454507188440950=2303101674783574?,03/27/28,credit,0
CcS-7970,3389,FR788521520863125721478316,6373769883620480,8589,560,%B6373769883620480^BVRMYUBVRMYU^2302000000000000000?,%B6373769883620480=3406101331249013?,05/26/28,debit,0
CcS-7971,3390,US314381909161509367741326,6081260833650976,3183,812,%B6081260833650976^FNJJOLFNJJOL^2205000000000000000?,%B6081260833650976=2511101209538693?,09/29/28,credit,0
CcS-7972,3391,US772002893970712074871539,0649530168787387,7774,820,%B0649530168787387^GGHGLBGGHGLB^3107000000000000000?,%B0649530168787387=2908101320719916?,04/27/28,credit,0
CcS-7973,3392,ES273772776144303060364281,7551632712849649,3619,748,%B7551632712849649^YPFHBSYPFHBS^2502000000000000000?,%B7551632712849649=3207101651641958?,04/27/28,debit,0
CcS-7974,3393,DE827468166363830543230416,7272755276522348,1782,570,%B7272755276522348^AMZPVZAMZPVZ^3212000000000000000?,%B7272755276522348=3209101260020877?,06/25/28,credit,1
CcS-7975,3394,SE115992723210009490431272,4234114268563397,7776,576,%B4234114268563397^ONYWMVONYWMV^2206000000000000000?,%B4234114268563397=2911101830631386?,06/26/28,debit,0
CcS-7976,3395,DE171996975845381055553867,2692395896342123,3584,334,%B2692395896342123^FPBQFKFPBQFK^3311000000000000000?,%B2692395896342123=3103101378203500?,02/26/28,premium_credit,0
CcS-7977,3396,PT313565568722156858130529,8306145069628081,2056,693,%B8306145069628081^CLPWRKCLPWRK^3304000000000000000?,%B8306145069628081=3306101437095825?,10/25/28,debit,1
CcS-7978,3397,NL515683393125189292513034,2176941791909657,3341,947,%B2176941791909657^ARZYQWARZYQW^2305000000000000000?,%B2176941791909657=3005101430756687?,04/26/28,debit,0
CcS-7979,3398,GB308634094545659118593944,7526521062545982,3726,547,%B7526521062545982^EVZPPXEVZPPX^2804000000000000000?,%B7526521062545982=3412101821329251?,10/25/28,debit,1
CcS-7980,3399,CA344315719634198290305338,6725749038280695,2647,266,%B6725749038280695^ZYJXGXZYJXGX^2409000000000000000?,%B6725749038280695=3412101363242238?,12/25/28,credit,1
CcS-7981,3400,PL488493480680263897932465,5201269694200861,6183,368,%B5201269694200861^VSZXBFVSZXBF^3102000000000000000?,%B5201269694200861=3104101265652615?,03/25/28,prepaid,1
CcS-7982,3401,US291460436563472395698424,3042427208020150,7236,861,%B3042427208020150^OXXLHUOXXLHU^3109000000000000000?,%B3042427208020150=3001101201369014?,06/25/28,credit,1
CcS-7983,3402,IT156231549933024162717488,3137262570229244,4807,930,%B3137262570229244^VEZGKJVEZGKJ^2302000000000000000?,%B3137262570229244=3110101221457045?,07/26/28,credit,0
CcS-7984,3403,NL202004919823991125647014,3340298174147028,4032,841,%B3340298174147028^RZTYAORZTYAO^2401000000000000000?,%B3340298174147028=2503101286513643?,09/26/28,premium_credit,0
CcS-7985,3404,IT632596462763694942636693,7678575907779616,2879,588,%B7678575907779616^UEPSRYUEPSRY^3406000000000000000?,%B7678575907779616=3111101411443761?,12/25/28,credit,1
CcS-7986,3405,NL980162618844787951991124,2475994929424422,7701,257,%B2475994929424422^FXKIQZFXKIQZ^2404000000000000000?,%B2475994929424422=2906101817446744?,10/29/28,credit,0
CcS-7987,3406,NL976492239295403789539187,8856255418182632,5768,114,%B8856255418182632^XCJLIJXCJLIJ^3408000000000000000?,%B8856255418182632=2403101806038850?,01/27/28,debit,0
CcS-7988,3407,GB370756297245740059599668,8476227574404451,8628,656,%B8476227574404451^SOXVUNSOXVUN^2303000000000000000?,%B8476227574404451=2204101476677238?,05/27/28,credit,0
CcS-7989,3408,DE989223531614479495332138,6841618891020929,3108,867,%B6841618891020929^LQUHZWLQUHZW^3104000000000000000?,%B6841618891020929=3208101154070328?,03/27/28,premium_credit,0
CcS-7990,3409,FR223848888680355000708918,0634728677930634,3197,458,%B0634728677930634^SJOVLNSJOVLN^2503000000000000000?,%B0634728677930634=2603101757480501?,07/25/28,credit,1
CcS-7991,3410,ES353887401383404189984795,5432608520553297,5584,126,%B5432608520553297^HXTIVFHXTIVF^3405000000000000000?,%B5432608520553297=3312101217090250?,08/27/28,debit,0
CcS-7992,3411,DE353936431139776368742138,0918792288219330,2983,663,%B0918792288219330^BAXIPQBAXIPQ^2802000000000000000?,%B0918792288219330=2801101639034352?,09/26/28,credit,0
CcS-7993,3412,DE279425872330426644030078,8595471749228229,4182,822,%B8595471749228229^BLFVDXBLFVDX^3306000000000000000?,%B8595471749228229=3111101597195519?,05/26/28,credit,0
CcS-7994,3413,PT128080997070714675726619,2933905093413716,6381,274,%B2933905093413716^SAKQRUSAKQRU^2707000000000000000?,%B2933905093413716=3301101880311280?,08/29/28,prepaid,0
CcS-7995,3414,CA508182006706665339577295,2914429465516047,9203,729,%B2914429465516047^GDSQQJGDSQQJ^3202000000000000000?,%B2914429465516047=2207101240152725?,07/28/28,prepaid,0
CcS-7996,3415,US900355162525997402076933,7840595239192912,2162,664,%B7840595239192912^KASRVMKASRVM^2307000000000000000?,%B7840595239192912=3410101408992844?,05/25/28,debit,1
CcS-7997,3416,US420441918148711432311326,2399591503437474,8376,704,%B2399591503437474^RHBEIJRHBEIJ^2401000000000000000?,%B2399591503437474=2908101736883848?,03/26/28,premium_credit,0
CcS-7998,3417,PT433147178487148871506576,3381293980541380,4324,321,%B3381293980541380^AHDNOVAHDNOV^2312000000000000000?,%B3381293980541380=2612101227162206?,07/28/28,prepaid,0
CcS-7999,3418,DE691597014870768395338096,9581149236575220,6750,434,%B9581149236575220^BKBOTEBKBOTE^2907000000000000000?,%B9581149236575220=2808101711467106?,01/29/28,debit,0
CcS-8000,3419,FR405053767098992180543901,7612874031243951,2882,543,%B7612874031243951^EGIYLZEGIYLZ^2409000000000000000?,%B7612874031243951=3404101187686353?,08/27/28,debit,0
CcS-8001,3420,PL325472893051322171040540,3383153417058210,8063,781,%B3383153417058210^LEVXZFLEVXZF^3306000000000000000?,%B3383153417058210=2712101259481773?,03/27/28,credit,0
CcS-8002,3421,PL531982735732896820260442,0955912782200797,8218,289,%B0955912782200797^NLTUKBNLTUKB^3412000000000000000?,%B0955912782200797=2512101541178643?,06/29/28,debit,0
CcS-8003,3422,PL717086011009154416287889,3758983641294270,9527,600,%B3758983641294270^JJIXUMJJIXUM^3001000000000000000?,%B3758983641294270=3303101104218174?,01/27/28,credit,0
CcS-8004,3423,SE131649740290945644581596,6663127234204954,8209,659,%B6663127234204954^NGRRTDNGRRTD^3412000000000000000?,%B6663127234204954=2205101695260329?,12/26/28,credit,0
CcS-8005,3424,GB186722809742635466241144,7162411534467187,3213,317,%B7162411534467187^JTAAGOJTAAGO^3104000000000000000?,%B7162411534467187=3401101633024106?,12/26/28,credit,0
CcS-8006,3425,IT957938054204052222992145,1691335519305204,1989,324,%B1691335519305204^EBCMGBEBCMGB^2602000000000000000?,%B1691335519305204=2601101655518893?,02/25/28,debit,1
CcS-8007,3426,CA280397064710833114156178,4815981576690931,9185,903,%B4815981576690931^CKTFMVCKTFMV^3302000000000000000?,%B4815981576690931=3312101361566714?,07/27/28,premium_credit,0
CcS-8008,3427,PL256030181250678844339067,8242773695836337,9125,627,%B8242773695836337^NGPRKQNGPRKQ^2209000000000000000?,%B8242773695836337=2511101413207528?,10/29/28,debit,0
CcS-8009,3428,GB932265000406823613687318,6577461408375268,6637,588,%B6577461408375268^EUNCTHEUNCTH^3108000000000000000?,%B6577461408375268=2201101225396967?,08/25/28,premium_credit,1
CcS-8010,3429,PT184554966651793560574756,2383448074156670,1782,394,%B2383448074156670^KFOATZKFOATZ^3107000000000000000?,%B2383448074156670=2207101569811488?,06/29/28,credit,0
CcS-8011,3430,FR907009579004299013753685,8342644516205151,2322,198,%B8342644516205151^AZICQKAZICQK^2501000000000000000?,%B8342644516205151=2610101334288806?,08/29/28,prepaid,0
CcS-8012,3431,IT434106231388062443084113,8312359882955735,3463,454,%B8312359882955735^TSBLJQTSBLJQ^2803000000000000000?,%B8312359882955735=2504101356134941?,01/26/28,prepaid,0
CcS-8013,3432,ES314133296141857526139431,9351419252774566,6796,705,%B9351419252774566^INWDKCINWDKC^2602000000000000000?,%B9351419252774566=2410101691110632?,08/29/28,debit,0
CcS-8014,3433,GB858675793962229453427953,6031277109699052,8200,187,%B6031277109699052^TFOPTMTFOPTM^3405000000000000000?,%B6031277109699052=3410101619672987?,01/28/28,credit,0
CcS-8015,3434,PT592713945168839318462767,9967728566797995,5344,379,%B9967728566797995^FAGRAIFAGRAI^2507000000000000000?,%B9967728566797995=3401101489162381?,03/28/28,debit,0
CcS-8016,3435,NL699559963717695717936972,5878045618786395,5260,736,%B5878045618786395^RQNCAERQNCAE^2304000000000000000?,%B5878045618786395=3303101701989113?,09/29/28,debit,0
CcS-8017,3436,FR650811470276503299676483,0770267570104523,4366,652,%B0770267570104523^ODALKYODALKY^2401000000000000000?,%B0770267570104523=2511101306359903?,01/25/28,debit,1
CcS-8018,3437,FR311948562434353578561338,4958815778309757,9897,449,%B4958815778309757^MSCHLAMSCHLA^2310000000000000000?,%B4958815778309757=2405101317383729?,06/29/28,credit,0
CcS-8019,3438,GB806148995881291475708637,1150061330430139,7828,577,%B1150061330430139^ZPIZCQZPIZCQ^3410000000000000000?,%B1150061330430139=2502101269834625?,05/26/28,debit,0
CcS-8020,3439,DE324408517836662646373496,9721670226176655,3915,909,%B9721670226176655^ENIJXPENIJXP^2703000000000000000?,%B9721670226176655=3305101311142695?,03/26/28,debit,0
CcS-8021,3440,PL581750239976595984201618,2247160499497247,7172,121,%B2247160499497247^VYTEIIVYTEII^2702000000000000000?,%B2247160499497247=2901101114478875?,06/28/28,debit,0
CcS-8022,3441,US727333022474360581866394,4581375926131355,5791,790,%B4581375926131355^OLRKWFOLRKWF^2703000000000000000?,%B4581375926131355=2705101883492782?,11/26/28,credit,0
CcS-8023,3442,IT455794937972100391226548,7829857839988932,8178,524,%B7829857839988932^ZPHRHUZPHRHU^2905000000000000000?,%B7829857839988932=2611101252175055?,08/29/28,prepaid,0
CcS-8024,3443,US492661870117269518863078,8249513924434010,2651,982,%B8249513924434010^MZRKWMMZRKWM^3108000000000000000?,%B8249513924434010=2204101755201641?,08/28/28,prepaid,0
CcS-8025,3444,DE516904789272746541866428,1936080030543108,2657,591,%B1936080030543108^LGAWYGLGAWYG^2805000000000000000?,%B1936080030543108=3009101730493962?,05/27/28,premium_credit,0
CcS-8026,3445,NL595164759876098700221740,6740453075132607,6620,764,%B6740453075132607^SVVXJESVVXJE^2206000000000000000?,%B6740453075132607=2601101711058958?,12/25/28,credit,1
CcS-8027,3446,SE448895499757039435677472,9904674794906388,5529,923,%B9904674794906388^YOMGIRYOMGIR^2401000000000000000?,%B9904674794906388=3009101538880399?,10/29/28,debit,0
CcS-8028,3447,CA220092782790209829949968,7799686346482550,3851,228,%B7799686346482550^QRQYFTQRQYFT^2708000000000000000?,%B7799686346482550=3409101961724420?,10/26/28,debit,0
CcS-8029,3448,PL976616108994695792314904,5133175879869129,8233,899,%B5133175879869129^RIEEJSRIEEJS^3207000000000000000?,%B5133175879869129=2805101754603959?,12/25/28,credit,1
CcS-8030,3449,ES665985852209764322803889,9453600297304095,7510,111,%B9453600297304095^XFFKJQXFFKJQ^2506000000000000000?,%B9453600297304095=2208101288276747?,12/26/28,debit,0
CcS-8031,3450,US114393357217863612917196,9734787438275287,9757,531,%B9734787438275287^JBPATXJBPATX^3102000000000000000?,%B9734787438275287=3207101293500617?,07/27/28,debit,0
CcS-8032,3451,GB842259389479283283560019,3493640132788922,5878,278,%B3493640132788922^WZZSFKWZZSFK^2608000000000000000?,%B3493640132788922=2208101303816956?,02/25/28,debit,1
CcS-8033,3452,PT463096558371795723500753,5849569437956049,3791,613,%B5849569437956049^RERVWORERVWO^2707000000000000000?,%B5849569437956049=3308101856174550?,05/29/28,credit,0
CcS-8034,3453,IT679666349624616576349951,6085361870890920,4478,981,%B6085361870890920^VDVDURVDVDUR^2806000000000000000?,%B6085361870890920=3308101763958273?,07/25/28,credit,1
CcS-8035,3454,US768744991928678243344356,2274364276455676,4233,580,%B2274364276455676^DNWCZZDNWCZZ^3102000000000000000?,%B2274364276455676=3205101484975262?,02/29/28,credit,0
CcS-8036,3455,DE380408298418650244423527,4963340689388934,7708,468,%B4963340689388934^NMVILANMVILA^2402000000000000000?,%B4963340689388934=3410101165539574?,05/28/28,credit,0
CcS-8037,3456,SE293562844821246629874199,3570938227760990,9967,345,%B3570938227760990^VUPMGAVUPMGA^2709000000000000000?,%B3570938227760990=2607101242676306?,10/29/28,credit,0
CcS-8038,3457,CA600035203540359558769322,1740122966239584,7963,708,%B1740122966239584^IPNQOAIPNQOA^2806000000000000000?,%B1740122966239584=3112101512031992?,12/25/28,debit,1
CcS-8039,3458,FR224539066902953489850516,9595161590745193,9756,383,%B9595161590745193^CCRFMICCRFMI^3106000000000000000?,%B9595161590745193=3105101546714264?,10/28/28,debit,0
CcS-8040,3459,ES757456868403618104151559,3327710829155843,8018,722,%B3327710829155843^YUAZHNYUAZHN^2701000000000000000?,%B3327710829155843=3204101639015001?,04/29/28,credit,0
CcS-8041,3460,ES148393139635462243403567,4488603587165208,8283,232,%B4488603587165208^AAWDLWAAWDLW^2408000000000000000?,%B4488603587165208=2508101162430131?,08/28/28,credit,0
CcS-8042,3461,US682354488280378417785899,2174204126994747,8365,304,%B2174204126994747^GMSADZGMSADZ^3303000000000000000?,%B2174204126994747=2501101290285839?,09/29/28,credit,0
CcS-8043,3462,US393653198329517839601349,7346062028350397,5844,724,%B7346062028350397^NJUHJGNJUHJG^2403000000000000000?,%B7346062028350397=3102101253611188?,11/25/28,credit,1
CcS-8044,3463,GB947119412988587276864431,0565457597198271,7877,720,%B0565457597198271^XNYSGCXNYSGC^2208000000000000000?,%B0565457597198271=3004101654218337?,05/26/28,credit,0
CcS-8045,3464,NL640118196217182828510269,4354866858793022,5468,425,%B4354866858793022^IPKPNDIPKPND^3209000000000000000?,%B4354866858793022=2403101502830021?,07/27/28,credit,0
CcS-8046,3465,GB760977509259506175015138,5406938571892991,5393,681,%B5406938571892991^GEUCZZGEUCZZ^2301000000000000000?,%B5406938571892991=2408101281900880?,10/27/28,debit,0
CcS-8047,3466,US792794955393905357880460,5849224733590470,8616,944,%B5849224733590470^AICLVVAICLVV^3106000000000000000?,%B5849224733590470=3303101195328156?,10/29/28,credit,0
CcS-8048,3467,PT806411550986791580473060,0148982803077335,7622,776,%B0148982803077335^TEQYKGTEQYKG^2206000000000000000?,%B0148982803077335=3303101743104033?,04/26/28,debit,0
CcS-8049,3468,ES496643301677860761524557,2764854315706059,6890,430,%B2764854315706059^AZZXKXAZZXKX^3106000000000000000?,%B2764854315706059=2612101491479028?,11/25/28,premium_credit,1
CcS-8050,3469,FR980390524982176089935673,9424881182132737,6446,338,%B9424881182132737^ODQCNBODQCNB^3108000000000000000?,%B9424881182132737=3310101220963784?,12/27/28,prepaid,0
CcS-8051,3470,FR519078341428446849865953,2750829184904966,3127,860,%B2750829184904966^GKQLBPGKQLBP^3405000000000000000?,%B2750829184904966=2307101856082067?,09/27/28,credit,0
CcS-8052,3471,PL798230852175227024475233,9455796223281169,1845,616,%B9455796223281169^ZJJQYDZJJQYD^3311000000000000000?,%B9455796223281169=2708101676771195?,06/27/28,debit,0
CcS-8053,3472,GB247688587925329476969160,3972716863517135,1984,815,%B3972716863517135^KJVUNPKJVUNP^3201000000000000000?,%B3972716863517135=2612101713712303?,06/28/28,debit,0
CcS-8054,3473,SE749691775644713673959261,7418410443432149,9226,172,%B7418410443432149^BVNYGVBVNYGV^3302000000000000000?,%B7418410443432149=2805101126737498?,03/26/28,credit,0
CcS-8055,3474,DE939493480726246512851498,3707725154499819,9045,719,%B3707725154499819^ZLILRFZLILRF^2312000000000000000?,%B3707725154499819=3309101464517210?,07/29/28,premium_credit,0
CcS-8056,3475,ES739364630345363350853388,5514636552130842,1620,694,%B5514636552130842^KCYMLMKCYMLM^2206000000000000000?,%B5514636552130842=3111101533629078?,06/28/28,credit,0
CcS-8057,3476,ES164085817605799092033551,4552862169018425,9292,386,%B4552862169018425^MEURZUMEURZU^2512000000000000000?,%B4552862169018425=2211101852320841?,03/25/28,debit,1
CcS-8058,3477,SE398371936638152109713276,9953037279367354,9761,941,%B9953037279367354^DCBOUFDCBOUF^2307000000000000000?,%B9953037279367354=2612101944392205?,09/26/28,debit,0
CcS-8059,3478,DE575416876515056396803933,5993457710173088,9753,900,%B5993457710173088^NXMWRSNXMWRS^3201000000000000000?,%B5993457710173088=3103101414735628?,12/26/28,prepaid,0
CcS-8060,3479,US327613163659928762471341,7465035137384004,5044,869,%B7465035137384004^YZPBSEYZPBSE^2802000000000000000?,%B7465035137384004=3406101644334642?,07/26/28,credit,0
CcS-8061,3480,SE383424535836792689006175,3481937774290796,7900,612,%B3481937774290796^HGFDQEHGFDQE^2303000000000000000?,%B3481937774290796=3410101372493657?,06/25/28,credit,1
CcS-8062,3481,SE413674113264497055368870,9304949340731041,5216,412,%B9304949340731041^IVQEDRIVQEDR^2901000000000000000?,%B9304949340731041=3002101824322031?,12/29/28,debit,0
CcS-8063,3482,IT323213690105967101745328,6741982809794745,2840,450,%B6741982809794745^MQEIURMQEIUR^2511000000000000000?,%B6741982809794745=2910101394591270?,07/26/28,prepaid,0
CcS-8064,3483,PT976672030317541928410424,2851193209848321,6650,811,%B2851193209848321^AHIPRUAHIPRU^3301000000000000000?,%B2851193209848321=2308101982229638?,08/29/28,premium_credit,0
CcS-8065,3484,DE875729709353635935714646,0977579489597121,8160,175,%B0977579489597121^EKAPKWEKAPKW^3005000000000000000?,%B0977579489597121=2908101407029754?,05/28/28,credit,0
CcS-8066,3485,GB904259655455970155605723,2527560842509244,9406,699,%B2527560842509244^HLPSOZHLPSOZ^3401000000000000000?,%B2527560842509244=3212101302706152?,01/29/28,prepaid,0
CcS-8067,3486,IT316815617194995065315879,9996402980942005,6684,471,%B9996402980942005^QCAYEGQCAYEG^2902000000000000000?,%B9996402980942005=3111101995535670?,05/26/28,debit,0
CcS-8068,3487,DE886285148580188045492589,4835045189123871,7783,579,%B4835045189123871^BBGXGDBBGXGD^3112000000000000000?,%B4835045189123871=3408101203798054?,06/28/28,debit,0
CcS-8069,3488,DE382606996995102894499336,0590398573051717,7582,445,%B0590398573051717^QZQWDCQZQWDC^2807000000000000000?,%B0590398573051717=2205101453061220?,12/25/28,debit,1
CcS-8070,3489,US385062845956200691670491,2138243617251696,4123,871,%B2138243617251696^YHWCBLYHWCBL^2609000000000000000?,%B2138243617251696=2802101559106251?,05/28/28,credit,0
CcS-8071,3490,PT399413652360772517725038,3167741566307563,3955,202,%B3167741566307563^XOXKRVXOXKRV^3301000000000000000?,%B3167741566307563=2202101234479436?,04/26/28,debit,0
CcS-8072,3491,FR683297756123512729768541,7641576301344087,2799,945,%B7641576301344087^GCLILCGCLILC^3212000000000000000?,%B7641576301344087=3209101312448570?,09/28/28,debit,0
CcS-8073,3492,PT283624718442183425429092,0517494221639809,7420,115,%B0517494221639809^AMOZZGAMOZZG^3104000000000000000?,%B0517494221639809=2302101411830184?,01/26/28,credit,0
CcS-8074,3493,ES253106858351946502480980,9621984789523098,8679,789,%B9621984789523098^PTLGCXPTLGCX^2212000000000000000?,%B9621984789523098=3411101459030449?,02/25/28,prepaid,1
CcS-8075,3494,FR881350688811091214366649,1390851511860026,2458,255,%B1390851511860026^QRELIHQRELIH^2204000000000000000?,%B1390851511860026=3005101542783847?,10/27/28,debit,0
CcS-8076,3495,PL644726011413059013384934,0029290252531213,7828,232,%B0029290252531213^CKPVJTCKPVJT^2803000000000000000?,%B0029290252531213=3004101548684204?,11/25/28,credit,1
CcS-8077,3496,US420336573751098703116941,8531294654346747,3442,221,%B8531294654346747^ZRANMYZRANMY^3108000000000000000?,%B8531294654346747=2908101212774480?,06/26/28,credit,0
CcS-8078,3497,GB393113750749569529112502,9479195790344899,6777,866,%B9479195790344899^OVXPBUOVXPBU^2504000000000000000?,%B9479195790344899=2812101488608378?,06/29/28,debit,0
CcS-8079,3498,IT733023434071511727100670,3780849415589862,8633,794,%B3780849415589862^CLFHCSCLFHCS^2912000000000000000?,%B3780849415589862=3101101520736708?,04/26/28,debit,0
CcS-8080,3499,NL563764616057642689609691,7738540009058503,5031,771,%B7738540009058503^RLDAXERLDAXE^3004000000000000000?,%B7738540009058503=2307101801217156?,07/25/28,debit,1
CcS-8081,3500,PT494559282116613417547586,2145518179525677,2209,140,%B2145518179525677^YGCETCYGCETC^2412000000000000000?,%B2145518179525677=2204101614137280?,10/25/28,credit,1
CcS-8082,3501,ES166759387328478589259812,6815942973450830,6994,750,%B6815942973450830^HIWPVZHIWPVZ^2503000000000000000?,%B6815942973450830=2310101443025351?,03/29/28,debit,0
CcS-8083,3502,PL898075150682354179997119,6420799853059124,5563,646,%B6420799853059124^HHITRCHHITRC^2808000000000000000?,%B6420799853059124=2302101743665182?,12/26/28,debit,0
CcS-8084,3503,ES508525766493781464774714,6103225083590089,8427,333,%B6103225083590089^MVZXPEMVZXPE^2610000000000000000?,%B6103225083590089=2706101188386406?,04/27/28,debit,0
CcS-8085,3504,US571298559327080134399784,7214545671999386,9494,130,%B7214545671999386^JFLCUKJFLCUK^3303000000000000000?,%B7214545671999386=2202101304544228?,10/27/28,credit,0
CcS-8086,3505,NL408423070407446598772247,4782125792865425,2885,145,%B4782125792865425^SQWVJHSQWVJH^3402000000000000000?,%B4782125792865425=2409101417209404?,07/29/28,debit,0
CcS-8087,3506,PT727304435367073811253476,7603498177851363,8588,714,%B7603498177851363^LQHXFULQHXFU^2211000000000000000?,%B7603498177851363=2209101408218277?,06/27/28,debit,0
CcS-8088,3507,SE411520725863598010440077,7378238248142492,1498,246,%B7378238248142492^ZHVZFJZHVZFJ^2206000000000000000?,%B7378238248142492=2612101885406443?,01/28/28,credit,0
CcS-8089,3508,IT160996303718647689580203,9715376993774577,6718,347,%B9715376993774577^XPLBZTXPLBZT^2901000000000000000?,%B9715376993774577=2303101519748161?,01/28/28,premium_credit,0
CcS-8090,3509,PL552328595875783456944946,1474846966925804,4419,808,%B1474846966925804^GDWPJEGDWPJE^2707000000000000000?,%B1474846966925804=2301101580667696?,11/28/28,debit,0
CcS-8091,3510,SE489297933578019569445539,4385910061124465,9852,475,%B4385910061124465^MHQQRJMHQQRJ^3009000000000000000?,%B4385910061124465=2610101390353080?,01/25/28,debit,1
CcS-8092,3511,IT441799521995543813093792,3469927937223556,2764,118,%B3469927937223556^RUYKPYRUYKPY^3009000000000000000?,%B3469927937223556=2703101779141185?,11/26/28,debit,0
CcS-8093,3512,PT181347343258567067601348,4540315304696491,6216,919,%B4540315304696491^AXSISDAXSISD^2612000000000000000?,%B4540315304696491=2509101646155922?,06/27/28,debit,0
CcS-8094,3513,DE101627831981185458067379,5829918545387135,4277,282,%B5829918545387135^KSDESMKSDESM^2401000000000000000?,%B5829918545387135=2405101342080389?,02/25/28,credit,1
CcS-8095,3514,FR162377183573767313437948,1156856140757155,8053,662,%B1156856140757155^SVKMCUSVKMCU^2504000000000000000?,%B1156856140757155=2310101398147553?,09/29/28,credit,0
CcS-8096,3515,US444273230782953812068026,4356151066250796,5541,797,%B4356151066250796^NGHTNBNGHTNB^3311000000000000000?,%B4356151066250796=3007101464470916?,07/26/28,credit,0
CcS-8097,3516,FR223374294853074861174456,7230977607541468,1567,541,%B7230977607541468^YBYEHMYBYEHM^2204000000000000000?,%B7230977607541468=3301101456122985?,08/26/28,debit,0
CcS-8098,3517,PT437505045126498798515493,3637591496197460,2345,135,%B3637591496197460^APPCLWAPPCLW^2912000000000000000?,%B3637591496197460=2705101486184517?,07/28/28,debit,0
CcS-8099,3518,GB672360840720634913432419,4066667570621521,5983,920,%B4066667570621521^PNZFYGPNZFYG^2501000000000000000?,%B4066667570621521=2902101801212676?,07/27/28,premium_credit,0
CcS-8100,3519,PL246257284791151582728470,7076202438193852,2748,732,%B7076202438193852^TMYDFKTMYDFK^2210000000000000000?,%B7076202438193852=3009101579974853?,02/28/28,credit,0
CcS-8101,3520,IT186490299892414644334151,1216127923918074,3018,132,%B1216127923918074^YDJLEOYDJLEO^2812000000000000000?,%B1216127923918074=2910101667677584?,03/29/28,credit,0
CcS-8102,3521,US834298720097966259445784,0934002774543436,2761,288,%B0934002774543436^CQKTWDCQKTWD^2303000000000000000?,%B0934002774543436=3110101927599112?,07/27/28,credit,0
CcS-8103,3522,SE894929129881822430043717,2289373279295776,6294,268,%B2289373279295776^DAZVEJDAZVEJ^2604000000000000000?,%B2289373279295776=2403101994463870?,01/25/28,debit,1
CcS-8104,3523,NL848567066263513993453583,9591132952472823,9016,216,%B9591132952472823^EBZMCZEBZMCZ^2703000000000000000?,%B9591132952472823=2801101678804565?,08/26/28,debit,0
CcS-8105,3524,GB566710883392244342575676,2873311524306180,3761,469,%B2873311524306180^ZFBTQBZFBTQB^2403000000000000000?,%B2873311524306180=2301101242947444?,11/27/28,debit,0
CcS-8106,3525,GB445584313169550213870690,6788189846633374,6072,924,%B6788189846633374^QOLWBCQOLWBC^3304000000000000000?,%B6788189846633374=2805101786827773?,09/27/28,credit,0
CcS-8107,3526,PT555249879139872131969501,2852832481199970,8552,753,%B2852832481199970^VLJFJQVLJFJQ^2601000000000000000?,%B2852832481199970=3010101970659591?,06/26/28,debit,0
CcS-8108,3527,NL797599610592002961335610,3212748283111127,4007,475,%B3212748283111127^MEQBXNMEQBXN^2803000000000000000?,%B3212748283111127=2311101572351903?,03/26/28,debit,0
CcS-8109,3528,PT425196974852160075280406,5512250739456589,7848,564,%B5512250739456589^ZTJSYFZTJSYF^3104000000000000000?,%B5512250739456589=2811101725847656?,03/25/28,debit,1
CcS-8110,3529,FR649825610178701378678332,4400246999724450,3996,412,%B4400246999724450^DIXTQVDIXTQV^2204000000000000000?,%B4400246999724450=2709101683796142?,07/28/28,debit,0
CcS-8111,3530,DE153070289002654344695826,4948844621416704,3332,394,%B4948844621416704^SNFGEASNFGEA^3009000000000000000?,%B4948844621416704=3012101785916454?,06/28/28,credit,0
CcS-8112,3531,IT396690561928702221422059,5361801247800114,3775,641,%B5361801247800114^UQTPAQUQTPAQ^3402000000000000000?,%B5361801247800114=3204101982204078?,09/28/28,credit,0
CcS-8113,3532,IT805301190143723706540148,7602357581700301,7353,572,%B7602357581700301^EIPXLMEIPXLM^2611000000000000000?,%B7602357581700301=2603101149635083?,08/27/28,credit,0
CcS-8114,3533,NL900731658834470541361540,7790249474787298,4982,782,%B7790249474787298^BJMFIPBJMFIP^2902000000000000000?,%B7790249474787298=3009101891112773?,12/26/28,credit,0
CcS-8115,3534,US218681997566532840074417,1769228085580898,9297,490,%B1769228085580898^CILQFVCILQFV^2801000000000000000?,%B1769228085580898=3306101491448076?,03/26/28,debit,0
CcS-8116,3535,IT868525387127197744767066,8327053021418673,8336,131,%B8327053021418673^GAXBRUGAXBRU^3310000000000000000?,%B8327053021418673=2503101179666121?,03/26/28,debit,0
CcS-8117,3536,DE355756213346257781306524,5485376975118143,5580,873,%B5485376975118143^UNECGYUNECGY^2501000000000000000?,%B5485376975118143=2208101731612919?,02/29/28,debit,0
CcS-8118,3537,CA977788394842877515215763,8104322699987641,4145,920,%B8104322699987641^WEGLZEWEGLZE^3101000000000000000?,%B8104322699987641=2604101320986799?,05/26/28,credit,0
CcS-8119,3538,NL941326267368618495196818,1940177033934882,4133,811,%B1940177033934882^VRHPOCVRHPOC^3108000000000000000?,%B1940177033934882=3307101877485628?,10/28/28,credit,0
CcS-8120,3539,ES971728429036284569412821,0547879175137140,1467,624,%B0547879175137140^GXZVWVGXZVWV^3002000000000000000?,%B0547879175137140=2808101116473163?,08/26/28,credit,0
CcS-8121,3540,PT276112904238662689890825,3944027977338924,1289,345,%B3944027977338924^ZHWRZKZHWRZK^2309000000000000000?,%B3944027977338924=2611101787708115?,04/26/28,debit,0
CcS-8122,3541,US645030034672293515514682,4058543342438194,6872,687,%B4058543342438194^XMHAPYXMHAPY^2311000000000000000?,%B4058543342438194=2302101637061648?,06/27/28,credit,0
CcS-8123,3542,FR331374750273174078705560,9957431532908210,5393,666,%B9957431532908210^KEVROQKEVROQ^3210000000000000000?,%B9957431532908210=2811101621809216?,11/29/28,credit,0
CcS-8124,3543,DE443935551415652994852840,6930495167625229,6251,778,%B6930495167625229^NCLIRENCLIRE^2711000000000000000?,%B6930495167625229=2802101252271078?,08/26/28,debit,0
CcS-8125,3544,IT548293598022588485476639,4150973388897344,4431,162,%B4150973388897344^ZZXWQCZZXWQC^2511000000000000000?,%B4150973388897344=2409101990187473?,11/29/28,prepaid,0
CcS-8126,3545,ES888739856999703532434127,0739879073239784,6548,204,%B0739879073239784^COXEWNCOXEWN^3307000000000000000?,%B0739879073239784=3107101187956175?,01/29/28,debit,0
CcS-8127,3546,NL767201212644188077815106,1061115100297228,4829,525,%B1061115100297228^VAHLEKVAHLEK^2201000000000000000?,%B1061115100297228=2201101779487659?,06/26/28,debit,0
CcS-8128,3547,FR841779009293777600444020,4176202029286576,6412,828,%B4176202029286576^YVAIXFYVAIXF^2703000000000000000?,%B4176202029286576=2612101667596717?,04/25/28,credit,1
CcS-8129,3548,US513418982017719483005685,2513123037622573,4103,260,%B2513123037622573^HCTWJDHCTWJD^2409000000000000000?,%B2513123037622573=3406101343871490?,08/25/28,debit,1
CcS-8130,3549,GB252329986040390883054315,0166479852486092,3734,511,%B0166479852486092^PEGMYVPEGMYV^2405000000000000000?,%B0166479852486092=3011101598880602?,10/29/28,credit,0
CcS-8131,3550,IT962695175068767734479871,9247025891043000,1247,846,%B9247025891043000^FQSFNUFQSFNU^3005000000000000000?,%B9247025891043000=2806101790053573?,09/29/28,debit,0
CcS-8132,3551,IT452119123509773056073087,0985345411195955,9165,773,%B0985345411195955^RLHYRORLHYRO^2905000000000000000?,%B0985345411195955=3304101443373230?,11/28/28,credit,0
CcS-8133,3552,FR537919752701678081765524,5443060873456184,7278,951,%B5443060873456184^AKQRARAKQRAR^2507000000000000000?,%B5443060873456184=2901101508060901?,02/27/28,debit,0
CcS-8134,3553,CA182802084628090358814418,0406162916809767,2471,265,%B0406162916809767^BWCMDSBWCMDS^2809000000000000000?,%B0406162916809767=3106101442469849?,12/27/28,credit,0
CcS-8135,3554,PT872446747082611468223715,2235941183466361,5117,532,%B2235941183466361^SPLYFFSPLYFF^3111000000000000000?,%B2235941183466361=2512101607228947?,12/29/28,credit,0
CcS-8136,3555,ES388162249747364924867806,6506137365156325,1632,752,%B6506137365156325^ZZHLWOZZHLWO^2403000000000000000?,%B6506137365156325=2908101898368596?,06/28/28,credit,0
CcS-8137,3556,SE339778567813330187907923,1033578570757276,8286,391,%B1033578570757276^ZXDPALZXDPAL^2404000000000000000?,%B1033578570757276=2212101546378172?,01/29/28,credit,0
CcS-8138,3557,PL372327770408608586667093,5605708849883257,9285,262,%B5605708849883257^AQGLUQAQGLUQ^3105000000000000000?,%B5605708849883257=2811101965643641?,06/25/28,credit,1
CcS-8139,3558,DE111513618578828375073903,0818910465436446,1259,334,%B0818910465436446^QLLGMCQLLGMC^3002000000000000000?,%B0818910465436446=2705101512148242?,08/27/28,credit,0
CcS-8140,3559,ES809577414579168989395569,8557445677584763,9947,724,%B8557445677584763^VSOPULVSOPUL^2411000000000000000?,%B8557445677584763=3303101175555187?,12/27/28,credit,0
CcS-8141,3560,FR121401547083049862713638,6781132926035884,1486,452,%B6781132926035884^JWDYYTJWDYYT^3010000000000000000?,%B6781132926035884=2508101986250626?,08/28/28,credit,0
CcS-8142,3561,NL721844490221640037827760,4814966056824628,5854,469,%B4814966056824628^QJHWVPQJHWVP^2207000000000000000?,%B4814966056824628=2806101367373247?,03/25/28,debit,1
CcS-8143,3562,NL123072930776213108422800,5641926314880955,7922,627,%B5641926314880955^AMZJXDAMZJXD^2301000000000000000?,%B5641926314880955=3410101886292681?,07/28/28,debit,0
CcS-8144,3563,CA424044570880595771890491,4980203508359463,9117,858,%B4980203508359463^SMNGLNSMNGLN^2909000000000000000?,%B4980203508359463=2508101740684044?,12/26/28,debit,0
CcS-8145,3564,NL148174596321035229741980,7721865875468879,2701,902,%B7721865875468879^HNWSXZHNWSXZ^3306000000000000000?,%B7721865875468879=3004101680655720?,01/29/28,debit,0
CcS-8146,3565,PL660046726729744755590021,8167448265600488,2674,334,%B8167448265600488^LORKGGLORKGG^2312000000000000000?,%B8167448265600488=3007101799186932?,03/25/28,debit,1
CcS-8147,3566,PL886965452653108739034086,2454051091704810,7678,232,%B2454051091704810^PEWAXHPEWAXH^2601000000000000000?,%B2454051091704810=2208101440634634?,04/26/28,credit,0
CcS-8148,3567,ES900897535318916232255105,1162412832997716,3296,995,%B1162412832997716^EWCJHXEWCJHX^3102000000000000000?,%B1162412832997716=2507101472250709?,04/28/28,debit,0
CcS-8149,3568,ES489504357011859838808499,7448212797477092,7130,419,%B7448212797477092^YCCNRBYCCNRB^3208000000000000000?,%B7448212797477092=2902101869748820?,06/28/28,credit,0
CcS-8150,3569,IT904001398584800516868369,6621424453536903,2681,225,%B6621424453536903^GMWAQWGMWAQW^2503000000000000000?,%B6621424453536903=2309101948430075?,01/26/28,debit,0
CcS-8151,3570,FR945856903658320704157306,5117839600124758,6174,744,%B5117839600124758^INDBMEINDBME^2610000000000000000?,%B5117839600124758=2904101264184340?,09/25/28,debit,1
CcS-8152,3571,DE525545886289630955538403,2314588421225345,2196,808,%B2314588421225345^NEOESYNEOESY^3002000000000000000?,%B2314588421225345=2702101366330119?,02/27/28,credit,0
CcS-8153,3572,DE197599691015473238775473,6979075545438585,7989,830,%B6979075545438585^KNNAODKNNAOD^2210000000000000000?,%B6979075545438585=3401101459018496?,09/26/28,debit,0
CcS-8154,3573,PT948287264632654350754731,1256062162591333,3379,798,%B1256062162591333^KYLKZXKYLKZX^2203000000000000000?,%B1256062162591333=2203101888259091?,12/25/28,debit,1
CcS-8155,3574,SE556102022742479906432691,1014552164808711,9179,971,%B1014552164808711^HRRLPGHRRLPG^2707000000000000000?,%B1014552164808711=2602101552310515?,01/28/28,debit,0
CcS-8156,3575,NL853911909775128644600287,1307560565007387,5988,647,%B1307560565007387^FIHBHSFIHBHS^3205000000000000000?,%B1307560565007387=3003101222554674?,12/25/28,debit,1
CcS-8157,3576,GB947361444881980490295983,9280577539376560,5540,803,%B9280577539376560^RPESMNRPESMN^2303000000000000000?,%B9280577539376560=2911101654186459?,06/26/28,credit,0
CcS-8158,3577,IT656178119876083514047467,6590290677333049,9129,385,%B6590290677333049^NUPYYONUPYYO^2911000000000000000?,%B6590290677333049=3107101654206925?,12/28/28,credit,0
CcS-8159,3578,IT370791300333734919986036,8904969116836551,1975,282,%B8904969116836551^LHKVXOLHKVXO^3003000000000000000?,%B8904969116836551=3112101625784274?,12/25/28,credit,1
CcS-8160,3579,IT876772465717982474193988,5487681660370092,6107,973,%B5487681660370092^HZFXYHHZFXYH^2205000000000000000?,%B5487681660370092=2401101506496104?,11/27/28,prepaid,0
CcS-8161,3580,FR915440642403913376027259,9397405802493597,7256,292,%B9397405802493597^TTNICBTTNICB^2306000000000000000?,%B9397405802493597=2603101668217588?,06/25/28,prepaid,1
CcS-8162,3581,ES552271174866647729742835,9978538069658187,9511,815,%B9978538069658187^WDKNNWWDKNNW^2407000000000000000?,%B9978538069658187=2302101981196852?,07/28/28,credit,0
CcS-8163,3582,CA372420151975554157962576,0363433511113640,2611,706,%B0363433511113640^MNCPEEMNCPEE^2810000000000000000?,%B0363433511113640=2308101619910739?,09/28/28,debit,0
CcS-8164,3583,PT899271657318224803931709,1343351638014454,3840,780,%B1343351638014454^AANZXLAANZXL^2207000000000000000?,%B1343351638014454=2909101923176928?,09/28/28,prepaid,0
CcS-8165,3584,US222949152028636591192537,9102141119578110,5637,531,%B9102141119578110^KSOSSIKSOSSI^3403000000000000000?,%B9102141119578110=2911101454900115?,05/26/28,credit,0
CcS-8166,3585,DE434803158785854228822400,8223082190245893,8471,456,%B8223082190245893^ARDPJWARDPJW^2906000000000000000?,%B8223082190245893=3302101254683184?,10/25/28,credit,1
CcS-8167,3586,FR461158321116562149615874,7143982188242543,8143,235,%B7143982188242543^ZNFOQDZNFOQD^2801000000000000000?,%B7143982188242543=3312101988844784?,12/25/28,credit,1
CcS-8168,3587,DE244496141474249091000564,8578781652749805,7488,284,%B8578781652749805^MMJPMXMMJPMX^3001000000000000000?,%B8578781652749805=3208101283483919?,09/29/28,credit,0
CcS-8169,3588,IT716345465552581222518427,9508030262459047,2928,180,%B9508030262459047^IBDKHUIBDKHU^3103000000000000000?,%B9508030262459047=2201101613995923?,11/29/28,credit,0
CcS-8170,3589,SE865059795308402978515468,4138056320968969,9307,738,%B4138056320968969^YIGXPZYIGXPZ^3311000000000000000?,%B4138056320968969=2707101133150076?,03/26/28,credit,0
CcS-8171,3590,PT159542243112744415037859,3338293200449817,9490,124,%B3338293200449817^PMPQIKPMPQIK^2709000000000000000?,%B3338293200449817=3202101998238786?,07/26/28,debit,0
CcS-8172,3591,CA323640879008130925238247,1985669343403069,4912,962,%B1985669343403069^LGFVXJLGFVXJ^2305000000000000000?,%B1985669343403069=2407101392278590?,03/26/28,credit,0
CcS-8173,3592,NL325756747155663828822067,4124796078482388,1323,116,%B4124796078482388^LGLFUSLGLFUS^3202000000000000000?,%B4124796078482388=2810101559005828?,06/27/28,credit,0
CcS-8174,3593,CA724693093335030049880580,9219455712201991,3546,611,%B9219455712201991^KHJYNSKHJYNS^2210000000000000000?,%B9219455712201991=2207101983640168?,12/26/28,debit,0
CcS-8175,3594,PT194972609414495409162712,7603284540987918,8284,597,%B7603284540987918^XITKHKXITKHK^2404000000000000000?,%B7603284540987918=2204101137352501?,04/29/28,debit,0
CcS-8176,3595,PL819460036053411985218687,2101698216072970,7161,444,%B2101698216072970^VXFSVEVXFSVE^2710000000000000000?,%B2101698216072970=2705101339844229?,12/28/28,debit,0
CcS-8177,3596,ES786496536569089720156175,0704082824310911,7450,828,%B0704082824310911^OWTCLQOWTCLQ^2605000000000000000?,%B0704082824310911=2408101515488841?,03/29/28,credit,0
CcS-8178,3597,IT580265615429146525821840,1459778724015779,3122,355,%B1459778724015779^ZAOXDVZAOXDV^2206000000000000000?,%B1459778724015779=2705101129625842?,02/29/28,credit,0
CcS-8179,3598,PL757109835393784261185840,7092904612973644,5276,731,%B7092904612973644^XCLSXUXCLSXU^3310000000000000000?,%B7092904612973644=3008101567861040?,11/29/28,credit,0
CcS-8180,3599,SE477226833845651818547106,4647776144034867,6631,232,%B4647776144034867^MLFEIOMLFEIO^3302000000000000000?,%B4647776144034867=2503101648320888?,09/28/28,credit,0
CcS-8181,3600,GB585616965270761073998377,5448955598043974,3179,986,%B5448955598043974^EHLCCYEHLCCY^2702000000000000000?,%B5448955598043974=3302101663555156?,11/25/28,debit,1
CcS-8182,3601,IT223382787319625231496145,4262489490894476,7419,906,%B4262489490894476^OEWWPYOEWWPY^2210000000000000000?,%B4262489490894476=3104101708081735?,07/29/28,credit,0
CcS-8183,3602,PL101121894874619964587195,3471646989695930,1750,420,%B3471646989695930^HRGPNNHRGPNN^3205000000000000000?,%B3471646989695930=2501101519305095?,01/26/28,debit,0
CcS-8184,3603,GB260139146694243500758906,3102451337200020,8293,518,%B3102451337200020^VCOYQUVCOYQU^3109000000000000000?,%B3102451337200020=2907101635246397?,09/29/28,credit,0
CcS-8185,3604,US406747948766255419641307,1970356672735139,6818,119,%B1970356672735139^HFMSGYHFMSGY^3110000000000000000?,%B1970356672735139=3212101889090681?,05/28/28,debit,0
CcS-8186,3605,CA980746228653470124744588,0488908051046368,6967,330,%B0488908051046368^TSJTKUTSJTKU^3010000000000000000?,%B0488908051046368=2304101342947445?,06/25/28,premium_credit,1
CcS-8187,3606,NL294562013805351164530707,5039030227047698,8946,625,%B5039030227047698^PDQWXGPDQWXG^3210000000000000000?,%B5039030227047698=2204101269919614?,07/28/28,credit,0
CcS-8188,3607,SE608609142047050742797260,2094107902018917,9967,321,%B2094107902018917^UIQXCSUIQXCS^2902000000000000000?,%B2094107902018917=2511101654955589?,06/25/28,credit,1
CcS-8189,3608,FR386221403392437790783781,9736018732724511,4135,168,%B9736018732724511^CBDJHTCBDJHT^3405000000000000000?,%B9736018732724511=2206101535425952?,04/25/28,credit,1
CcS-8190,3609,PT305873620334384476100095,4882463730351773,3755,939,%B4882463730351773^TPDZFWTPDZFW^3006000000000000000?,%B4882463730351773=3107101929027737?,02/25/28,credit,1
CcS-8191,3610,GB439946408343580392277694,2590187256134489,4015,717,%B2590187256134489^YDCCDTYDCCDT^3409000000000000000?,%B2590187256134489=3311101685440229?,02/25/28,prepaid,1
CcS-8192,3611,PL627504700205442101989472,9199466595926441,5162,774,%B9199466595926441^WIBFPQWIBFPQ^2509000000000000000?,%B9199466595926441=2509101286440810?,02/29/28,debit,0
CcS-8193,3612,PT296122808096397005441131,9392512911509400,7574,470,%B9392512911509400^SONALZSONALZ^2607000000000000000?,%B9392512911509400=2901101945942187?,04/27/28,debit,0
CcS-8194,3613,SE245210438908793129891790,3286323840583441,9681,373,%B3286323840583441^PRJRZLPRJRZL^2709000000000000000?,%B3286323840583441=2207101198694267?,05/28/28,debit,0
CcS-8195,3614,CA239122828307941865156443,9612862165277008,1130,346,%B9612862165277008^GWUDMSGWUDMS^2503000000000000000?,%B9612862165277008=3408101320621475?,02/28/28,debit,0
CcS-8196,3615,PT620962471381782439977440,9744851155143774,4959,575,%B9744851155143774^VBBZDAVBBZDA^3406000000000000000?,%B9744851155143774=2305101682897378?,07/25/28,premium_credit,1
CcS-8197,3616,GB173610162409997391794185,1399186203995139,2470,584,%B1399186203995139^HBBNOXHBBNOX^2508000000000000000?,%B1399186203995139=2601101809671444?,07/26/28,credit,0
CcS-8198,3617,SE721427085027729756100268,9929996809696103,9512,398,%B9929996809696103^HNZQSSHNZQSS^2710000000000000000?,%B9929996809696103=3303101538157611?,06/25/28,credit,1
CcS-8199,3618,GB235789244702553492399054,1755066602258954,6383,187,%B1755066602258954^CYGONLCYGONL^3305000000000000000?,%B1755066602258954=3306101540347904?,02/26/28,debit,0
CcS-8200,3619,IT143884620022475760970426,9323107370391151,4931,376,%B9323107370391151^NUAJBGNUAJBG^2503000000000000000?,%B9323107370391151=2406101607089468?,06/25/28,debit,1
CcS-8201,3620,ES710955781449784425621185,3358020371613149,7559,735,%B3358020371613149^RNPTGARNPTGA^3207000000000000000?,%B3358020371613149=3407101126810153?,12/25/28,debit,1
CcS-8202,3621,PT926075074693173783737019,1038555607494152,8158,230,%B1038555607494152^MWGHJXMWGHJX^3411000000000000000?,%B1038555607494152=2902101511200061?,09/29/28,premium_credit,0
CcS-8203,3622,CA727988087727113631476684,1060240135476190,6102,675,%B1060240135476190^BSLCEOBSLCEO^2909000000000000000?,%B1060240135476190=2802101400252650?,09/26/28,credit,0
CcS-8204,3623,PT540525605744676258182291,5356109752347926,4360,796,%B5356109752347926^LFIIGXLFIIGX^3010000000000000000?,%B5356109752347926=3102101856891096?,11/29/28,credit,0
CcS-8205,3624,ES826203659207142322297011,3860764672575849,8597,230,%B3860764672575849^DVGLSDDVGLSD^3401000000000000000?,%B3860764672575849=2305101902797206?,11/27/28,credit,0
CcS-8206,3625,PL596719052123499375636418,1515455564384012,2706,349,%B1515455564384012^EDWXNLEDWXNL^3011000000000000000?,%B1515455564384012=2402101603036743?,03/27/28,debit,0
CcS-8207,3626,FR102364603151347419779087,1991488802540725,3626,730,%B1991488802540725^SQHUEVSQHUEV^2506000000000000000?,%B1991488802540725=2911101486397953?,03/27/28,credit,0
CcS-8208,3627,CA678796545008528284049110,7339835566534518,8744,427,%B7339835566534518^NUZDFVNUZDFV^2503000000000000000?,%B7339835566534518=3407101435272291?,09/25/28,prepaid,1
CcS-8209,3628,NL653431475460514936889066,8615474541404926,1313,865,%B8615474541404926^OVOEVTOVOEVT^3406000000000000000?,%B8615474541404926=2606101682330248?,05/26/28,credit,0
CcS-8210,3629,DE760312368319937174171315,4887686245719195,3337,527,%B4887686245719195^QWASPNQWASPN^2612000000000000000?,%B4887686245719195=2908101292288393?,02/25/28,credit,1
CcS-8211,3630,PT840860335212377083336169,7191222805598716,6468,719,%B7191222805598716^KWFYOVKWFYOV^2409000000000000000?,%B7191222805598716=2805101433594480?,10/29/28,credit,0
CcS-8212,3631,PL841240753265815903388774,2389494425260961,9877,146,%B2389494425260961^AUTHNMAUTHNM^3411000000000000000?,%B2389494425260961=2301101703521429?,07/28/28,credit,0
CcS-8213,3632,FR509496771633864468596387,8559359686834045,9282,251,%B8559359686834045^NRLYXBNRLYXB^3004000000000000000?,%B8559359686834045=3406101791306660?,07/27/28,debit,0
CcS-8214,3633,PT170776647249987875651006,3525397122645561,5118,661,%B3525397122645561^HIGYLXHIGYLX^3209000000000000000?,%B3525397122645561=2907101631975947?,02/28/28,debit,0
CcS-8215,3634,DE840648866119064066922366,0387637892075758,7405,937,%B0387637892075758^ZPARQAZPARQA^2701000000000000000?,%B0387637892075758=2307101583236569?,01/29/28,credit,0
CcS-8216,3635,US677849701778671729366508,3716614230877248,6586,392,%B3716614230877248^LIHVZJLIHVZJ^2710000000000000000?,%B3716614230877248=3009101898524015?,05/25/28,debit,1
CcS-8217,3636,FR151455039326362323933254,5889590565539213,8315,437,%B5889590565539213^PPICUQPPICUQ^2907000000000000000?,%B5889590565539213=3108101315687897?,02/25/28,credit,1
CcS-8218,3637,IT973807121954686842231288,2138977536912754,8852,453,%B2138977536912754^TTXMEHTTXMEH^2201000000000000000?,%B2138977536912754=2304101771820810?,10/26/28,credit,0
CcS-8219,3638,SE668475103361390627008433,6887328981503889,6347,489,%B6887328981503889^HUGDPUHUGDPU^2302000000000000000?,%B6887328981503889=3110101876917538?,05/25/28,premium_credit,1
CcS-8220,3639,PL556719637979185482447884,9036993819279077,8437,709,%B9036993819279077^NPUMWDNPUMWD^2904000000000000000?,%B9036993819279077=2607101215956681?,12/28/28,credit,0
CcS-8221,3640,DE605387512153085127884340,8079620356649261,9775,900,%B8079620356649261^GKZCNWGKZCNW^2801000000000000000?,%B8079620356649261=2210101418638117?,09/25/28,credit,1
CcS-8222,3641,CA697302330587162517352019,0946849467515192,6238,283,%B0946849467515192^KVRLBAKVRLBA^2408000000000000000?,%B0946849467515192=2303101141517931?,08/27/28,premium_credit,0
CcS-8223,3642,FR463860535782196624972723,7916918570853632,4034,614,%B7916918570853632^BZWBMIBZWBMI^2702000000000000000?,%B7916918570853632=3012101626566521?,11/25/28,debit,1
CcS-8224,3643,CA967463915477072193974672,0357018672278728,6657,123,%B0357018672278728^IVMJYDIVMJYD^3001000000000000000?,%B0357018672278728=2208101410062496?,12/28/28,credit,0
CcS-8225,3644,US882568334940778259838535,9334698440696544,3643,228,%B9334698440696544^JUAKMBJUAKMB^2612000000000000000?,%B9334698440696544=2605101275290160?,12/29/28,debit,0
CcS-8226,3645,DE643940864457272944102936,0812989433267307,4768,310,%B0812989433267307^RPMZFLRPMZFL^2808000000000000000?,%B0812989433267307=3306101493429638?,07/29/28,credit,0
CcS-8227,3646,US488322990534179268872490,7115357419576603,3645,835,%B7115357419576603^JITTPIJITTPI^2904000000000000000?,%B7115357419576603=3103101156557494?,11/27/28,debit,0
CcS-8228,3647,DE363897969312752917864723,4323966692471955,6031,164,%B4323966692471955^SEZNPCSEZNPC^2311000000000000000?,%B4323966692471955=3311101995251066?,12/28/28,debit,0
CcS-8229,3648,PT542725607737562299899828,7680983470395179,8177,997,%B7680983470395179^RQTTUKRQTTUK^2405000000000000000?,%B7680983470395179=2306101626782317?,08/26/28,credit,0
CcS-8230,3649,SE832438197281657251996242,3651638085101189,6397,290,%B3651638085101189^GLNHEQGLNHEQ^2603000000000000000?,%B3651638085101189=2509101952662671?,12/27/28,credit,0
CcS-8231,3650,SE300093409221513420005350,0085667209056511,4247,936,%B0085667209056511^WOFUWQWOFUWQ^3208000000000000000?,%B0085667209056511=2303101414709626?,10/29/28,credit,0
CcS-8232,3651,ES278539699004688971020072,2706384485318954,9074,365,%B2706384485318954^RIDMNCRIDMNC^2610000000000000000?,%B2706384485318954=3010101448683667?,05/26/28,credit,0
CcS-8233,3652,FR825013613376682298128954,5298845542734028,5184,464,%B5298845542734028^RIUTRIRIUTRI^2906000000000000000?,%B5298845542734028=2704101324545088?,09/25/28,debit,1
CcS-8234,3653,SE401985203744133866884017,8420647278255159,6756,131,%B8420647278255159^DHTKSZDHTKSZ^3310000000000000000?,%B8420647278255159=2611101246409321?,12/29/28,debit,0
CcS-8235,3654,PL922253331644640146917485,0868278933529879,7782,250,%B0868278933529879^MSWBWIMSWBWI^3012000000000000000?,%B0868278933529879=2811101802295350?,12/29/28,credit,0
CcS-8236,3655,CA255800760748246972054452,7114149827545099,1975,780,%B7114149827545099^SFHIABSFHIAB^2804000000000000000?,%B7114149827545099=3004101422352584?,01/28/28,credit,0
CcS-8237,3656,IT149078346943751321590937,3243020011449587,3394,596,%B3243020011449587^MMGBLPMMGBLP^2301000000000000000?,%B3243020011449587=2705101249453299?,11/27/28,credit,0
CcS-8238,3657,ES385367868306198587862942,5869676342722791,7248,585,%B5869676342722791^ZCNUYRZCNUYR^2411000000000000000?,%B5869676342722791=2609101550813838?,07/27/28,debit,0
CcS-8239,3658,ES196544703480852234854558,4390349163875452,4170,218,%B4390349163875452^WLJOERWLJOER^3308000000000000000?,%B4390349163875452=2206101195906002?,01/25/28,credit,1
CcS-8240,3659,SE576346757803843811774547,3627640265395268,2532,847,%B3627640265395268^ZCSWSKZCSWSK^3211000000000000000?,%B3627640265395268=2902101734194803?,02/25/28,credit,1
CcS-8241,3660,PT266182894093525099883176,4045687444346245,4705,376,%B4045687444346245^HSSARBHSSARB^3407000000000000000?,%B4045687444346245=2210101940221182?,06/29/28,credit,0
CcS-8242,3661,FR704145951033809074859209,8767515271757028,2253,720,%B8767515271757028^PEXPFSPEXPFS^3201000000000000000?,%B8767515271757028=2209101399534264?,12/26/28,credit,0
CcS-8243,3662,GB612326845422346841845832,6994864031293221,7079,621,%B6994864031293221^ZYFUTHZYFUTH^3411000000000000000?,%B6994864031293221=3402101913425137?,05/29/28,debit,0
CcS-8244,3663,PT216601208843281761212341,6707838703476482,1606,189,%B6707838703476482^UIBFQDUIBFQD^2709000000000000000?,%B6707838703476482=2201101672251870?,10/25/28,debit,1
CcS-8245,3664,US216303841561919293423651,1594722386280294,1485,150,%B1594722386280294^CMGATMCMGATM^2609000000000000000?,%B1594722386280294=3009101787201841?,07/29/28,debit,0
CcS-8246,3665,DE221205938395742828175843,8864141598599245,8050,279,%B8864141598599245^SQDWDCSQDWDC^2310000000000000000?,%B8864141598599245=2609101418002439?,02/28/28,debit,0
CcS-8247,3666,ES260379801278237250643776,1170313807700932,6307,738,%B1170313807700932^NPUINFNPUINF^2809000000000000000?,%B1170313807700932=2406101247332214?,09/27/28,debit,0
CcS-8248,3667,PL822792744723082700556023,4971119324478808,9124,515,%B4971119324478808^VKLSZVVKLSZV^3405000000000000000?,%B4971119324478808=3411101232574757?,08/27/28,debit,0
CcS-8249,3668,FR363968997484252162483852,6384346602573048,8681,602,%B6384346602573048^UCYAHPUCYAHP^3405000000000000000?,%B6384346602573048=2709101873440711?,07/28/28,debit,0
CcS-8250,3669,GB957935137151728521737616,0386790410803316,8839,632,%B0386790410803316^IGRJXCIGRJXC^2312000000000000000?,%B0386790410803316=2307101281303694?,05/28/28,debit,0
CcS-8251,3670,PT823213120650854094165324,7650817919172627,7785,828,%B7650817919172627^TCEZUBTCEZUB^2301000000000000000?,%B7650817919172627=2702101557929444?,05/26/28,premium_credit,0
CcS-8252,3671,NL369167830790417456348573,3794424989274616,9699,446,%B3794424989274616^TXYOVQTXYOVQ^3104000000000000000?,%B3794424989274616=2304101813666779?,09/29/28,debit,0
CcS-8253,3672,FR617242025562898171157077,0013229979685083,6743,344,%B0013229979685083^ZSEDQKZSEDQK^2607000000000000000?,%B0013229979685083=3210101988661088?,10/25/28,credit,1
CcS-8254,3673,PL351066229001923741672597,8154132467697754,2812,371,%B8154132467697754^JKBLMHJKBLMH^3009000000000000000?,%B8154132467697754=2703101617803303?,12/26/28,credit,0
CcS-8255,3674,ES205701260327608365256493,1154040891897967,2003,947,%B1154040891897967^MIHITUMIHITU^3206000000000000000?,%B1154040891897967=2902101389905835?,03/27/28,debit,0
CcS-8256,3675,PT727621948949081152442725,6163251494164066,6512,385,%B6163251494164066^LOEHLPLOEHLP^3303000000000000000?,%B6163251494164066=2703101177091030?,10/28/28,credit,0
CcS-8257,3676,SE814658195994817602371712,5575305269418181,4787,852,%B5575305269418181^FRYHASFRYHAS^3410000000000000000?,%B5575305269418181=3007101725641604?,01/28/28,credit,0
CcS-8258,3677,CA694322831324319000213267,7282783445893815,9806,995,%B7282783445893815^DIGCJFDIGCJF^3307000000000000000?,%B7282783445893815=3310101760828867?,06/26/28,debit,0
CcS-8259,3678,PL575680108114829790917083,6000642279762473,5554,722,%B6000642279762473^FORHZRFORHZR^3309000000000000000?,%B6000642279762473=3001101535503548?,09/29/28,credit,0
CcS-8260,3679,PT470730497792393252541766,6316774296267577,2047,230,%B6316774296267577^KHHAKQKHHAKQ^2812000000000000000?,%B6316774296267577=2806101816420789?,08/29/28,debit,0
CcS-8261,3680,PL834822795127412144851066,1721962067837232,3905,262,%B1721962067837232^SXSABXSXSABX^3412000000000000000?,%B1721962067837232=2611101884240876?,10/28/28,debit,0
CcS-8262,3681,IT951736762737482131107078,7067104161387340,6800,604,%B7067104161387340^RVSATURVSATU^2408000000000000000?,%B7067104161387340=3311101620927324?,03/27/28,debit,0
CcS-8263,3682,PT200002670574133375890014,0020871330149177,8159,168,%B0020871330149177^IIEUNBIIEUNB^2503000000000000000?,%B0020871330149177=3002101978866224?,01/29/28,debit,0
CcS-8264,3683,FR592060680798703930669872,8710911788633309,8855,573,%B8710911788633309^YPVPCMYPVPCM^2904000000000000000?,%B8710911788633309=2202101377349134?,11/26/28,prepaid,0
CcS-8265,3684,FR192752107224484666426735,0868204705800465,2902,863,%B0868204705800465^ACJFSKACJFSK^2401000000000000000?,%B0868204705800465=2507101557353756?,05/28/28,prepaid,0
CcS-8266,3685,CA720595640536186410494289,4637191842998585,2357,495,%B4637191842998585^GCSOSLGCSOSL^3108000000000000000?,%B4637191842998585=3307101257035263?,11/29/28,credit,0
CcS-8267,3686,SE294310935791153983105057,3910286678574436,3372,306,%B3910286678574436^QQGPXBQQGPXB^2908000000000000000?,%B3910286678574436=3210101168671278?,06/29/28,debit,0
CcS-8268,3687,CA504472101107793207734343,1189462736944229,9622,230,%B1189462736944229^JUINOYJUINOY^3308000000000000000?,%B1189462736944229=3411101420000025?,09/28/28,credit,0
CcS-8269,3688,DE199265757084910397293111,8373121620020381,4444,629,%B8373121620020381^SCGQYDSCGQYD^2309000000000000000?,%B8373121620020381=2810101198202459?,12/26/28,credit,0
CcS-8270,3689,GB619442279637985664310717,0285541326289597,3631,676,%B0285541326289597^ZMOSLVZMOSLV^2711000000000000000?,%B0285541326289597=2509101705243451?,11/29/28,debit,0
CcS-8271,3690,CA697040653771402292291663,0004420137950975,2970,520,%B0004420137950975^LFTGYMLFTGYM^3005000000000000000?,%B0004420137950975=3101101614307910?,04/28/28,credit,0
CcS-8272,3691,IT419973554385641529527603,6620729113177470,9649,266,%B6620729113177470^LEVZJALEVZJA^3410000000000000000?,%B6620729113177470=2511101633213449?,09/26/28,premium_credit,0
CcS-8273,3692,US235410688925900554594586,5104526507645697,9773,379,%B5104526507645697^HANEGTHANEGT^2802000000000000000?,%B5104526507645697=2911101497612453?,07/28/28,credit,0
CcS-8274,3693,IT378543906403909368130572,2998432013327738,3975,425,%B2998432013327738^JCIJITJCIJIT^2608000000000000000?,%B2998432013327738=2710101576718190?,10/26/28,credit,0
CcS-8275,3694,PT160404866847655692414762,1496248933415533,1627,107,%B1496248933415533^XBJROOXBJROO^2203000000000000000?,%B1496248933415533=3308101103042320?,06/29/28,credit,0
CcS-8276,3695,FR913916486132911752724009,2847076749424490,2082,834,%B2847076749424490^RBEHOLRBEHOL^2808000000000000000?,%B2847076749424490=3312101629613334?,01/25/28,credit,1
CcS-8277,3696,IT770698459671185640700143,8365442270795020,2608,177,%B8365442270795020^PPVGNSPPVGNS^2906000000000000000?,%B8365442270795020=2509101250838563?,06/28/28,credit,0
CcS-8278,3697,GB439110972742510826838315,1688509874046918,7079,249,%B1688509874046918^HKRBAYHKRBAY^2207000000000000000?,%B1688509874046918=3001101933947191?,10/26/28,debit,0
CcS-8279,3698,GB416538090643420849579592,3435675190212984,1427,920,%B3435675190212984^BBJVPZBBJVPZ^2608000000000000000?,%B3435675190212984=2805101929451646?,07/27/28,credit,0
CcS-8280,3699,ES141651320265215616254083,6963873203786109,9580,549,%B6963873203786109^NHYJQNNHYJQN^3206000000000000000?,%B6963873203786109=2312101189740544?,11/26/28,credit,0
CcS-8281,3700,FR679338242157414950268735,1036432242125268,3037,982,%B1036432242125268^HSCETMHSCETM^2802000000000000000?,%B1036432242125268=2908101123471567?,03/25/28,debit,1
CcS-8282,3701,FR328691570003163691208599,2766626746977472,7828,125,%B2766626746977472^PTFUOMPTFUOM^2602000000000000000?,%B2766626746977472=2407101589398950?,05/27/28,credit,0
CcS-8283,3702,NL693997063375481614285528,9035762128246182,3809,537,%B9035762128246182^GBKOEFGBKOEF^3108000000000000000?,%B9035762128246182=3110101246044729?,01/25/28,debit,1
CcS-8284,3703,SE504969154572978446322890,3743914149184869,7988,297,%B3743914149184869^HQLGNFHQLGNF^2309000000000000000?,%B3743914149184869=2505101350199170?,03/26/28,credit,0
CcS-8285,3704,IT250735703103280533213660,6598258570660983,5526,485,%B6598258570660983^FLCESVFLCESV^3308000000000000000?,%B6598258570660983=2912101347454188?,08/29/28,debit,0
CcS-8286,3705,FR482325636500363653970605,4810670905527612,4572,348,%B4810670905527612^WGAFBRWGAFBR^2703000000000000000?,%B4810670905527612=3008101722726670?,12/29/28,premium_credit,0
CcS-8287,3706,FR963771076914461884163266,5804599760066058,6215,339,%B5804599760066058^FKUEXSFKUEXS^2806000000000000000?,%B5804599760066058=2901101950087228?,06/27/28,debit,0
CcS-8288,3707,DE464679691358413737372398,1256925219573970,1403,941,%B1256925219573970^PNJAWYPNJAWY^2811000000000000000?,%B1256925219573970=2702101658329228?,10/27/28,prepaid,0
CcS-8289,3708,GB832316687247710406752901,0929257578299606,7980,486,%B0929257578299606^ZFRTWYZFRTWY^3207000000000000000?,%B0929257578299606=2605101137940209?,09/27/28,premium_credit,0
CcS-8290,3709,CA634185629637842525653614,0618513161521542,1122,972,%B0618513161521542^ETTADNETTADN^3405000000000000000?,%B0618513161521542=2703101948709907?,02/25/28,debit,1
CcS-8291,3710,PL419474590003246521129227,5265296257943111,2328,421,%B5265296257943111^SNEEKYSNEEKY^2603000000000000000?,%B5265296257943111=3207101956809474?,11/28/28,credit,0
CcS-8292,3711,FR195875944764954852299348,3506062364552382,3255,309,%B3506062364552382^FHJLJSFHJLJS^2404000000000000000?,%B3506062364552382=3303101313936364?,06/25/28,debit,1
CcS-8293,3712,GB221070518394146408135088,2926700120663406,3739,401,%B2926700120663406^SPGYYYSPGYYY^2401000000000000000?,%B2926700120663406=3403101925814467?,11/27/28,debit,0
CcS-8294,3713,FR283456214922652699504322,5909368017633534,9071,239,%B5909368017633534^LCJRLSLCJRLS^2208000000000000000?,%B5909368017633534=2906101134098061?,01/27/28,debit,0
CcS-8295,3714,SE604929278107995804421868,2659252100141894,4850,572,%B2659252100141894^KPVXOWKPVXOW^3010000000000000000?,%B2659252100141894=2612101127932090?,01/25/28,debit,1
CcS-8296,3715,NL895518903304587356540664,7151972093113265,7902,805,%B7151972093113265^JSJXJYJSJXJY^2304000000000000000?,%B7151972093113265=2908101690298839?,01/28/28,debit,0
CcS-8297,3716,CA138204351477128683666945,0712583479785726,9409,582,%B0712583479785726^IERGSBIERGSB^3007000000000000000?,%B0712583479785726=3210101144793626?,05/27/28,credit,0
CcS-8298,3717,GB303884882237215289895417,8967909464115435,8543,998,%B8967909464115435^IXHGCQIXHGCQ^2906000000000000000?,%B8967909464115435=2707101729568548?,10/25/28,credit,1
CcS-8299,3718,ES333228124384946340631678,4582171742060986,8795,232,%B4582171742060986^GBKJTFGBKJTF^2903000000000000000?,%B4582171742060986=2708101339351383?,01/25/28,debit,1
CcS-8300,3719,CA756118006955734450326017,5929186540185363,1526,494,%B5929186540185363^GPULAWGPULAW^2706000000000000000?,%B5929186540185363=3209101830487329?,08/26/28,credit,0
CcS-8301,3720,ES798323863677509250410921,1534351702697624,4377,161,%B1534351702697624^OHVMXGOHVMXG^3312000000000000000?,%B1534351702697624=3001101281510784?,01/28/28,credit,0
CcS-8302,3721,NL286642524253816489441253,1645391638335566,3641,901,%B1645391638335566^GDUNLSGDUNLS^2607000000000000000?,%B1645391638335566=2902101976145110?,10/28/28,prepaid,0
CcS-8303,3722,GB282683662038969549903220,7007902308887280,6015,489,%B7007902308887280^IYZIKYIYZIKY^3012000000000000000?,%B7007902308887280=2707101930168767?,01/29/28,debit,0
CcS-8304,3723,DE399736165777938731014491,0912986005162369,3858,553,%B0912986005162369^FMCMEMFMCMEM^3308000000000000000?,%B0912986005162369=2401101151258495?,03/29/28,debit,0
CcS-8305,3724,CA370114172270364274502939,0419257632759701,6408,245,%B0419257632759701^JPGLDJJPGLDJ^3212000000000000000?,%B0419257632759701=2310101992755564?,05/28/28,credit,0
CcS-8306,3725,CA464836761047018507239484,3713033133095857,3176,474,%B3713033133095857^MLNLYBMLNLYB^3408000000000000000?,%B3713033133095857=3205101727762160?,07/28/28,debit,0
CcS-8307,3726,CA211159595286383203225808,3630424834823139,5673,582,%B3630424834823139^XGTGPXXGTGPX^2209000000000000000?,%B3630424834823139=3305101214854910?,05/29/28,credit,0
CcS-8308,3727,US782878759823061079838279,7525301310427292,2703,834,%B7525301310427292^APAOUEAPAOUE^2704000000000000000?,%B7525301310427292=2606101271069302?,05/28/28,credit,0
CcS-8309,3728,FR704546399681891643602114,3687511673384000,8627,403,%B3687511673384000^VQRJWKVQRJWK^2812000000000000000?,%B3687511673384000=3011101527236923?,03/25/28,debit,1
CcS-8310,3729,PT432613175750884962172168,8393775194804521,2278,439,%B8393775194804521^QUNUUXQUNUUX^2910000000000000000?,%B8393775194804521=3105101546204419?,12/26/28,credit,0
CcS-8311,3730,CA353393097888560457076163,7325038433808717,1067,520,%B7325038433808717^YWBNSUYWBNSU^3107000000000000000?,%B7325038433808717=2511101933578116?,11/26/28,credit,0
CcS-8312,3731,IT135839180567300028566158,6583726631557036,2140,331,%B6583726631557036^EXSPFAEXSPFA^3209000000000000000?,%B6583726631557036=3402101711616731?,12/27/28,debit,0
CcS-8313,3732,FR327267537351135225975734,2701634967839292,3992,108,%B2701634967839292^VQFCMEVQFCME^3110000000000000000?,%B2701634967839292=2905101929900754?,06/25/28,premium_credit,1
CcS-8314,3733,FR245362534566649644288032,5760574252275620,1122,747,%B5760574252275620^ZOIQORZOIQOR^3211000000000000000?,%B5760574252275620=2612101781223503?,08/26/28,credit,0
CcS-8315,3734,NL435565731960044425197745,2109370783247203,3610,152,%B2109370783247203^FGNFMGFGNFMG^3304000000000000000?,%B2109370783247203=3206101494080696?,11/25/28,credit,1
CcS-8316,3735,PT659688713371981329706689,8566086339148624,3038,883,%B8566086339148624^OLLYSGOLLYSG^3401000000000000000?,%B8566086339148624=2901101151902397?,07/25/28,debit,1
CcS-8317,3736,PT475540151490050318026005,4278501221871902,5201,796,%B4278501221871902^NYNKMZNYNKMZ^2902000000000000000?,%B4278501221871902=2903101796792163?,09/26/28,credit,0
CcS-8318,3737,PL492907763167489739808044,2802813091386066,3872,169,%B2802813091386066^SBYTMSSBYTMS^2403000000000000000?,%B2802813091386066=2310101883673690?,06/28/28,debit,0
CcS-8319,3738,PL754709265464692510139547,7838882829901826,6842,644,%B7838882829901826^ADCLZWADCLZW^2307000000000000000?,%B7838882829901826=2801101491528466?,07/26/28,debit,0
CcS-8320,3739,CA601913112043056328244602,8192654926818341,3237,427,%B8192654926818341^YCRWXSYCRWXS^3306000000000000000?,%B8192654926818341=2712101332326982?,08/26/28,premium_credit,0
CcS-8321,3740,IT909726875468517351510433,4254028415549701,7175,404,%B4254028415549701^PAWWADPAWWAD^2611000000000000000?,%B4254028415549701=2909101430419413?,03/28/28,credit,0
CcS-8322,3741,FR677048099231803929826171,9179565047381537,9745,967,%B9179565047381537^KZRRNGKZRRNG^2301000000000000000?,%B9179565047381537=3306101747667649?,03/25/28,prepaid,1
CcS-8323,3742,NL378563122023329332427292,0132847016174802,6279,447,%B0132847016174802^MGAVRKMGAVRK^2204000000000000000?,%B0132847016174802=2502101534037859?,10/25/28,premium_credit,1
CcS-8324,3743,GB243200634120372038979234,1617388991800150,4224,154,%B1617388991800150^TCKYYJTCKYYJ^3105000000000000000?,%B1617388991800150=3402101320590368?,05/26/28,debit,0
CcS-8325,3744,NL982025857347071539934037,2263485932846865,5223,185,%B2263485932846865^JENUICJENUIC^3311000000000000000?,%B2263485932846865=3211101110093226?,05/25/28,prepaid,1
CcS-8326,3745,CA734777909313534216529854,9567954652320612,5706,448,%B9567954652320612^OHAYIWOHAYIW^3210000000000000000?,%B9567954652320612=2904101949155260?,02/25/28,premium_credit,1
CcS-8327,3746,DE185562527458849659303171,9228355884552959,3183,569,%B9228355884552959^IDSOZLIDSOZL^2708000000000000000?,%B9228355884552959=2801101772016564?,12/29/28,credit,0
CcS-8328,3747,PL835481089315033962713734,7001563670633222,9030,736,%B7001563670633222^BAOXQQBAOXQQ^3405000000000000000?,%B7001563670633222=2911101348386177?,10/26/28,debit,0
CcS-8329,3748,FR497745812824293293079656,8029228829481260,9529,613,%B8029228829481260^CEEOEMCEEOEM^2806000000000000000?,%B8029228829481260=2209101486490170?,10/25/28,credit,1
CcS-8330,3749,NL666831078277071139614352,2991755549329174,3884,798,%B2991755549329174^SHJOFLSHJOFL^2606000000000000000?,%B2991755549329174=2307101208928538?,04/27/28,credit,0
CcS-8331,3750,ES847538081571499349323403,2733630708904714,3217,702,%B2733630708904714^CHVDJYCHVDJY^2403000000000000000?,%B2733630708904714=2405101333014904?,02/27/28,debit,0
CcS-8332,3751,NL194217746059864565412340,9356578372380779,4533,104,%B9356578372380779^VZJVCDVZJVCD^3105000000000000000?,%B9356578372380779=3005101620208165?,10/25/28,debit,1
CcS-8333,3752,GB746764081901315787787162,9280067297198996,2253,794,%B9280067297198996^FBUOOPFBUOOP^2901000000000000000?,%B9280067297198996=2810101154298945?,05/27/28,credit,0
CcS-8334,3753,NL888751095410248784322349,7560207028969958,6356,168,%B7560207028969958^AINZTAAINZTA^2401000000000000000?,%B7560207028969958=3409101835588966?,12/29/28,premium_credit,0
CcS-8335,3754,FR486834432641803679568561,8402628834928998,1988,320,%B8402628834928998^SWTKHHSWTKHH^2805000000000000000?,%B8402628834928998=2802101414439712?,12/28/28,credit,0
CcS-8336,3755,PL441436388472312383016129,5549974672641498,5249,610,%B5549974672641498^QFAEFRQFAEFR^2209000000000000000?,%B5549974672641498=2405101203534493?,02/27/28,credit,0
CcS-8337,3756,PL740724627785179181620762,9734165269407010,4883,380,%B9734165269407010^NCVFQWNCVFQW^2610000000000000000?,%B9734165269407010=3105101125175929?,01/25/28,credit,1
CcS-8338,3757,GB279342406149172057654793,3409726483628655,9026,205,%B3409726483628655^CMIKAOCMIKAO^3006000000000000000?,%B3409726483628655=2412101501409521?,11/26/28,debit,0
CcS-8339,3758,NL423604111143052717549553,5228316946835074,8861,180,%B5228316946835074^OMIIHMOMIIHM^2610000000000000000?,%B5228316946835074=2612101321344846?,09/25/28,debit,1
CcS-8340,3759,CA787837950560857780587348,2979427355516431,2200,821,%B2979427355516431^TEWLVTTEWLVT^2510000000000000000?,%B2979427355516431=2809101248627318?,03/26/28,premium_credit,0
CcS-8341,3760,NL340989856536123283907388,6661011186779787,1134,223,%B6661011186779787^GKUOAHGKUOAH^2811000000000000000?,%B6661011186779787=2809101250806937?,02/28/28,debit,0
CcS-8342,3761,ES726867133320542653838266,0777719647902823,1593,210,%B0777719647902823^CIKOJNCIKOJN^3304000000000000000?,%B0777719647902823=3410101829779023?,02/26/28,debit,0
CcS-8343,3762,GB151319941752180568631596,2580987501665493,1223,353,%B2580987501665493^RLHCJIRLHCJI^2804000000000000000?,%B2580987501665493=3108101437772368?,04/27/28,credit,0
CcS-8344,3763,NL346955115078795907130045,3726761151447001,3702,709,%B3726761151447001^MCBBXIMCBBXI^2907000000000000000?,%B3726761151447001=2402101365887043?,08/29/28,credit,0
CcS-8345,3764,FR551178729979558706542072,5856729119540100,2232,365,%B5856729119540100^AKJTFRAKJTFR^2207000000000000000?,%B5856729119540100=2705101249256661?,10/28/28,credit,0
CcS-8346,3765,DE581122170203003553671845,0954586519357450,8251,897,%B0954586519357450^TGHDQMTGHDQM^2601000000000000000?,%B0954586519357450=3312101627933636?,02/28/28,debit,0
CcS-8347,3766,NL493651688250348284218551,7738584920537108,1275,362,%B7738584920537108^FJHKSWFJHKSW^2310000000000000000?,%B7738584920537108=2304101506699512?,03/27/28,debit,0
CcS-8348,3767,NL645878600318341876679969,8138545883498474,6052,777,%B8138545883498474^XMICQOXMICQO^2609000000000000000?,%B8138545883498474=2211101146438702?,09/25/28,debit,1
CcS-8349,3768,CA453456449959857364318450,9471176625321361,7047,794,%B9471176625321361^NEDHIBNEDHIB^2701000000000000000?,%B9471176625321361=2511101889225453?,06/25/28,debit,1
CcS-8350,3769,ES863108377373540859833312,4651019372866874,5975,220,%B4651019372866874^KZDQYJKZDQYJ^3006000000000000000?,%B4651019372866874=2402101965414502?,11/25/28,credit,1
CcS-8351,3770,IT163073365131295803735093,5802227270717404,5985,797,%B5802227270717404^XGZFYPXGZFYP^2412000000000000000?,%B5802227270717404=3310101663969492?,01/28/28,debit,0
CcS-8352,3771,ES552460882713683062989816,1169555732583948,1628,485,%B1169555732583948^KMVIXHKMVIXH^3205000000000000000?,%B1169555732583948=2604101569680117?,07/26/28,credit,0
CcS-8353,3772,FR240479109304778479467710,5328235140989576,7907,496,%B5328235140989576^QIKLKLQIKLKL^3009000000000000000?,%B5328235140989576=3402101677440521?,07/25/28,debit,1
CcS-8354,3773,ES847867899932392103476554,0248924133793510,9201,109,%B0248924133793510^ODLZCRODLZCR^2705000000000000000?,%B0248924133793510=2509101619458803?,07/26/28,debit,0
CcS-8355,3774,GB487927407664468907986143,8453288041947514,4423,620,%B8453288041947514^DRCZSNDRCZSN^2706000000000000000?,%B8453288041947514=3012101872762767?,06/26/28,debit,0
CcS-8356,3775,PL804536835508190419406377,9921525600665296,2150,793,%B9921525600665296^MYQQSJMYQQSJ^2612000000000000000?,%B9921525600665296=3407101760467613?,08/29/28,credit,0
CcS-8357,3776,SE525551724868309249060761,8674766867269161,6249,417,%B8674766867269161^FDWADQFDWADQ^2407000000000000000?,%B8674766867269161=3012101790576971?,09/28/28,debit,0
CcS-8358,3777,GB965606876161302452295811,9083137674410094,4635,190,%B9083137674410094^MDTYILMDTYIL^2606000000000000000?,%B9083137674410094=3112101578672216?,04/25/28,credit,1
CcS-8359,3778,CA240589553063838093158110,1757253036363776,4088,860,%B1757253036363776^PYOSEYPYOSEY^2407000000000000000?,%B1757253036363776=3208101408748735?,04/29/28,credit,0
CcS-8360,3779,PT870146807089129321411717,6147110796046493,3910,993,%B6147110796046493^QUFCEBQUFCEB^3111000000000000000?,%B6147110796046493=3408101734395871?,10/26/28,debit,0
CcS-8361,3780,PT754879821077720865653108,6153722814077259,9249,382,%B6153722814077259^MPDXKGMPDXKG^2903000000000000000?,%B6153722814077259=3205101913459460?,10/28/28,credit,0
CcS-8362,3781,ES656883891053399052607834,1076453422779699,6293,929,%B1076453422779699^SFWEPRSFWEPR^3106000000000000000?,%B1076453422779699=2803101430610048?,11/27/28,debit,0
CcS-8363,3782,NL643419103979999167902564,5155774264443432,8362,733,%B5155774264443432^OFPXDJOFPXDJ^2502000000000000000?,%B5155774264443432=2304101404902172?,01/27/28,credit,0
CcS-8364,3783,ES886317033075136861096812,6808183150583548,2438,537,%B6808183150583548^QRNPLKQRNPLK^3109000000000000000?,%B6808183150583548=2601101864642240?,07/29/28,debit,0
CcS-8365,3784,PL636133396519129086686038,9533093354104332,4739,123,%B9533093354104332^MMVENOMMVENO^2302000000000000000?,%B9533093354104332=3104101117437907?,02/29/28,debit,0
CcS-8366,3785,NL172537241684817294244076,4284964724098962,6772,891,%B4284964724098962^CZBPFZCZBPFZ^3405000000000000000?,%B4284964724098962=2501101967341438?,03/27/28,credit,0
CcS-8367,3786,DE576612533071599009153763,2798064629354955,3903,111,%B2798064629354955^VJOGDAVJOGDA^3106000000000000000?,%B2798064629354955=2412101991411477?,07/27/28,debit,0
CcS-8368,3787,IT536984280135292824204428,6125175560299933,2032,570,%B6125175560299933^XFQXDOXFQXDO^3009000000000000000?,%B6125175560299933=3405101758193218?,05/25/28,premium_credit,1
CcS-8369,3788,PT252461428785383310935331,9556626245975372,3470,555,%B9556626245975372^YOEAYAYOEAYA^2605000000000000000?,%B9556626245975372=2210101160045591?,08/28/28,debit,0
CcS-8370,3789,GB912632430546723479664305,2383941623079143,5579,321,%B2383941623079143^NAZZIJNAZZIJ^3407000000000000000?,%B2383941623079143=3101101408750701?,11/27/28,credit,0
CcS-8371,3790,IT184330007049564806585183,6552016984114514,5995,727,%B6552016984114514^SWZMJZSWZMJZ^3408000000000000000?,%B6552016984114514=2602101236216845?,03/29/28,debit,0
CcS-8372,3791,IT162478379482747908421205,0877636902752599,6015,455,%B0877636902752599^QGUDDJQGUDDJ^3411000000000000000?,%B0877636902752599=3204101768859690?,06/27/28,credit,0
CcS-8373,3792,PL269612396978567668950248,9539116149656009,6761,214,%B9539116149656009^FLUARPFLUARP^3011000000000000000?,%B9539116149656009=3112101220254006?,05/25/28,premium_credit,1
CcS-8374,3793,SE533566120053938722719454,2244118698155861,9074,781,%B2244118698155861^FFVVKVFFVVKV^2901000000000000000?,%B2244118698155861=3412101386001247?,03/29/28,debit,0
CcS-8375,3794,NL398912525623500470009081,2058466937854120,8212,635,%B2058466937854120^HKXCAXHKXCAX^3007000000000000000?,%B2058466937854120=2607101433808765?,10/26/28,credit,0
CcS-8376,3795,IT214483535238062861400667,6797122534768791,7269,329,%B6797122534768791^CDYZFPCDYZFP^2509000000000000000?,%B6797122534768791=2208101756704331?,01/27/28,credit,0
CcS-8377,3796,FR502107540497795111777089,5410414308313413,2478,762,%B5410414308313413^KOKMPDKOKMPD^2406000000000000000?,%B5410414308313413=3409101398967705?,10/29/28,debit,0
CcS-8378,3797,PT489921670616586845522032,9226249107234542,2426,276,%B9226249107234542^YNUIRZYNUIRZ^3302000000000000000?,%B9226249107234542=2901101582118463?,02/29/28,credit,0
CcS-8379,3798,PT538925892820247039753209,9254999360681594,2624,901,%B9254999360681594^MODEQRMODEQR^3010000000000000000?,%B9254999360681594=3412101149567451?,01/26/28,prepaid,0
CcS-8380,3799,PT641624525696112607354044,0703350712989429,9526,517,%B0703350712989429^EKYLQPEKYLQP^2701000000000000000?,%B0703350712989429=2501101432755269?,08/27/28,debit,0
CcS-8381,3800,SE710436413939247118411285,5681403908909297,1209,690,%B5681403908909297^XCDUXXXCDUXX^2406000000000000000?,%B5681403908909297=2509101693956154?,08/27/28,credit,0
CcS-8382,3801,CA539243400182792288178670,4257218515001647,4949,587,%B4257218515001647^AOCVKWAOCVKW^2807000000000000000?,%B4257218515001647=2305101657835385?,10/26/28,prepaid,0
CcS-8383,3802,CA527266777408858639930856,3307077497912202,9032,457,%B3307077497912202^DAFAFMDAFAFM^2704000000000000000?,%B3307077497912202=2206101551183856?,01/28/28,prepaid,0
CcS-8384,3803,PT962987187323175906334791,2629462423708787,3848,301,%B2629462423708787^DRIIRPDRIIRP^3106000000000000000?,%B2629462423708787=2603101817356198?,08/26/28,debit,0
CcS-8385,3804,NL787991303451443796177463,2641585619032609,4657,368,%B2641585619032609^UGNCTUUGNCTU^2511000000000000000?,%B2641585619032609=2905101432883944?,06/25/28,debit,1
CcS-8386,3805,CA522336999064775218794926,5017011515507972,8768,152,%B5017011515507972^DXIPXXDXIPXX^2402000000000000000?,%B5017011515507972=2408101187530130?,04/28/28,debit,0
CcS-8387,3806,GB793494097183792405730997,5969823703335949,7070,457,%B5969823703335949^XDVAJRXDVAJR^3412000000000000000?,%B5969823703335949=2311101301675988?,04/27/28,debit,0
CcS-8388,3807,US357151559600040206738768,0075790683552444,9275,669,%B0075790683552444^LDYMZSLDYMZS^2804000000000000000?,%B0075790683552444=3305101520573102?,03/28/28,credit,0
CcS-8389,3808,CA721949811488938086894501,0729869583032406,5239,699,%B0729869583032406^NLFEXVNLFEXV^2604000000000000000?,%B0729869583032406=2408101258327785?,12/29/28,debit,0
CcS-8390,3809,SE206200640754578820956549,4374716556680673,4430,777,%B4374716556680673^VJIASVVJIASV^2703000000000000000?,%B4374716556680673=3308101845783523?,06/28/28,credit,0
CcS-8391,3810,CA379239282457955509501771,3348863599875267,3451,874,%B3348863599875267^SAKCJGSAKCJG^2801000000000000000?,%B3348863599875267=2303101138221796?,12/29/28,debit,0
CcS-8392,3811,FR935386986537594551298770,4026317778349808,4359,512,%B4026317778349808^QHPQANQHPQAN^3304000000000000000?,%B4026317778349808=2208101989447741?,07/27/28,credit,0
CcS-8393,3812,US691658157571856197823529,0530513085128574,1682,546,%B0530513085128574^IJNWHUIJNWHU^2712000000000000000?,%B0530513085128574=2502101709634397?,10/29/28,credit,0
CcS-8394,3813,GB107442327215797555431418,3484594077856895,5298,367,%B3484594077856895^LEMFCTLEMFCT^2411000000000000000?,%B3484594077856895=2612101908076244?,02/26/28,credit,0
CcS-8395,3814,ES929476648404224078930160,1154059167266105,7432,306,%B1154059167266105^OHWQIWOHWQIW^2501000000000000000?,%B1154059167266105=3108101112547008?,05/28/28,debit,0
CcS-8396,3815,ES853930738455825876346548,0135988185485416,1937,344,%B0135988185485416^VHBKTEVHBKTE^3007000000000000000?,%B0135988185485416=2408101801097129?,11/25/28,credit,1
CcS-8397,3816,DE455961452316114451810316,1645266347426680,5791,114,%B1645266347426680^KPHZYNKPHZYN^2801000000000000000?,%B1645266347426680=2305101743918459?,11/27/28,credit,0
CcS-8398,3817,PT809483077994701322887673,4863031758913156,1834,731,%B4863031758913156^VWQHAYVWQHAY^3204000000000000000?,%B4863031758913156=2908101742410181?,03/29/28,debit,0
CcS-8399,3818,ES267347133930521976661401,9673639466661173,5042,697,%B9673639466661173^HEXTGZHEXTGZ^2405000000000000000?,%B9673639466661173=2607101602351957?,08/25/28,debit,1
CcS-8400,3819,NL718756291746334346566812,0473855418045733,5957,102,%B0473855418045733^RUWZFARUWZFA^2812000000000000000?,%B0473855418045733=2904101259315278?,03/28/28,debit,0
CcS-8401,3820,NL912508456028412520496401,1304458077015486,9087,297,%B1304458077015486^MQBQHOMQBQHO^3407000000000000000?,%B1304458077015486=2612101244709338?,08/28/28,credit,0
CcS-8402,3821,IT113301104445496889056894,1721418166789646,1898,837,%B1721418166789646^RWKAILRWKAIL^2310000000000000000?,%B1721418166789646=3105101168510607?,04/25/28,debit,1
CcS-8403,3822,PL780639572175574465231756,9300132948463150,3663,903,%B9300132948463150^TIRVQQTIRVQQ^3107000000000000000?,%B9300132948463150=2210101918914382?,05/29/28,credit,0
CcS-8404,3823,NL519317632045298998541542,7024338414338941,1754,785,%B7024338414338941^TVTAQVTVTAQV^2403000000000000000?,%B7024338414338941=3108101653657173?,05/26/28,credit,0
CcS-8405,3824,US670838344336652582646121,3223180023427176,8231,880,%B3223180023427176^POKIKPPOKIKP^2204000000000000000?,%B3223180023427176=2211101388443505?,04/29/28,prepaid,0
CcS-8406,3825,FR822696245478511392632134,4063646052886472,9845,250,%B4063646052886472^JQVFTHJQVFTH^2307000000000000000?,%B4063646052886472=2307101303594473?,04/27/28,debit,0
CcS-8407,3826,US778782881276198108354332,9419432822253303,9852,259,%B9419432822253303^TBCJVCTBCJVC^2508000000000000000?,%B9419432822253303=3007101246639229?,06/29/28,debit,0
CcS-8408,3827,GB828935544815823562781662,5612627195137204,7784,745,%B5612627195137204^JAMJJHJAMJJH^3106000000000000000?,%B5612627195137204=2709101861105544?,10/26/28,debit,0
CcS-8409,3828,IT239468460471747174382271,1712001536512885,6490,769,%B1712001536512885^MYXOQAMYXOQA^3204000000000000000?,%B1712001536512885=2205101569549531?,05/26/28,debit,0
CcS-8410,3829,GB397807961067032480210558,1796563608870320,1684,867,%B1796563608870320^XVLCZVXVLCZV^3209000000000000000?,%B1796563608870320=2706101966220822?,10/27/28,prepaid,0
CcS-8411,3830,GB577185867967859616093923,5732007278056631,4848,665,%B5732007278056631^HGOCFLHGOCFL^2407000000000000000?,%B5732007278056631=2403101527924612?,09/27/28,debit,0
CcS-8412,3831,GB143371076120537209056704,8546374066153762,5057,990,%B8546374066153762^MVPYHZMVPYHZ^3312000000000000000?,%B8546374066153762=2209101461368488?,06/27/28,credit,0
CcS-8413,3832,NL822027926874701230736915,8073257483992202,5591,419,%B8073257483992202^JQZKPZJQZKPZ^3210000000000000000?,%B8073257483992202=3411101865800653?,04/28/28,debit,0
CcS-8414,3833,ES376268616986060182708950,3177699566318285,9742,579,%B3177699566318285^BDAFSGBDAFSG^2312000000000000000?,%B3177699566318285=3308101178502933?,09/26/28,debit,0
CcS-8415,3834,NL468581352992990453852648,8668512922382203,6690,321,%B8668512922382203^RARKINRARKIN^2405000000000000000?,%B8668512922382203=2704101909382105?,01/26/28,credit,0
CcS-8416,3835,US205929635521270256937733,1079245008820342,6778,609,%B1079245008820342^QPSGOFQPSGOF^2809000000000000000?,%B1079245008820342=2410101374402974?,07/27/28,premium_credit,0
CcS-8417,3836,SE494258129052065996613487,8736764303163190,2321,647,%B8736764303163190^PKIDBAPKIDBA^3305000000000000000?,%B8736764303163190=2407101458669126?,10/26/28,credit,0
CcS-8418,3837,PL136584428192301455238087,6919655123424449,5118,845,%B6919655123424449^BFUAPRBFUAPR^3011000000000000000?,%B6919655123424449=2402101252680294?,01/25/28,credit,1
CcS-8419,3838,NL939161646083975397849739,7376047566918586,6494,766,%B7376047566918586^BXNVOUBXNVOU^3108000000000000000?,%B7376047566918586=2607101802290891?,09/27/28,debit,0
CcS-8420,3839,ES234601391517649073330991,7175860863348897,7970,931,%B7175860863348897^FCKLXPFCKLXP^2912000000000000000?,%B7175860863348897=2210101670456084?,09/27/28,debit,0
CcS-8421,3840,SE230487743910165692428765,7346981265697634,5337,572,%B7346981265697634^GJXHBGGJXHBG^2306000000000000000?,%B7346981265697634=2612101961844248?,10/29/28,credit,0
CcS-8422,3841,PL431559169355624439996423,2811444458620267,6133,961,%B2811444458620267^UNMIIDUNMIID^3410000000000000000?,%B2811444458620267=3308101288849086?,05/26/28,debit,0
CcS-8423,3842,PT724034472839411881008420,3170296873606505,2271,510,%B3170296873606505^XHTHPEXHTHPE^3010000000000000000?,%B3170296873606505=2808101839633412?,10/27/28,credit,0
CcS-8424,3843,FR442497649240210401097706,0413234460303966,5513,914,%B0413234460303966^QTXNOBQTXNOB^3306000000000000000?,%B0413234460303966=2709101939661869?,12/28/28,debit,0
CcS-8425,3844,ES731954592693163080066841,6655422847979185,8479,886,%B6655422847979185^WHZIPKWHZIPK^3405000000000000000?,%B6655422847979185=2305101912763768?,08/26/28,debit,0
CcS-8426,3845,NL662452546917501229248582,0227539402033229,7374,773,%B0227539402033229^JQYTLNJQYTLN^2908000000000000000?,%B0227539402033229=2608101373900189?,08/28/28,debit,0
CcS-8427,3846,NL940923706327451067250310,0593863403593792,3696,256,%B0593863403593792^UECJSDUECJSD^3211000000000000000?,%B0593863403593792=3305101483482012?,08/29/28,debit,0
CcS-8428,3847,SE181625829911453534651894,2494762361524646,6565,903,%B2494762361524646^AUGPZBAUGPZB^3008000000000000000?,%B2494762361524646=3112101835824322?,02/29/28,credit,0
CcS-8429,3848,CA236748271906946220203949,3138004322934682,7899,851,%B3138004322934682^LEIYLTLEIYLT^2510000000000000000?,%B3138004322934682=3411101705974618?,09/28/28,prepaid,0
CcS-8430,3849,PT723307424688688241946479,1277016772709379,6920,511,%B1277016772709379^JXAZGCJXAZGC^3412000000000000000?,%B1277016772709379=2605101130069590?,09/25/28,debit,1
CcS-8431,3850,GB559530580538860204642482,5099261592393303,6307,328,%B5099261592393303^ZBBCXJZBBCXJ^3103000000000000000?,%B5099261592393303=2708101521411487?,03/25/28,debit,1
CcS-8432,3851,ES191368392613424174721847,3440654420793099,3788,481,%B3440654420793099^YHWEOMYHWEOM^2807000000000000000?,%B3440654420793099=3102101548561670?,07/25/28,credit,1
CcS-8433,3852,ES535101186487964794441895,6235195932228478,3273,463,%B6235195932228478^XDTBXMXDTBXM^2912000000000000000?,%B6235195932228478=3307101900737747?,01/25/28,debit,1
CcS-8434,3853,FR120334301598766043455942,4732636945187679,3268,148,%B4732636945187679^ICTUVMICTUVM^3404000000000000000?,%B4732636945187679=2311101350058409?,04/27/28,debit,0
CcS-8435,3854,FR427764558468806832067822,5476647165367787,3670,939,%B5476647165367787^CXVRNRCXVRNR^2805000000000000000?,%B5476647165367787=2708101819375122?,01/28/28,credit,0
CcS-8436,3855,PT296630624821971551406180,7675977038414747,1383,771,%B7675977038414747^CQZPUTCQZPUT^2710000000000000000?,%B7675977038414747=2607101513917117?,07/28/28,debit,0
CcS-8437,3856,DE975319497157542791987585,7776251033842054,2328,593,%B7776251033842054^FWAAPWFWAAPW^2304000000000000000?,%B7776251033842054=3207101833636392?,05/29/28,credit,0
CcS-8438,3857,SE844610748634249327393744,1632182342606679,3542,295,%B1632182342606679^BSKHUKBSKHUK^3108000000000000000?,%B1632182342606679=2706101640300298?,10/25/28,debit,1
CcS-8439,3858,PT250051251551916807352900,5895802719480026,7574,524,%B5895802719480026^MTWSAPMTWSAP^3310000000000000000?,%B5895802719480026=2402101593232436?,07/28/28,credit,0
CcS-8440,3859,PT274372218486764174740984,4468563649816037,3528,656,%B4468563649816037^ZOMYEWZOMYEW^3108000000000000000?,%B4468563649816037=2907101848051080?,04/28/28,debit,0
CcS-8441,3860,DE890341534994304356320108,3387641398263945,4115,826,%B3387641398263945^KOXFZPKOXFZP^2403000000000000000?,%B3387641398263945=2809101966361855?,03/26/28,credit,0
CcS-8442,3861,SE906501354286547799994023,8358842023751122,4737,332,%B8358842023751122^EMQHOHEMQHOH^2502000000000000000?,%B8358842023751122=2203101152228191?,02/25/28,credit,1
CcS-8443,3862,DE653650056121506914099644,6221590519370498,4532,974,%B6221590519370498^AVJFRJAVJFRJ^3204000000000000000?,%B6221590519370498=2811101188705031?,05/27/28,credit,0
CcS-8444,3863,GB757274034791532841287570,3662259172927983,3673,780,%B3662259172927983^DRZIBYDRZIBY^2607000000000000000?,%B3662259172927983=3009101632148368?,02/28/28,credit,0
CcS-8445,3864,CA160378012641273985795197,4723147866114235,2837,453,%B4723147866114235^NEINKNNEINKN^2208000000000000000?,%B4723147866114235=2203101883507418?,01/27/28,debit,0
CcS-8446,3865,ES358089307789015422803648,1049774939558711,4301,253,%B1049774939558711^PCMNLPPCMNLP^2304000000000000000?,%B1049774939558711=2405101491837038?,06/25/28,debit,1
CcS-8447,3866,IT747079945043835928789570,0265048091738190,2695,887,%B0265048091738190^XGKGYRXGKGYR^2812000000000000000?,%B0265048091738190=2210101166691333?,09/29/28,debit,0
CcS-8448,3867,IT559306300555866075458362,6604327965943254,7828,922,%B6604327965943254^ZREUWMZREUWM^2702000000000000000?,%B6604327965943254=2803101283913106?,07/28/28,debit,0
CcS-8449,3868,PT146523064033659934168866,8869369898365031,6711,221,%B8869369898365031^RXUIOARXUIOA^3307000000000000000?,%B8869369898365031=2311101756461179?,08/29/28,credit,0
CcS-8450,3869,SE399992224683795294702760,6820486408777541,3247,234,%B6820486408777541^HHCDJPHHCDJP^2911000000000000000?,%B6820486408777541=3012101686300182?,08/27/28,debit,0
CcS-8451,3870,US944443806029476649692331,0780221418051117,6773,137,%B0780221418051117^LFRVFHLFRVFH^3312000000000000000?,%B0780221418051117=3105101414979925?,07/27/28,debit,0
CcS-8452,3871,US581097432668325541142297,2333796414775134,5118,763,%B2333796414775134^YJDFDLYJDFDL^3411000000000000000?,%B2333796414775134=3009101897225381?,05/27/28,debit,0
CcS-8453,3872,CA848002589698140726058466,3436204942672519,2484,627,%B3436204942672519^EACCQVEACCQV^2701000000000000000?,%B3436204942672519=2806101642440198?,09/26/28,debit,0
CcS-8454,3873,GB363075049150325647221831,7837815563026155,1265,213,%B7837815563026155^DMIXLXDMIXLX^2206000000000000000?,%B7837815563026155=3305101268303979?,08/29/28,credit,0
CcS-8455,3874,NL528368649016482895992098,2181847910392494,5973,211,%B2181847910392494^FVZKKJFVZKKJ^2403000000000000000?,%B2181847910392494=3407101179870726?,02/29/28,debit,0
CcS-8456,3875,NL870362952865333406851625,2459231287078089,4622,167,%B2459231287078089^KSWWWBKSWWWB^3102000000000000000?,%B2459231287078089=3208101859956782?,01/25/28,debit,1
CcS-8457,3876,FR777594375783916731822873,0187701125709124,6556,464,%B0187701125709124^QYYEXIQYYEXI^2305000000000000000?,%B0187701125709124=3005101595006838?,01/27/28,debit,0
CcS-8458,3877,SE820080161391256181347306,9860192469242262,2782,577,%B9860192469242262^QRIVXKQRIVXK^2604000000000000000?,%B9860192469242262=2810101986392697?,11/27/28,credit,0
CcS-8459,3878,NL594182133940909649560472,8973535277061754,2740,436,%B8973535277061754^BLLHIRBLLHIR^3108000000000000000?,%B8973535277061754=2802101217275060?,03/25/28,credit,1
CcS-8460,3879,FR586156860726521309962146,7951303409386670,7902,578,%B7951303409386670^WTKIBHWTKIBH^3304000000000000000?,%B7951303409386670=2608101367864557?,01/29/28,premium_credit,0
CcS-8461,3880,FR909747216536882039061749,7917739856433100,7795,213,%B7917739856433100^YDOPJSYDOPJS^3102000000000000000?,%B7917739856433100=2210101882072059?,10/26/28,credit,0
CcS-8462,3881,FR793243186439417174360694,7620056730841944,6265,767,%B7620056730841944^BEHKLCBEHKLC^2906000000000000000?,%B7620056730841944=3208101298791684?,10/27/28,debit,0
CcS-8463,3882,IT306015673281905267169444,9220369140729231,9425,558,%B9220369140729231^KRTPCJKRTPCJ^2403000000000000000?,%B9220369140729231=2509101885497282?,02/25/28,credit,1
CcS-8464,3883,NL846736818586440251540206,1468667723430692,7279,570,%B1468667723430692^RJGGEVRJGGEV^2306000000000000000?,%B1468667723430692=3012101779559148?,08/25/28,credit,1
CcS-8465,3884,FR407621865442471225048056,8792559562782061,9040,220,%B8792559562782061^SHAFGDSHAFGD^3212000000000000000?,%B8792559562782061=2802101220921001?,06/25/28,credit,1
CcS-8466,3885,ES495335997269322597030742,7518952605850949,8718,796,%B7518952605850949^PWJGOZPWJGOZ^2502000000000000000?,%B7518952605850949=2610101188363955?,05/26/28,debit,0
CcS-8467,3886,PL570545364691202748041718,8764329257422516,8357,940,%B8764329257422516^CDOLKXCDOLKX^2510000000000000000?,%B8764329257422516=2902101410444011?,05/25/28,debit,1
CcS-8468,3887,CA388183237650191744521249,7053069203097711,6901,170,%B7053069203097711^BGZGWGBGZGWG^3306000000000000000?,%B7053069203097711=2508101929607372?,03/26/28,credit,0
CcS-8469,3888,PL545924367028071994261705,9059306525460128,6401,838,%B9059306525460128^XOKWLRXOKWLR^3209000000000000000?,%B9059306525460128=2505101532996085?,08/29/28,credit,0
CcS-8470,3889,SE532090256322323589966646,7119264256044648,1817,658,%B7119264256044648^HCNUBDHCNUBD^2410000000000000000?,%B7119264256044648=2602101944137119?,06/28/28,credit,0
CcS-8471,3890,PT766298957530673879197398,0089451792940506,4415,955,%B0089451792940506^FAGEWIFAGEWI^3302000000000000000?,%B0089451792940506=2301101811243469?,03/25/28,premium_credit,1
CcS-8472,3891,CA207559799141260364427260,6179909886125811,4572,548,%B6179909886125811^CHGIONCHGION^2801000000000000000?,%B6179909886125811=3105101286146621?,03/25/28,debit,1
CcS-8473,3892,ES660328149224142142716761,7675887104320748,5747,219,%B7675887104320748^JZIDCBJZIDCB^2309000000000000000?,%B7675887104320748=3109101388853413?,10/27/28,credit,0
CcS-8474,3893,GB628282275019767756504901,2445508165854073,6059,685,%B2445508165854073^DXDORTDXDORT^3411000000000000000?,%B2445508165854073=2903101723752617?,03/26/28,credit,0
CcS-8475,3894,GB641328941955427498331265,7933808096457959,4381,452,%B7933808096457959^NRNPWONRNPWO^2310000000000000000?,%B7933808096457959=3001101440884503?,03/27/28,credit,0
CcS-8476,3895,FR922512507344507427922797,1035193506535746,7589,485,%B1035193506535746^CRYIDKCRYIDK^3009000000000000000?,%B1035193506535746=2605101495048778?,09/29/28,debit,0
CcS-8477,3896,ES845081046747267446128650,5884123557622521,1428,337,%B5884123557622521^PEFIZNPEFIZN^2406000000000000000?,%B5884123557622521=2210101770119728?,09/29/28,premium_credit,0
CcS-8478,3897,SE284517951701454129370568,7750028157974155,1071,357,%B7750028157974155^KLOYVTKLOYVT^3002000000000000000?,%B7750028157974155=2201101308729941?,09/26/28,debit,0
CcS-8479,3898,PL592930692464530616089382,2389001937240785,1540,290,%B2389001937240785^CJUFUTCJUFUT^3210000000000000000?,%B2389001937240785=2612101877482617?,05/29/28,prepaid,0
CcS-8480,3899,PL102533945999566353170425,2174973148552688,6431,607,%B2174973148552688^LXJOXLLXJOXL^2710000000000000000?,%B2174973148552688=3203101952965082?,06/28/28,debit,0
CcS-8481,3900,FR873505980249121378799084,2915336074312602,9072,514,%B2915336074312602^JXNMHQJXNMHQ^3409000000000000000?,%B2915336074312602=2205101894591273?,06/26/28,debit,0
CcS-8482,3901,CA331025252911327055497043,7921023285590026,4258,907,%B7921023285590026^LHARGZLHARGZ^2210000000000000000?,%B7921023285590026=2812101659306554?,04/27/28,credit,0
CcS-8483,3902,CA421961741081065792255250,4231571297782537,6452,887,%B4231571297782537^VGJFTIVGJFTI^3203000000000000000?,%B4231571297782537=2912101341952228?,01/28/28,credit,0
CcS-8484,3903,US843120594955175108397187,0725673139284770,2543,838,%B0725673139284770^IKNAEMIKNAEM^2701000000000000000?,%B0725673139284770=3005101374285854?,01/26/28,credit,0
CcS-8485,3904,CA107154170758509463327452,6370952391727319,5936,453,%B6370952391727319^YODDVJYODDVJ^3001000000000000000?,%B6370952391727319=2601101288695500?,07/26/28,debit,0
CcS-8486,3905,GB717663955705148058442162,3707872715458714,3830,249,%B3707872715458714^ZTWUPLZTWUPL^2811000000000000000?,%B3707872715458714=3006101299334285?,04/27/28,debit,0
CcS-8487,3906,NL222137339958263635234607,0267783755795639,2432,188,%B0267783755795639^CQUIBQCQUIBQ^3212000000000000000?,%B0267783755795639=3302101138253370?,04/28/28,prepaid,0
CcS-8488,3907,FR458320818978166239802612,7826691173036042,4432,794,%B7826691173036042^EDTTTSEDTTTS^3412000000000000000?,%B7826691173036042=3401101121736249?,07/28/28,debit,0
CcS-8489,3908,CA508824174155457401873070,6240960862729377,9058,129,%B6240960862729377^WSHQPIWSHQPI^3211000000000000000?,%B6240960862729377=3401101257779264?,10/29/28,credit,0
CcS-8490,3909,DE924201415269980293523943,7438893145709049,4699,657,%B7438893145709049^OIANJQOIANJQ^2812000000000000000?,%B7438893145709049=3108101400967858?,09/26/28,credit,0
CcS-8491,3910,US537195807535984428240967,1612746928691342,7034,106,%B1612746928691342^PJSQWIPJSQWI^3308000000000000000?,%B1612746928691342=2612101260793121?,08/29/28,debit,0
CcS-8492,3911,PT237909990604320729330035,5671367364921143,2416,596,%B5671367364921143^BEKEJSBEKEJS^3001000000000000000?,%B5671367364921143=3401101253316755?,03/28/28,debit,0
CcS-8493,3912,PL183513394022325145890267,8098692928608386,8773,933,%B8098692928608386^KTGNKJKTGNKJ^3103000000000000000?,%B8098692928608386=3107101964866108?,11/26/28,debit,0
CcS-8494,3913,GB317007885649372659751432,6988215296151829,4940,188,%B6988215296151829^HAAPJHHAAPJH^3210000000000000000?,%B6988215296151829=3211101549784242?,04/28/28,credit,0
CcS-8495,3914,NL295360241890331900994903,2665795487881047,9371,586,%B2665795487881047^FULMOQFULMOQ^2612000000000000000?,%B2665795487881047=2801101543288801?,10/27/28,credit,0
CcS-8496,3915,CA621269844877432993252208,1178122256495415,4849,907,%B1178122256495415^LGGCDELGGCDE^3210000000000000000?,%B1178122256495415=2910101137911326?,02/27/28,premium_credit,0
CcS-8497,3916,FR979032657774236784936932,0046491356945999,5994,990,%B0046491356945999^WCWBGZWCWBGZ^3211000000000000000?,%B0046491356945999=3104101200146301?,09/26/28,debit,0
CcS-8498,3917,US797326551194228805141586,5226977350331404,7935,934,%B5226977350331404^ZLENHSZLENHS^3409000000000000000?,%B5226977350331404=2412101359582625?,10/27/28,debit,0
CcS-8499,3918,SE111127632093701918053858,7451444530439125,3955,465,%B7451444530439125^HRLTBQHRLTBQ^3012000000000000000?,%B7451444530439125=2212101923872631?,09/26/28,debit,0
CcS-8500,3919,ES699133469046292731546144,2298860744495433,2515,816,%B2298860744495433^MWDXVUMWDXVU^3010000000000000000?,%B2298860744495433=2306101531716830?,01/25/28,credit,1
CcS-8501,3920,DE706895445061247880142522,8078595937718419,2997,731,%B8078595937718419^VEAHGDVEAHGD^2405000000000000000?,%B8078595937718419=3001101476295805?,11/29/28,debit,0
CcS-8502,3921,IT819667141549076990003678,8615428925346254,3047,413,%B8615428925346254^NPBMQINPBMQI^2706000000000000000?,%B8615428925346254=2607101428155558?,11/28/28,debit,0
CcS-8503,3922,SE912659904539033197843347,4667482167601035,7240,302,%B4667482167601035^HDCIMQHDCIMQ^2902000000000000000?,%B4667482167601035=2609101861646884?,03/26/28,credit,0
CcS-8504,3923,GB980447481856365339904334,2532807098472694,3226,313,%B2532807098472694^YUUHQBYUUHQB^2511000000000000000?,%B2532807098472694=2210101341117961?,05/29/28,debit,0
CcS-8505,3924,FR306246114892068553715961,8112504785460016,3632,200,%B8112504785460016^YBGAZMYBGAZM^3104000000000000000?,%B8112504785460016=2309101101108981?,03/27/28,debit,0
CcS-8506,3925,US315843178555146774453761,9141062752915418,2510,306,%B9141062752915418^JYRHZNJYRHZN^3003000000000000000?,%B9141062752915418=2507101614878811?,09/26/28,debit,0
CcS-8507,3926,SE943598980631792184773256,5012698859382095,4000,411,%B5012698859382095^TWFVRRTWFVRR^2408000000000000000?,%B5012698859382095=2604101110240835?,12/25/28,credit,1
CcS-8508,3927,ES358202405095907111017753,9053417621480832,4578,409,%B9053417621480832^HGDZFYHGDZFY^2406000000000000000?,%B9053417621480832=3206101851635978?,10/26/28,debit,0
CcS-8509,3928,SE987793122500221342699431,9783915002043213,6846,942,%B9783915002043213^LMHSKZLMHSKZ^2802000000000000000?,%B9783915002043213=3304101477806198?,04/25/28,credit,1
CcS-8510,3929,GB102932568869692713285657,2043456986707450,3834,489,%B2043456986707450^YBFJUJYBFJUJ^3402000000000000000?,%B2043456986707450=2907101619187068?,06/29/28,credit,0
CcS-8511,3930,PT115000525830146450450156,0874462203627287,5344,877,%B0874462203627287^AQDHEPAQDHEP^3412000000000000000?,%B0874462203627287=3006101540958392?,11/25/28,credit,1
CcS-8512,3931,IT959428080605865421182636,5233488027399575,2565,863,%B5233488027399575^HZRHLUHZRHLU^2212000000000000000?,%B5233488027399575=2311101896446124?,06/25/28,debit,1
CcS-8513,3932,CA249323113240635134503190,9967498280573742,3799,265,%B9967498280573742^YBXSYDYBXSYD^2609000000000000000?,%B9967498280573742=2707101569702277?,01/27/28,debit,0
CcS-8514,3933,CA968018799931729013053543,0707998580755832,3012,603,%B0707998580755832^NDEUSBNDEUSB^2710000000000000000?,%B0707998580755832=2510101796075695?,04/28/28,debit,0
CcS-8515,3934,IT623337448953676514518934,3848501706108833,9535,903,%B3848501706108833^DENTTGDENTTG^2708000000000000000?,%B3848501706108833=3004101331666084?,05/28/28,debit,0
CcS-8516,3935,DE838583444065275867857108,2485982893106190,3922,823,%B2485982893106190^SNEDLMSNEDLM^3207000000000000000?,%B2485982893106190=2405101350440199?,08/26/28,debit,0
CcS-8517,3936,ES349922729554639502680369,4774757214794444,3321,734,%B4774757214794444^EHOAYFEHOAYF^3405000000000000000?,%B4774757214794444=2211101803077801?,11/27/28,credit,0
CcS-8518,3937,PL251819698741569649859879,9132352747583114,7057,104,%B9132352747583114^PMROMVPMROMV^2811000000000000000?,%B9132352747583114=2510101230075806?,07/28/28,debit,0
CcS-8519,3938,ES290175090028517920953573,3021911052686300,2616,822,%B3021911052686300^YLIXEMYLIXEM^2407000000000000000?,%B3021911052686300=2501101207701087?,08/26/28,prepaid,0
CcS-8520,3939,CA901218321013362638618817,8306139502588551,8487,427,%B8306139502588551^XYSCOLXYSCOL^3302000000000000000?,%B8306139502588551=2703101250764772?,03/26/28,premium_credit,0
CcS-8521,3940,GB930794822740816732096685,0322928672633907,5604,247,%B0322928672633907^SZGTBESZGTBE^2904000000000000000?,%B0322928672633907=2301101605428346?,09/29/28,debit,0
CcS-8522,3941,CA641986034288812965707057,5992676744360613,3733,760,%B5992676744360613^NDTJETNDTJET^2212000000000000000?,%B5992676744360613=3403101190788825?,11/29/28,debit,0
CcS-8523,3942,DE642241033399825664118007,7294723702214390,9512,388,%B7294723702214390^WIQAANWIQAAN^3401000000000000000?,%B7294723702214390=3101101925385668?,12/29/28,debit,0
CcS-8524,3943,PL815216077888629551312670,9319568710155698,4494,872,%B9319568710155698^DQMXRPDQMXRP^2710000000000000000?,%B9319568710155698=2802101888822954?,09/26/28,debit,0
CcS-8525,3944,DE137662826713365955839118,0085433188098041,4801,594,%B0085433188098041^LVVQIGLVVQIG^3009000000000000000?,%B0085433188098041=2501101423574204?,02/29/28,credit,0
CcS-8526,3945,DE920166076910169354766838,8540038558870133,8424,110,%B8540038558870133^FATBLBFATBLB^2511000000000000000?,%B8540038558870133=2312101625335418?,06/27/28,credit,0
CcS-8527,3946,FR324928056048533445234193,0439307069117916,1810,179,%B0439307069117916^NZCGFONZCGFO^2612000000000000000?,%B0439307069117916=2703101127249714?,11/26/28,debit,0
CcS-8528,3947,FR563708415377962932069777,2009121665723627,4393,766,%B2009121665723627^AJSOIJAJSOIJ^2605000000000000000?,%B2009121665723627=3305101293071245?,09/28/28,debit,0
CcS-8529,3948,PL769492017431757020345565,1917228620331971,9085,446,%B1917228620331971^BHZDRGBHZDRG^2510000000000000000?,%B1917228620331971=3211101522581010?,09/26/28,debit,0
CcS-8530,3949,CA911750998194188217818205,0788875563100134,4599,847,%B0788875563100134^AQWIBWAQWIBW^3411000000000000000?,%B0788875563100134=2206101909737576?,07/25/28,debit,1
CcS-8531,3950,IT953872754081842960446770,7881813194990481,7945,234,%B7881813194990481^NVLRRDNVLRRD^2803000000000000000?,%B7881813194990481=2310101230006112?,09/28/28,credit,0
CcS-8532,3951,CA281689444843737671326853,9145968916970074,3147,121,%B9145968916970074^LWQQKQLWQQKQ^3005000000000000000?,%B9145968916970074=3311101270456689?,08/26/28,credit,0
CcS-8533,3952,DE272444640669254063117257,7892761809860212,2035,963,%B7892761809860212^XZMSRMXZMSRM^3004000000000000000?,%B7892761809860212=2204101483994928?,10/25/28,prepaid,1
CcS-8534,3953,CA806914491716568463398678,8907599471267454,7133,259,%B8907599471267454^TOXOAQTOXOAQ^2609000000000000000?,%B8907599471267454=2501101622844051?,05/25/28,debit,1
CcS-8535,3954,DE683600750470972992379711,4712486126687031,8150,504,%B4712486126687031^MQUVAQMQUVAQ^3401000000000000000?,%B4712486126687031=3212101718895945?,11/28/28,credit,0
CcS-8536,3955,NL137837164922007947369434,5437241612272102,2879,436,%B5437241612272102^PHDXMGPHDXMG^2704000000000000000?,%B5437241612272102=3310101102524075?,10/28/28,debit,0
CcS-8537,3956,CA652750957313869612647633,2016183971742415,5758,944,%B2016183971742415^TIJAXITIJAXI^3206000000000000000?,%B2016183971742415=3406101493547239?,11/27/28,debit,0
CcS-8538,3957,IT938740523904715977686955,1702738515584349,1402,642,%B1702738515584349^ISDXNCISDXNC^2908000000000000000?,%B1702738515584349=3208101440808112?,09/27/28,debit,0
CcS-8539,3958,PL331918742324723834355546,8264349371687516,3844,527,%B8264349371687516^ULMHQWULMHQW^3002000000000000000?,%B8264349371687516=3010101484626669?,12/27/28,debit,0
CcS-8540,3959,IT792315798330813679150961,4306500225305662,2920,159,%B4306500225305662^SOHSTFSOHSTF^2505000000000000000?,%B4306500225305662=2408101669236012?,02/26/28,debit,0
CcS-8541,3960,NL572831171916005979763583,6382816365507115,7742,178,%B6382816365507115^CYQOQUCYQOQU^2603000000000000000?,%B6382816365507115=2410101161218363?,09/26/28,debit,0
CcS-8542,3961,IT735601994344925039938087,7479508704545112,9536,975,%B7479508704545112^CXWKUPCXWKUP^2901000000000000000?,%B7479508704545112=2712101483979326?,01/29/28,credit,0
CcS-8543,3962,DE771352860932352898381839,3306206715830541,2059,923,%B3306206715830541^ZCFVLNZCFVLN^2406000000000000000?,%B3306206715830541=2206101207160026?,12/27/28,credit,0
CcS-8544,3963,ES139217495231294399115867,0152930131632552,2383,742,%B0152930131632552^GACWHHGACWHH^2712000000000000000?,%B0152930131632552=3312101272612259?,08/25/28,debit,1
CcS-8545,3964,FR281600425360512945042879,9828013893652885,9830,448,%B9828013893652885^TZETIWTZETIW^2602000000000000000?,%B9828013893652885=2506101653163479?,05/26/28,debit,0
CcS-8546,3965,PL489383835457810135437208,0339335392132871,4574,641,%B0339335392132871^PICYREPICYRE^2410000000000000000?,%B0339335392132871=2201101901675998?,11/27/28,credit,0
CcS-8547,3966,NL733990823303913676036555,4247310575195341,5348,622,%B4247310575195341^UWOAGSUWOAGS^2809000000000000000?,%B4247310575195341=3107101907718481?,12/27/28,credit,0
CcS-8548,3967,CA985710569820594399643999,4490366921484880,9243,222,%B4490366921484880^IJKSVJIJKSVJ^2805000000000000000?,%B4490366921484880=2706101530203124?,06/25/28,debit,1
CcS-8549,3968,ES763987603043670496287422,9853854190845238,9169,860,%B9853854190845238^IBTRVWIBTRVW^2312000000000000000?,%B9853854190845238=2304101464515274?,10/28/28,debit,0
CcS-8550,3969,US970086691375392133077540,3620435496343258,5596,464,%B3620435496343258^WLZKYIWLZKYI^2810000000000000000?,%B3620435496343258=2206101923782397?,01/25/28,debit,1
CcS-8551,3970,PT302661926859393779834772,7587142061369024,6767,492,%B7587142061369024^WBLTBAWBLTBA^2302000000000000000?,%B7587142061369024=2209101201765260?,07/28/28,debit,0
CcS-8552,3971,NL921549716444407164313584,2513643809535097,9502,949,%B2513643809535097^XDTTRWXDTTRW^2508000000000000000?,%B2513643809535097=2606101417692577?,11/26/28,debit,0
CcS-8553,3972,FR702437092430407956870112,9612270827114477,3105,893,%B9612270827114477^GUKKRUGUKKRU^3306000000000000000?,%B9612270827114477=2606101314091904?,12/27/28,credit,0
CcS-8554,3973,NL185255923309037852031627,9175695071964257,5475,619,%B9175695071964257^POFUBCPOFUBC^2909000000000000000?,%B9175695071964257=2301101462235929?,11/26/28,debit,0
CcS-8555,3974,US974705186989349627657148,8693791395067811,3248,740,%B8693791395067811^REWNUWREWNUW^2907000000000000000?,%B8693791395067811=2311101928296628?,05/27/28,debit,0
CcS-8556,3975,DE577160269083428567005507,5907462255583894,6872,581,%B5907462255583894^QXAKYZQXAKYZ^3108000000000000000?,%B5907462255583894=3408101488707044?,02/26/28,debit,0
CcS-8557,3976,GB173479838998823459590396,6392125024559110,8924,521,%B6392125024559110^JNBJGSJNBJGS^2405000000000000000?,%B6392125024559110=2907101129014288?,05/29/28,credit,0
CcS-8558,3977,US325233534522603241984933,2073579838138733,2247,561,%B2073579838138733^ORDINSORDINS^2412000000000000000?,%B2073579838138733=2204101709062559?,03/28/28,credit,0
CcS-8559,3978,DE909709584438185973390514,3112767009734743,4575,974,%B3112767009734743^KPIUNNKPIUNN^2212000000000000000?,%B3112767009734743=3208101880292885?,04/25/28,prepaid,1
CcS-8560,3979,ES790753803963035718652376,2921282092562662,3473,272,%B2921282092562662^QHNVKLQHNVKL^2811000000000000000?,%B2921282092562662=2412101841778633?,05/26/28,prepaid,0
CcS-8561,3980,SE774496647538114226452747,6387135481224917,9239,575,%B6387135481224917^OHRPBCOHRPBC^2711000000000000000?,%B6387135481224917=2408101846066716?,12/27/28,premium_credit,0
CcS-8562,3981,ES677357256743999321950541,1409294344231324,5618,937,%B1409294344231324^HLEUKOHLEUKO^2608000000000000000?,%B1409294344231324=2310101811010493?,05/27/28,credit,0
CcS-8563,3982,GB746047770774511092174617,9963356902495903,3748,209,%B9963356902495903^AZIXHCAZIXHC^3310000000000000000?,%B9963356902495903=3107101634215819?,08/26/28,debit,0
CcS-8564,3983,GB330224235306764660780902,7437906514391596,8244,198,%B7437906514391596^SYPJJTSYPJJT^3411000000000000000?,%B7437906514391596=2607101581897169?,11/26/28,credit,0
CcS-8565,3984,GB171093188448615590110528,1640665820948785,1338,410,%B1640665820948785^LWHSMPLWHSMP^2801000000000000000?,%B1640665820948785=2209101860746887?,05/29/28,debit,0
CcS-8566,3985,DE204265144211405802942126,2541601281622633,3761,587,%B2541601281622633^DXPTIYDXPTIY^2305000000000000000?,%B2541601281622633=2212101172146611?,06/25/28,debit,1
CcS-8567,3986,PL394102606539534298064815,3949145348858231,7604,292,%B3949145348858231^IZESSFIZESSF^2612000000000000000?,%B3949145348858231=3012101786764239?,05/27/28,debit,0
CcS-8568,3987,CA592331029720385800527385,6447711599061955,8235,274,%B6447711599061955^UBKYIVUBKYIV^2902000000000000000?,%B6447711599061955=3107101787011169?,05/29/28,credit,0
CcS-8569,3988,SE301071888957928894897693,9973974576438894,2850,993,%B9973974576438894^SFRWKCSFRWKC^2404000000000000000?,%B9973974576438894=2909101380093766?,03/28/28,premium_credit,0
CcS-8570,3989,ES241017558104337101863989,1988987367673950,9219,181,%B1988987367673950^THUDKGTHUDKG^2403000000000000000?,%B1988987367673950=2502101956696745?,03/29/28,credit,0
CcS-8571,3990,NL535749198437162512960668,9420203778198339,7319,303,%B9420203778198339^GIANTBGIANTB^2909000000000000000?,%B9420203778198339=2606101427590727?,06/26/28,credit,0
CcS-8572,3991,US137201498369601737761504,2438526947224224,7279,194,%B2438526947224224^JYQMLVJYQMLV^2802000000000000000?,%B2438526947224224=2801101531310246?,03/29/28,credit,0
CcS-8573,3992,DE534026366529793110008264,1274114809136456,2464,629,%B1274114809136456^SAICEZSAICEZ^2904000000000000000?,%B1274114809136456=2703101116930475?,11/29/28,credit,0
CcS-8574,3993,CA716548607142499790713575,9064665835629606,1732,867,%B9064665835629606^VZNYJVVZNYJV^2705000000000000000?,%B9064665835629606=2506101601446734?,01/29/28,credit,0
CcS-8575,3994,SE198869420531961177736781,7694089374972286,4084,216,%B7694089374972286^IFUYVAIFUYVA^2506000000000000000?,%B7694089374972286=2603101294068825?,02/25/28,debit,1
CcS-8576,3995,PT453925575904629829513181,2258934092524281,4892,579,%B2258934092524281^IILQMSIILQMS^2612000000000000000?,%B2258934092524281=3407101288993054?,01/26/28,prepaid,0
CcS-8577,3996,SE211638170932834921787201,8823811652031678,4666,166,%B8823811652031678^RUAFOERUAFOE^2506000000000000000?,%B8823811652031678=3112101448748776?,06/27/28,credit,0
CcS-8578,3997,PL388158934744362478666082,4987573010879625,4920,822,%B4987573010879625^WDOFPNWDOFPN^3303000000000000000?,%B4987573010879625=2404101121974009?,10/26/28,debit,0
CcS-8579,3998,PT314949723563108856605678,9568163487918069,5347,712,%B9568163487918069^ITQVFNITQVFN^3409000000000000000?,%B9568163487918069=3105101774226451?,11/28/28,credit,0
CcS-8580,3999,DE760647060819895333894134,9258577459104339,9061,864,%B9258577459104339^OKMXMXOKMXMX^2501000000000000000?,%B9258577459104339=3109101993497563?,10/27/28,credit,0
CcS-8581,4000,SE688107160704966060211172,5287454346566087,4637,857,%B5287454346566087^YCWOGCYCWOGC^3407000000000000000?,%B5287454346566087=2705101293547145?,10/29/28,debit,0
CcS-8582,4001,DE853530001626602307475583,3572326892642242,8596,942,%B3572326892642242^MEEGGNMEEGGN^3207000000000000000?,%B3572326892642242=2209101671233762?,09/28/28,debit,0
CcS-8583,4002,DE568110853845076924827388,0752273732787168,2179,631,%B0752273732787168^ENGDCUENGDCU^3007000000000000000?,%B0752273732787168=3008101924093266?,04/26/28,debit,0
CcS-8584,4003,CA553046572722777675196606,6572044032596605,9167,798,%B6572044032596605^EWAFVXEWAFVX^3307000000000000000?,%B6572044032596605=3107101105808888?,11/28/28,debit,0
CcS-8585,4004,NL950655167725548827845352,8927245984314826,9917,243,%B8927245984314826^VVNNHKVVNNHK^2706000000000000000?,%B8927245984314826=3008101958627846?,03/27/28,credit,0
CcS-8586,4005,CA916062445186344953534380,7461682849991574,6070,453,%B7461682849991574^CWVCNQCWVCNQ^3308000000000000000?,%B7461682849991574=3007101585484068?,01/26/28,credit,0
CcS-8587,4006,PT891908565391420176689119,9016533066858022,5107,961,%B9016533066858022^BGICQIBGICQI^2612000000000000000?,%B9016533066858022=3004101548558267?,12/27/28,debit,0
CcS-8588,4007,PT735178554965850362534751,5785910828430101,1798,578,%B5785910828430101^MCEUVRMCEUVR^3409000000000000000?,%B5785910828430101=2402101421848227?,07/25/28,debit,1
CcS-8589,4008,PL592089598244481579930443,1412786445002798,8906,564,%B1412786445002798^KPWGRNKPWGRN^2503000000000000000?,%B1412786445002798=2811101540959301?,02/25/28,credit,1
CcS-8590,4009,GB706295108909428737497176,6954748148363329,8562,768,%B6954748148363329^LJDKYNLJDKYN^3105000000000000000?,%B6954748148363329=2607101431347298?,03/27/28,debit,0
CcS-8591,4010,NL367644967321561123433266,4704764339250519,2655,291,%B4704764339250519^BZHXJNBZHXJN^2705000000000000000?,%B4704764339250519=3401101336291889?,05/25/28,credit,1
CcS-8592,4011,IT440133710850588404941232,8949468581294513,5947,430,%B8949468581294513^UDNQAWUDNQAW^2303000000000000000?,%B8949468581294513=2912101415565728?,02/28/28,credit,0
CcS-8593,4012,FR151580195096252538245906,3674085871668910,8203,174,%B3674085871668910^SAGICNSAGICN^2406000000000000000?,%B3674085871668910=2204101161594660?,07/26/28,credit,0
CcS-8594,4013,PL213638702006680188913601,4647619644326739,4581,828,%B4647619644326739^ZWKDYXZWKDYX^3105000000000000000?,%B4647619644326739=2202101311464666?,08/25/28,debit,1
CcS-8595,4014,NL511505487798499625739026,3068911200518870,9154,945,%B3068911200518870^PQKCVVPQKCVV^2807000000000000000?,%B3068911200518870=2212101175157468?,12/25/28,credit,1
CcS-8596,4015,SE245515872246025114429349,9991015252533168,4047,721,%B9991015252533168^HCKTFUHCKTFU^2310000000000000000?,%B9991015252533168=2702101556947427?,09/29/28,debit,0
CcS-8597,4016,PT898591498090368183064009,5361762222758551,2554,877,%B5361762222758551^YASLOYYASLOY^3412000000000000000?,%B5361762222758551=2403101608442156?,10/25/28,debit,1
CcS-8598,4017,IT676621976880167545189387,7063196304094712,5751,265,%B7063196304094712^UNXTWLUNXTWL^3203000000000000000?,%B7063196304094712=2711101624125536?,06/27/28,credit,0
CcS-8599,4018,SE139641797797591311884286,7878241514217591,2497,900,%B7878241514217591^HHOFBWHHOFBW^3207000000000000000?,%B7878241514217591=2509101327785542?,10/25/28,debit,1
CcS-8600,4019,DE932753804214260465142171,1981584432745054,5526,713,%B1981584432745054^AEYHLRAEYHLR^2508000000000000000?,%B1981584432745054=3307101998938719?,10/25/28,debit,1
CcS-8601,4020,IT809854309435563028427032,4421018876817580,1780,375,%B4421018876817580^SYDGGNSYDGGN^2211000000000000000?,%B4421018876817580=2407101900851321?,04/27/28,credit,0
CcS-8602,4021,GB204133512535526368281439,9602710784838209,3674,851,%B9602710784838209^FAGQMWFAGQMW^2803000000000000000?,%B9602710784838209=3402101939685934?,04/25/28,debit,1
CcS-8603,4022,PT102362014472849271787908,3254757657142854,2582,103,%B3254757657142854^VYSSZDVYSSZD^2905000000000000000?,%B3254757657142854=3405101156108820?,02/26/28,debit,0
CcS-8604,4023,FR539178552987146072916470,5315596412345206,6229,917,%B5315596412345206^XXULNIXXULNI^2910000000000000000?,%B5315596412345206=3306101871921939?,11/27/28,debit,0
CcS-8605,4024,IT355678329911375232282117,7357940630716794,9115,916,%B7357940630716794^DHBWHPDHBWHP^2205000000000000000?,%B7357940630716794=3209101914439978?,09/27/28,debit,0
CcS-8606,4025,NL539982917530956761203480,3511861743044109,3539,343,%B3511861743044109^SCPFAASCPFAA^2710000000000000000?,%B3511861743044109=2704101973801388?,07/26/28,credit,0
CcS-8607,4026,ES596379141163891670064608,2226670906197413,3742,136,%B2226670906197413^SVWSTYSVWSTY^3210000000000000000?,%B2226670906197413=2807101133844633?,06/27/28,credit,0
CcS-8608,4027,PL243484334908063890361496,2955720390672842,4886,251,%B2955720390672842^IFFCPRIFFCPR^2708000000000000000?,%B2955720390672842=3404101497072280?,08/28/28,debit,0
CcS-8609,4028,PT969273446709671088298001,5368396547022784,8792,628,%B5368396547022784^QZTKHOQZTKHO^2203000000000000000?,%B5368396547022784=2802101175545264?,09/26/28,debit,0
CcS-8610,4029,SE375768981088267126286865,6824501135914645,9245,513,%B6824501135914645^CKDYZRCKDYZR^2806000000000000000?,%B6824501135914645=2701101862194454?,06/25/28,debit,1
CcS-8611,4030,FR187375952664557852400990,9845473545967828,3328,137,%B9845473545967828^GRVCYKGRVCYK^2406000000000000000?,%B9845473545967828=3306101930602774?,11/25/28,debit,1
CcS-8612,4031,IT149047449160146675270272,7911785368018603,4128,100,%B7911785368018603^EPDQNYEPDQNY^2712000000000000000?,%B7911785368018603=3403101438645191?,08/28/28,prepaid,0
CcS-8613,4032,CA643911629141475096338959,3976770114288746,5070,648,%B3976770114288746^AEVOFWAEVOFW^2405000000000000000?,%B3976770114288746=2910101341461892?,03/28/28,credit,0
CcS-8614,4033,ES752904655536546614678347,1124766435416863,7946,693,%B1124766435416863^DTCIBCDTCIBC^2704000000000000000?,%B1124766435416863=2302101333096308?,06/29/28,credit,0
CcS-8615,4034,DE709931921378616953099056,0497395965013655,2107,454,%B0497395965013655^VKGNLCVKGNLC^2208000000000000000?,%B0497395965013655=2911101978050346?,05/27/28,credit,0
CcS-8616,4035,ES311893395482706789007157,5561619201091939,2693,453,%B5561619201091939^TXKKHITXKKHI^2404000000000000000?,%B5561619201091939=2601101709633167?,11/26/28,credit,0
CcS-8617,4036,SE596401104271281882491027,1192667423966643,4722,335,%B1192667423966643^DKDPDZDKDPDZ^2406000000000000000?,%B1192667423966643=2611101580379081?,06/28/28,credit,0
CcS-8618,4037,GB253894068597864233681913,1689031211185905,9082,784,%B1689031211185905^BXFXZXBXFXZX^3205000000000000000?,%B1689031211185905=3411101109755109?,04/25/28,debit,1
CcS-8619,4038,IT840508420395783472395479,2454281110054433,4306,825,%B2454281110054433^UPNBNZUPNBNZ^2205000000000000000?,%B2454281110054433=2605101240794006?,03/25/28,debit,1
CcS-8620,4039,US278017771743182438347319,7388315221228619,8520,113,%B7388315221228619^LVAOHNLVAOHN^3106000000000000000?,%B7388315221228619=2307101733984566?,10/25/28,debit,1
CcS-8621,4040,IT359509187852367989711410,1486354879756269,8687,696,%B1486354879756269^VUFAYHVUFAYH^3401000000000000000?,%B1486354879756269=3103101392790011?,12/29/28,debit,0
CcS-8622,4041,NL183033594897555343140898,8745215803200342,4688,215,%B8745215803200342^CHBOLACHBOLA^3405000000000000000?,%B8745215803200342=2804101120623158?,03/29/28,credit,0
CcS-8623,4042,PT572715862784770160369412,3581280031504803,3630,353,%B3581280031504803^GWEUMWGWEUMW^3111000000000000000?,%B3581280031504803=2210101146600516?,12/25/28,debit,1
CcS-8624,4043,NL830428542370600310799681,5460602885230013,1876,183,%B5460602885230013^CRJQCMCRJQCM^2812000000000000000?,%B5460602885230013=3312101591796500?,09/27/28,debit,0
CcS-8625,4044,ES354828798132576143044420,9522725528888936,6264,920,%B9522725528888936^XIJRPXXIJRPX^3109000000000000000?,%B9522725528888936=3212101534316792?,04/25/28,debit,1
CcS-8626,4045,CA139534239296395775858587,5165776260212571,9524,703,%B5165776260212571^JEOQNQJEOQNQ^3403000000000000000?,%B5165776260212571=2302101883579962?,02/29/28,prepaid,0
CcS-8627,4046,PL402243069173943354510297,6531245760433557,8355,232,%B6531245760433557^ANUDHPANUDHP^3203000000000000000?,%B6531245760433557=2612101862686964?,02/26/28,credit,0
CcS-8628,4047,DE700719320706228792852635,4985266727048277,1947,883,%B4985266727048277^MOGBGUMOGBGU^2301000000000000000?,%B4985266727048277=2307101190362878?,05/28/28,debit,0
CcS-8629,4048,NL509386106155418090174233,8655723031228447,5774,556,%B8655723031228447^SSKLQNSSKLQN^3204000000000000000?,%B8655723031228447=2907101270471951?,03/28/28,prepaid,0
CcS-8630,4049,ES354365132851450952745303,1817833550553746,6770,932,%B1817833550553746^RALNQRRALNQR^3204000000000000000?,%B1817833550553746=3010101678696174?,12/26/28,debit,0
CcS-8631,4050,DE343220762686308729843565,1900871474920118,6953,824,%B1900871474920118^KXMRYXKXMRYX^3304000000000000000?,%B1900871474920118=3306101617984381?,07/26/28,premium_credit,0
CcS-8632,4051,DE783096300739281412416194,0198816807313072,5367,723,%B0198816807313072^HMRUHJHMRUHJ^2605000000000000000?,%B0198816807313072=3306101610828773?,01/28/28,debit,0
CcS-8633,4052,FR397594290940021446467030,3972777207816011,9435,587,%B3972777207816011^XQQLGHXQQLGH^3012000000000000000?,%B3972777207816011=2605101154675617?,11/29/28,debit,0
CcS-8634,4053,NL503806703052400658407009,2884540511108690,2582,449,%B2884540511108690^PUWRDKPUWRDK^2812000000000000000?,%B2884540511108690=2808101862471019?,07/27/28,prepaid,0
CcS-8635,4054,PL904497204469766807813772,3764139782873665,5276,175,%B3764139782873665^ZCOYWZZCOYWZ^3201000000000000000?,%B3764139782873665=3007101889015778?,03/27/28,prepaid,0
CcS-8636,4055,PL316729130187809506947506,7940155483077396,9634,716,%B7940155483077396^KSIHUEKSIHUE^3203000000000000000?,%B7940155483077396=2908101540631105?,07/25/28,credit,1
CcS-8637,4056,DE487274927190773628076747,5138813915443657,2919,683,%B5138813915443657^RDMSJCRDMSJC^3004000000000000000?,%B5138813915443657=3311101645193313?,11/26/28,credit,0
CcS-8638,4057,FR796907893465568146068869,0655909988132891,2726,108,%B0655909988132891^KRNDLCKRNDLC^3009000000000000000?,%B0655909988132891=3008101418851696?,09/28/28,prepaid,0
CcS-8639,4058,CA969053317806663598831110,9346525369477396,4643,140,%B9346525369477396^RPFERJRPFERJ^2312000000000000000?,%B9346525369477396=3311101707035484?,08/27/28,debit,0
CcS-8640,4059,PT262200975437980135920274,1844991217025918,3429,586,%B1844991217025918^NCXHUQNCXHUQ^2506000000000000000?,%B1844991217025918=2701101737805446?,02/27/28,credit,0
CcS-8641,4060,PT837853426939693089697411,5270096228600241,3415,240,%B5270096228600241^WYLJKXWYLJKX^3110000000000000000?,%B5270096228600241=2508101512864115?,01/26/28,debit,0
CcS-8642,4061,IT358634328611683558191424,4891356032381074,6082,772,%B4891356032381074^NTYHBPNTYHBP^2308000000000000000?,%B4891356032381074=2402101711781074?,05/26/28,debit,0
CcS-8643,4062,PT903323629897742139181362,9977053439787253,1963,541,%B9977053439787253^NBBEGENBBEGE^3405000000000000000?,%B9977053439787253=2508101217686949?,08/29/28,credit,0
CcS-8644,4063,CA385015143711309278263248,8322105265423271,5979,631,%B8322105265423271^FJJJLEFJJJLE^3312000000000000000?,%B8322105265423271=2311101564238858?,01/26/28,debit,0
CcS-8645,4064,PT891890772032152613720464,4025753251617510,1954,523,%B4025753251617510^IHJYNCIHJYNC^2210000000000000000?,%B4025753251617510=3305101147418147?,02/29/28,premium_credit,0
CcS-8646,4065,CA510102293510092314486062,2764370771484444,7561,712,%B2764370771484444^SKZCHSSKZCHS^3207000000000000000?,%B2764370771484444=3110101727739229?,01/26/28,debit,0
CcS-8647,4066,US903185958158680855415006,4185884053992494,3121,235,%B4185884053992494^ANMUUZANMUUZ^3011000000000000000?,%B4185884053992494=2511101456856340?,11/28/28,credit,0
CcS-8648,4067,SE674534196901791041925529,5382307940032684,3093,820,%B5382307940032684^EAEAQPEAEAQP^2901000000000000000?,%B5382307940032684=2807101173290135?,01/29/28,debit,0
CcS-8649,4068,SE752650465306334683026996,3934963388783724,5367,598,%B3934963388783724^HXSPKMHXSPKM^3302000000000000000?,%B3934963388783724=2312101609118759?,10/25/28,premium_credit,1
CcS-8650,4069,ES652960158134172389426023,9639161342236710,3612,467,%B9639161342236710^SFSBPVSFSBPV^3205000000000000000?,%B9639161342236710=3105101435510789?,07/28/28,debit,0
CcS-8651,4070,DE692879040981303894419509,4088170523608242,7977,646,%B4088170523608242^YLGRHXYLGRHX^2712000000000000000?,%B4088170523608242=3208101736792387?,12/25/28,premium_credit,1
CcS-8652,4071,ES766428828251154460584996,9076179346761469,8687,893,%B9076179346761469^XNYLEUXNYLEU^2704000000000000000?,%B9076179346761469=2305101373517128?,11/29/28,debit,0
CcS-8653,4072,SE367096595015135158596233,0237637604717895,3453,712,%B0237637604717895^XSGAASXSGAAS^3306000000000000000?,%B0237637604717895=2501101597323979?,01/26/28,credit,0
CcS-8654,4073,US978861260234681519194407,1702642266895585,2727,865,%B1702642266895585^ZJRZVAZJRZVA^2708000000000000000?,%B1702642266895585=2202101279276038?,12/29/28,debit,0
CcS-8655,4074,FR220584650267602132855588,1781864950384108,1212,276,%B1781864950384108^EYCFJZEYCFJZ^2604000000000000000?,%B1781864950384108=2601101455515182?,10/27/28,prepaid,0
CcS-8656,4075,NL668577425425356057921693,1787273324116158,6832,884,%B1787273324116158^RYRQGDRYRQGD^2405000000000000000?,%B1787273324116158=3402101935843716?,01/27/28,debit,0
CcS-8657,4076,NL701952192658227239972648,0052462388264888,7744,660,%B0052462388264888^AGTHKKAGTHKK^2907000000000000000?,%B0052462388264888=2304101521142868?,07/27/28,debit,0
CcS-8658,4077,NL913286490700202414954753,0294354430987023,8753,188,%B0294354430987023^BNQSINBNQSIN^3101000000000000000?,%B0294354430987023=3006101269244879?,02/26/28,credit,0
CcS-8659,4078,CA138798042349017958158099,1131057375945074,7335,741,%B1131057375945074^NZQZERNZQZER^3307000000000000000?,%B1131057375945074=3406101322938525?,04/28/28,debit,0
CcS-8660,4079,GB694322403810896477412151,5565809065444305,4872,670,%B5565809065444305^WZELQFWZELQF^3302000000000000000?,%B5565809065444305=2607101556125950?,03/25/28,credit,1
CcS-8661,4080,CA883106096418568772736503,5063725767748103,1347,199,%B5063725767748103^UPHDJBUPHDJB^2302000000000000000?,%B5063725767748103=2601101224177787?,04/25/28,credit,1
CcS-8662,4081,PT246227827546101131330823,6475392110365400,4237,941,%B6475392110365400^LKYCBDLKYCBD^3312000000000000000?,%B6475392110365400=3304101350049975?,05/26/28,credit,0
CcS-8663,4082,PT739670880732612845227293,4477036001348685,3524,522,%B4477036001348685^SDONRESDONRE^3204000000000000000?,%B4477036001348685=2411101989513018?,11/27/28,debit,0
CcS-8664,4083,NL628252250032663637319392,4956754369862289,2836,195,%B4956754369862289^WKVGQFWKVGQF^2507000000000000000?,%B4956754369862289=2908101462579676?,03/26/28,credit,0
CcS-8665,4084,IT355223223976035698001316,6692447633545435,4086,747,%B6692447633545435^FVMRGXFVMRGX^3307000000000000000?,%B6692447633545435=3101101420783032?,07/27/28,debit,0
CcS-8666,4085,DE919798812873434011410941,4659251807796574,6355,181,%B4659251807796574^CIRCGICIRCGI^3311000000000000000?,%B4659251807796574=2402101457158112?,03/25/28,credit,1
CcS-8667,4086,FR182167875708721825145839,5460360964924017,3916,749,%B5460360964924017^DWWVLUDWWVLU^2504000000000000000?,%B5460360964924017=2707101165657122?,12/29/28,debit,0
CcS-8668,4087,CA502866591679077431225587,3118351995974152,6727,336,%B3118351995974152^MGYGDNMGYGDN^2705000000000000000?,%B3118351995974152=3402101144811300?,05/28/28,credit,0
CcS-8669,4088,PT449034620744581336559086,5123127717984760,7228,673,%B5123127717984760^HAQTWFHAQTWF^2410000000000000000?,%B5123127717984760=2711101630381017?,12/27/28,prepaid,0
CcS-8670,4089,ES160156416620076330007169,0420709399662734,6921,775,%B0420709399662734^WFVUOQWFVUOQ^2604000000000000000?,%B0420709399662734=2502101238405866?,01/26/28,debit,0
CcS-8671,4090,ES745732130338985298589832,4623723877837154,2119,746,%B4623723877837154^KCJCHIKCJCHI^3207000000000000000?,%B4623723877837154=2309101259834626?,12/29/28,debit,0
CcS-8672,4091,CA142796187933663055247389,9386110897790536,4863,745,%B9386110897790536^DVLBTKDVLBTK^2811000000000000000?,%B9386110897790536=3108101749042569?,07/27/28,debit,0
CcS-8673,4092,FR536051273699410435212358,0089649944668368,2018,675,%B0089649944668368^GXCTWEGXCTWE^2204000000000000000?,%B0089649944668368=3305101326137492?,03/26/28,debit,0
CcS-8674,4093,PL381581073174733409273055,7654774133496434,7016,711,%B7654774133496434^BNPPHSBNPPHS^2502000000000000000?,%B7654774133496434=3101101301270110?,01/26/28,debit,0
CcS-8675,4094,NL283772470932597862440163,8424193044765574,3143,957,%B8424193044765574^HSRAGQHSRAGQ^2412000000000000000?,%B8424193044765574=2501101736812140?,12/29/28,debit,0
CcS-8676,4095,GB746386193320848796033375,0852284419637603,1898,160,%B0852284419637603^UAKZNJUAKZNJ^2601000000000000000?,%B0852284419637603=2802101563347520?,05/25/28,debit,1
CcS-8677,4096,CA536811446331131193293962,7470880357858389,1800,899,%B7470880357858389^TNRZYETNRZYE^2602000000000000000?,%B7470880357858389=3409101535222120?,08/25/28,premium_credit,1
CcS-8678,4097,ES103619915435834809204424,6219847906086759,2625,393,%B6219847906086759^YXBTGDYXBTGD^2407000000000000000?,%B6219847906086759=2604101670248520?,02/29/28,debit,0
CcS-8679,4098,IT881190561048644895952288,8829426147511528,5669,643,%B8829426147511528^EIZVNGEIZVNG^2912000000000000000?,%B8829426147511528=3404101439359004?,09/27/28,debit,0
CcS-8680,4099,DE864956864782241794457770,5196456188419472,6972,809,%B5196456188419472^FWENNKFWENNK^3307000000000000000?,%B5196456188419472=2610101762190351?,07/28/28,credit,0
CcS-8681,4100,FR509079321983700580487786,7237557667522555,2231,415,%B7237557667522555^BIXBNGBIXBNG^2901000000000000000?,%B7237557667522555=2307101550987893?,04/29/28,credit,0
CcS-8682,4101,GB914226095404250817521813,3794185527230979,2384,739,%B3794185527230979^XPLQPGXPLQPG^2211000000000000000?,%B3794185527230979=3012101141594023?,05/28/28,credit,0
CcS-8683,4102,IT901023431115922505428724,6439032431127783,6408,688,%B6439032431127783^FCCZTYFCCZTY^3108000000000000000?,%B6439032431127783=3402101122483170?,06/27/28,credit,0
CcS-8684,4103,PL101328470563655221261433,6269230016679686,5015,521,%B6269230016679686^KDXMMLKDXMML^2906000000000000000?,%B6269230016679686=2212101191111713?,10/26/28,credit,0
CcS-8685,4104,SE510630134691343961592375,5705913446812766,4973,215,%B5705913446812766^AWJVLZAWJVLZ^2210000000000000000?,%B5705913446812766=2708101354613686?,09/28/28,prepaid,0
CcS-8686,4105,IT602800434053043141250617,6937356584072453,8907,679,%B6937356584072453^QSFFSLQSFFSL^2601000000000000000?,%B6937356584072453=3401101467951339?,05/28/28,debit,0
CcS-8687,4106,PL520356761427389634976740,4895367959901462,8879,830,%B4895367959901462^CYPVBHCYPVBH^2707000000000000000?,%B4895367959901462=3207101106529680?,05/29/28,credit,0
CcS-8688,4107,SE770832555164743433845894,8752314590381848,6432,785,%B8752314590381848^RRRALARRRALA^2911000000000000000?,%B8752314590381848=3102101341780051?,02/26/28,credit,0
CcS-8689,4108,SE632984481000741967443678,9237569521118408,9663,147,%B9237569521118408^YIPONFYIPONF^3207000000000000000?,%B9237569521118408=2812101860895168?,01/25/28,credit,1
CcS-8690,4109,NL492477804792253760745648,5609053216765494,8889,683,%B5609053216765494^HTZDNQHTZDNQ^2302000000000000000?,%B5609053216765494=2710101107527369?,06/27/28,debit,0
CcS-8691,4110,GB312310277072603219943086,6724607374750561,2861,799,%B6724607374750561^EJQABOEJQABO^3004000000000000000?,%B6724607374750561=2405101881422094?,03/28/28,credit,0
CcS-8692,4111,FR236905073519115282226027,2075670114613165,8175,338,%B2075670114613165^AZROMDAZROMD^3112000000000000000?,%B2075670114613165=3108101513143242?,04/29/28,credit,0
CcS-8693,4112,PL270317742916644556994423,5251628850447808,1514,270,%B5251628850447808^WIHVSBWIHVSB^3110000000000000000?,%B5251628850447808=3007101234502086?,09/26/28,credit,0
CcS-8694,4113,SE480068938388668662641604,3332772945065160,7123,870,%B3332772945065160^ZANWDTZANWDT^3301000000000000000?,%B3332772945065160=3107101951771439?,08/25/28,premium_credit,1
CcS-8695,4114,PL516467949566415452089098,3842229801131776,1644,326,%B3842229801131776^SEXULYSEXULY^2909000000000000000?,%B3842229801131776=2704101974581222?,09/25/28,debit,1
CcS-8696,4115,ES787577128130323243844133,3065154415168689,6141,906,%B3065154415168689^PIWMQLPIWMQL^2902000000000000000?,%B3065154415168689=3102101992125447?,10/26/28,debit,0
CcS-8697,4116,ES453916916878718639680389,6924301372108973,1114,722,%B6924301372108973^UEMKOKUEMKOK^2811000000000000000?,%B6924301372108973=2901101536148106?,12/26/28,credit,0
CcS-8698,4117,PT171270275984889790779928,8498031643334998,5096,903,%B8498031643334998^WCZYJFWCZYJF^3310000000000000000?,%B8498031643334998=2409101974421491?,02/27/28,credit,0
CcS-8699,4118,NL941040331301733787078379,9776486527015571,3628,887,%B9776486527015571^JYFEZWJYFEZW^3208000000000000000?,%B9776486527015571=3302101773656114?,10/26/28,credit,0
CcS-8700,4119,GB111404589220531382744646,6384697222519538,8843,274,%B6384697222519538^ZHXOHFZHXOHF^2707000000000000000?,%B6384697222519538=2901101985334829?,05/25/28,credit,1
CcS-8701,4120,ES536460602224105993086536,5918247687393067,4123,282,%B5918247687393067^ZRLBWDZRLBWD^3105000000000000000?,%B5918247687393067=2810101373919762?,08/25/28,debit,1
CcS-8702,4121,ES307890254989134592178125,2062731361854253,5409,381,%B2062731361854253^YWQTSIYWQTSI^2807000000000000000?,%B2062731361854253=2610101114521028?,09/26/28,debit,0
CcS-8703,4122,SE308056150216822887295357,0703767381043403,6928,953,%B0703767381043403^SVUKTESVUKTE^2608000000000000000?,%B0703767381043403=2701101469776007?,07/28/28,credit,0
CcS-8704,4123,ES583910088910541411678447,9737380758672051,9976,246,%B9737380758672051^HLNSPTHLNSPT^2308000000000000000?,%B9737380758672051=2704101508064340?,09/28/28,premium_credit,0
CcS-8705,4124,CA628338611739403565163691,6814025373778719,2526,730,%B6814025373778719^MVXQZNMVXQZN^3202000000000000000?,%B6814025373778719=3010101320866654?,09/27/28,debit,0
CcS-8706,4125,PT159932426448440205148568,4258995328236501,6527,794,%B4258995328236501^GJIWBTGJIWBT^2709000000000000000?,%B4258995328236501=3303101969704814?,08/25/28,credit,1
CcS-8707,4126,NL976232540996148353685992,6480358771047593,6952,615,%B6480358771047593^XCXKEZXCXKEZ^3004000000000000000?,%B6480358771047593=3003101332442058?,11/29/28,debit,0
CcS-8708,4127,NL190750807071197369994117,1444483506992189,1734,769,%B1444483506992189^RXEPDFRXEPDF^2612000000000000000?,%B1444483506992189=3209101492908018?,08/26/28,credit,0
CcS-8709,4128,DE572420842357112588988592,0349767325187818,6591,482,%B0349767325187818^BNEDSNBNEDSN^3412000000000000000?,%B0349767325187818=3309101684128044?,05/25/28,debit,1
CcS-8710,4129,DE245882682940890337420036,4626129900590754,4140,103,%B4626129900590754^NNTEBDNNTEBD^3206000000000000000?,%B4626129900590754=2201101736624977?,11/26/28,credit,0
CcS-8711,4130,IT907457900773481069362397,2758481082204139,7742,579,%B2758481082204139^SOXYOCSOXYOC^2411000000000000000?,%B2758481082204139=2209101622949849?,10/27/28,debit,0
CcS-8712,4131,ES456509371914079355345056,0539766239865023,9935,976,%B0539766239865023^TROQAOTROQAO^2704000000000000000?,%B0539766239865023=3005101476694248?,04/27/28,debit,0
CcS-8713,4132,FR120509355700744929989797,1191137840798924,4165,108,%B1191137840798924^XDQNEIXDQNEI^3011000000000000000?,%B1191137840798924=2909101224758874?,09/29/28,debit,0
CcS-8714,4133,SE888401601445586748161747,7536521058042885,6964,212,%B7536521058042885^QGLOUVQGLOUV^2812000000000000000?,%B7536521058042885=3312101899662443?,10/28/28,debit,0
CcS-8715,4134,GB695662142627670638332029,9741057638834138,5645,799,%B9741057638834138^CKWLROCKWLRO^3312000000000000000?,%B9741057638834138=2203101640457351?,03/29/28,credit,0
CcS-8716,4135,FR670107860378311375971295,1752033489799443,1517,885,%B1752033489799443^FBDLGZFBDLGZ^2406000000000000000?,%B1752033489799443=3202101392326665?,12/29/28,debit,0
CcS-8717,4136,US415502058551038062811670,6184370707170936,2471,339,%B6184370707170936^FZIQILFZIQIL^3306000000000000000?,%B6184370707170936=2611101152718979?,08/25/28,credit,1
CcS-8718,4137,GB422657703177230347342241,5176367153119248,5466,206,%B5176367153119248^MZPAURMZPAUR^2610000000000000000?,%B5176367153119248=2507101274795398?,01/28/28,credit,0
CcS-8719,4138,NL580439716742502894581658,4788336108791643,5671,639,%B4788336108791643^OTAVMFOTAVMF^3305000000000000000?,%B4788336108791643=2301101114165991?,02/25/28,credit,1
CcS-8720,4139,ES842039508428901729848043,3386761026260249,9545,990,%B3386761026260249^ZICWCJZICWCJ^2401000000000000000?,%B3386761026260249=3107101913345214?,03/27/28,debit,0
CcS-8721,4140,PT852477248166157287267029,1064103833928411,9276,694,%B1064103833928411^HIWUOAHIWUOA^2808000000000000000?,%B1064103833928411=2209101439038612?,02/28/28,debit,0
CcS-8722,4141,NL730492101058299055134551,0575339156962278,3462,968,%B0575339156962278^BEDZSYBEDZSY^3205000000000000000?,%B0575339156962278=3110101720678443?,06/29/28,debit,0
CcS-8723,4142,GB704916910503354359464821,1947094500658611,5245,376,%B1947094500658611^PGLIHEPGLIHE^3202000000000000000?,%B1947094500658611=2205101847090359?,07/25/28,debit,1
CcS-8724,4143,PT127826364579987543172504,5961991778165098,1816,841,%B5961991778165098^IVZWVBIVZWVB^3103000000000000000?,%B5961991778165098=3103101834409415?,02/29/28,debit,0
CcS-8725,4144,SE276798317835483610046438,1687283584470269,7789,602,%B1687283584470269^INPAMGINPAMG^2505000000000000000?,%B1687283584470269=2903101540846091?,12/28/28,credit,0
CcS-8726,4145,PL194405460298518221425489,2961151853142768,3826,685,%B2961151853142768^XWDBOFXWDBOF^2803000000000000000?,%B2961151853142768=2402101882774215?,10/26/28,credit,0
CcS-8727,4146,IT482234971906747739283516,6087463951134284,8671,501,%B6087463951134284^AYOEHKAYOEHK^2806000000000000000?,%B6087463951134284=2411101649532515?,11/26/28,credit,0
CcS-8728,4147,CA700122572387708693507888,0403415500879369,7907,541,%B0403415500879369^NFIVQUNFIVQU^2701000000000000000?,%B0403415500879369=2604101617508364?,11/26/28,credit,0
CcS-8729,4148,CA589989550197198334608544,2834025094931645,1336,443,%B2834025094931645^FHKILZFHKILZ^2612000000000000000?,%B2834025094931645=3105101127004010?,08/28/28,prepaid,0
CcS-8730,4149,ES241375366004650601960423,4035124481103287,1407,619,%B4035124481103287^QGOYHYQGOYHY^2403000000000000000?,%B4035124481103287=3202101522168308?,12/29/28,debit,0
CcS-8731,4150,SE967851188963319566554748,0867325367708648,7793,720,%B0867325367708648^GYCZZVGYCZZV^2806000000000000000?,%B0867325367708648=3206101997015115?,04/26/28,debit,0
CcS-8732,4151,ES772787194873622258227796,3703316758640190,8949,968,%B3703316758640190^SIZSOWSIZSOW^2203000000000000000?,%B3703316758640190=2507101421283121?,10/29/28,prepaid,0
CcS-8733,4152,ES558627491152523956086805,6361054522956299,7151,265,%B6361054522956299^ODYGEGODYGEG^3001000000000000000?,%B6361054522956299=2702101550887385?,02/25/28,credit,1
CcS-8734,4153,US623241163376142142272674,6321306859092279,5905,313,%B6321306859092279^RFWVLQRFWVLQ^2603000000000000000?,%B6321306859092279=2209101153771539?,02/29/28,credit,0
CcS-8735,4154,US316569326223901253864986,4723100040052817,1494,722,%B4723100040052817^SKQANJSKQANJ^2307000000000000000?,%B4723100040052817=2610101547683017?,07/27/28,debit,0
CcS-8736,4155,SE335011623842646890580529,6907228299865450,2089,423,%B6907228299865450^EGPUYKEGPUYK^3301000000000000000?,%B6907228299865450=2406101548951907?,01/26/28,premium_credit,0
CcS-8737,4156,DE689633756430634411857522,1519684059657697,8365,888,%B1519684059657697^WTVDLIWTVDLI^2705000000000000000?,%B1519684059657697=3102101308549891?,08/28/28,credit,0
CcS-8738,4157,DE881338670698840526751998,9174903295312637,4767,608,%B9174903295312637^XTABDGXTABDG^3202000000000000000?,%B9174903295312637=2705101332457451?,01/25/28,debit,1
CcS-8739,4158,US366815879491677137396388,3335937822241997,2749,202,%B3335937822241997^KYKFTVKYKFTV^2509000000000000000?,%B3335937822241997=2307101849640758?,04/29/28,debit,0
CcS-8740,4159,PL562386388087273151603766,2962510359722762,4923,499,%B2962510359722762^NTGCZLNTGCZL^2511000000000000000?,%B2962510359722762=2912101614183848?,12/29/28,debit,0
CcS-8741,4160,IT866664646376554157151739,4109707217574832,2394,449,%B4109707217574832^RTFOTIRTFOTI^2907000000000000000?,%B4109707217574832=3304101714564344?,09/27/28,credit,0
CcS-8742,4161,PT419986000125872168741456,4494619912441419,2296,926,%B4494619912441419^DOPSKDDOPSKD^2307000000000000000?,%B4494619912441419=2810101784587231?,08/28/28,credit,0
CcS-8743,4162,PL495462848276395325671709,2458187920354144,6218,503,%B2458187920354144^KTRWTWKTRWTW^3402000000000000000?,%B2458187920354144=3303101743644369?,02/28/28,prepaid,0
CcS-8744,4163,ES630653181321649831501664,5542747182955984,6897,869,%B5542747182955984^UNSJDMUNSJDM^3401000000000000000?,%B5542747182955984=2303101558675852?,04/27/28,debit,0
CcS-8745,4164,GB961694861027516737932713,8621656188709056,1988,277,%B8621656188709056^FEHAHAFEHAHA^3204000000000000000?,%B8621656188709056=3208101734339181?,08/25/28,credit,1
CcS-8746,4165,PL244802565679503047145213,2077081867387656,7918,638,%B2077081867387656^KLPTQJKLPTQJ^2506000000000000000?,%B2077081867387656=3212101829323480?,03/29/28,prepaid,0
CcS-8747,4166,PL387121009207029828056338,1076265232986429,5759,824,%B1076265232986429^KIGWCGKIGWCG^3211000000000000000?,%B1076265232986429=3210101131943003?,03/27/28,debit,0
CcS-8748,4167,CA986537847398670506360922,1084386200608537,2618,692,%B1084386200608537^SCOFCPSCOFCP^2510000000000000000?,%B1084386200608537=2903101361534172?,06/27/28,credit,0
CcS-8749,4168,SE346743259611917026014327,0920824383270544,7055,680,%B0920824383270544^RKUIIYRKUIIY^3308000000000000000?,%B0920824383270544=3401101749867240?,03/27/28,credit,0
CcS-8750,4169,SE785865861652900884125785,2129256463170076,8171,684,%B2129256463170076^RCEFVRRCEFVR^3103000000000000000?,%B2129256463170076=2807101202039228?,03/25/28,credit,1
CcS-8751,4170,US580694043371825180792525,5768338206333482,2896,131,%B5768338206333482^WECXNHWECXNH^2601000000000000000?,%B5768338206333482=2610101210093964?,02/27/28,credit,0
CcS-8752,4171,ES276478857646043469414117,2490850961037356,2427,844,%B2490850961037356^TEGZQTTEGZQT^3310000000000000000?,%B2490850961037356=3304101919273184?,05/25/28,prepaid,1
CcS-8753,4172,PL320299600625603287688096,6051314887497091,3924,251,%B6051314887497091^FUBSFOFUBSFO^3411000000000000000?,%B6051314887497091=2204101174327703?,09/28/28,credit,0
CcS-8754,4173,FR865205042980220080229743,9394041090136997,9556,651,%B9394041090136997^XMDWCPXMDWCP^3103000000000000000?,%B9394041090136997=2207101554360890?,01/29/28,credit,0
CcS-8755,4174,SE691196241083844249514673,7813942587639627,1772,222,%B7813942587639627^HAKQAIHAKQAI^2311000000000000000?,%B7813942587639627=3210101191628195?,04/26/28,prepaid,0
CcS-8756,4175,ES724528027343161696581774,7709707692385187,1721,454,%B7709707692385187^NFAWQENFAWQE^2612000000000000000?,%B7709707692385187=2411101242567334?,09/29/28,credit,0
CcS-8757,4176,DE756478360901386653850592,5185299163703678,7528,523,%B5185299163703678^SLATOESLATOE^3208000000000000000?,%B5185299163703678=3110101296428658?,06/25/28,debit,1
CcS-8758,4177,PL301470305875217118514996,2330277297298499,3852,421,%B2330277297298499^MRNGRYMRNGRY^2307000000000000000?,%B2330277297298499=3006101909313005?,06/28/28,credit,0
CcS-8759,4178,IT129348405804710330733277,4122459034887982,1789,390,%B4122459034887982^SMQOXYSMQOXY^2412000000000000000?,%B4122459034887982=2803101176685068?,05/25/28,credit,1
CcS-8760,4179,US806132073284423213631380,5942379867059105,4491,507,%B5942379867059105^EYPVNLEYPVNL^3204000000000000000?,%B5942379867059105=2201101558227155?,04/26/28,debit,0
CcS-8761,4180,ES742884826518937240832991,4962613858395715,4425,379,%B4962613858395715^YWYYUOYWYYUO^2907000000000000000?,%B4962613858395715=3101101160453946?,04/29/28,prepaid,0
CcS-8762,4181,CA196981948670855720957353,0463737305136807,1347,313,%B0463737305136807^LZQRTJLZQRTJ^2205000000000000000?,%B0463737305136807=2601101454222564?,05/26/28,credit,0
CcS-8763,4182,DE790455242421737755355949,1461253498745043,3159,643,%B1461253498745043^WPWRNOWPWRNO^2409000000000000000?,%B1461253498745043=2902101322538249?,05/26/28,debit,0
CcS-8764,4183,DE444737724697660493958396,3773109299984180,9041,617,%B3773109299984180^DXSCBZDXSCBZ^3306000000000000000?,%B3773109299984180=2402101330884938?,11/29/28,credit,0
CcS-8765,4184,US477283921103631571152272,9337163607874555,8926,935,%B9337163607874555^METHVRMETHVR^2902000000000000000?,%B9337163607874555=2908101703804911?,12/28/28,debit,0
CcS-8766,4185,PL932493740990242400641888,9545412924667475,1998,768,%B9545412924667475^FSLPRIFSLPRI^2504000000000000000?,%B9545412924667475=2907101760547543?,02/27/28,credit,0
CcS-8767,4186,IT620706574758236157204325,3125996250000820,5003,278,%B3125996250000820^WVAVLQWVAVLQ^3405000000000000000?,%B3125996250000820=3009101500450530?,06/28/28,credit,0
CcS-8768,4187,IT492938550932319850341634,7855713250160541,1962,585,%B7855713250160541^URCPSSURCPSS^2501000000000000000?,%B7855713250160541=2205101666693900?,04/28/28,credit,0
CcS-8769,4188,SE792479368140565557832672,0661005621968127,7834,724,%B0661005621968127^DKIMXSDKIMXS^2307000000000000000?,%B0661005621968127=2603101961749466?,12/28/28,premium_credit,0
CcS-8770,4189,PL566617955258538557119480,3241849751309772,4103,826,%B3241849751309772^GQDHPIGQDHPI^3011000000000000000?,%B3241849751309772=3207101410093355?,06/28/28,credit,0
CcS-8771,4190,US143622592663944099244505,9926108956103030,1127,443,%B9926108956103030^CKFWSCCKFWSC^3312000000000000000?,%B9926108956103030=2601101813356099?,05/26/28,credit,0
CcS-8772,4191,CA203561547530228566114130,8391904430351905,9783,496,%B8391904430351905^BRNQXYBRNQXY^2508000000000000000?,%B8391904430351905=2205101801570191?,08/26/28,premium_credit,0
CcS-8773,4192,DE468683314163861785352396,0424815763223786,6876,503,%B0424815763223786^AKRIHWAKRIHW^3203000000000000000?,%B0424815763223786=2209101728349993?,11/26/28,debit,0
CcS-8774,4193,FR577733210344331714840898,9110284310051374,4182,324,%B9110284310051374^JWNUCOJWNUCO^3010000000000000000?,%B9110284310051374=2812101763465722?,04/26/28,debit,0
CcS-8775,4194,GB422811663485169481640004,9586518973787551,8793,685,%B9586518973787551^XMLYRCXMLYRC^2406000000000000000?,%B9586518973787551=3112101245137628?,04/29/28,credit,0
CcS-8776,4195,DE138748122319306431724296,0817449798337442,1547,901,%B0817449798337442^RGRWZXRGRWZX^2507000000000000000?,%B0817449798337442=2812101984518603?,01/29/28,credit,0
CcS-8777,4196,DE568044607670256284664383,7562709672025513,3091,860,%B7562709672025513^TGIFTNTGIFTN^2502000000000000000?,%B7562709672025513=2802101786187077?,07/29/28,debit,0
CcS-8778,4197,NL931734403631463532907592,5825229269433262,5702,954,%B5825229269433262^AHIYJQAHIYJQ^3110000000000000000?,%B5825229269433262=2204101717888244?,04/28/28,credit,0
CcS-8779,4198,ES243752454157752706743405,1543675144777761,5473,532,%B1543675144777761^FSDEERFSDEER^2408000000000000000?,%B1543675144777761=3409101771031623?,07/25/28,debit,1
CcS-8780,4199,IT574448879841197201569500,6712087515970762,2237,459,%B6712087515970762^HUHNHFHUHNHF^2207000000000000000?,%B6712087515970762=2202101468114320?,03/27/28,credit,0
CcS-8781,4200,FR146074254950504459976676,6676052727947780,8487,946,%B6676052727947780^WBODZAWBODZA^3111000000000000000?,%B6676052727947780=2606101795683742?,12/27/28,debit,0
CcS-8782,4201,PL813986025508969530848631,9222084085457316,2939,815,%B9222084085457316^IIACCXIIACCX^2201000000000000000?,%B9222084085457316=3402101251968123?,05/29/28,prepaid,0
CcS-8783,4202,CA100637019965056675160055,0474693108193452,4069,476,%B0474693108193452^EJJAQTEJJAQT^2612000000000000000?,%B0474693108193452=2611101396738219?,02/28/28,credit,0
CcS-8784,4203,GB887074526822700190598720,7317757327856859,9396,344,%B7317757327856859^JATEQCJATEQC^2706000000000000000?,%B7317757327856859=3003101378456131?,09/27/28,debit,0
CcS-8785,4204,GB121839611512869473668691,4703217112948857,1282,227,%B4703217112948857^IVNFJWIVNFJW^2808000000000000000?,%B4703217112948857=3311101377917155?,08/28/28,debit,0
CcS-8786,4205,SE553939858825530266698901,7352687016710739,5535,135,%B7352687016710739^XBMNSUXBMNSU^2208000000000000000?,%B7352687016710739=3304101529150964?,02/27/28,premium_credit,0
CcS-8787,4206,CA391126487140248825995852,6737713973925132,9293,162,%B6737713973925132^VEPOJIVEPOJI^3408000000000000000?,%B6737713973925132=2409101467803701?,02/26/28,debit,0
CcS-8788,4207,SE532200778957347193071140,2453195008207933,3871,283,%B2453195008207933^LOEBTXLOEBTX^3307000000000000000?,%B2453195008207933=3206101922164802?,08/27/28,credit,0
CcS-8789,4208,CA259508623230244840463691,9116073698520710,8383,535,%B9116073698520710^RHYOZCRHYOZC^2904000000000000000?,%B9116073698520710=2802101117460205?,03/25/28,credit,1
CcS-8790,4209,SE316262564630799185459035,4107266939001508,6374,137,%B4107266939001508^DEMUOUDEMUOU^2301000000000000000?,%B4107266939001508=2905101760679868?,11/26/28,credit,0
CcS-8791,4210,GB198823003524800159874749,1686723740970258,5841,633,%B1686723740970258^YWPSAGYWPSAG^3402000000000000000?,%B1686723740970258=3402101435646012?,04/29/28,debit,0
CcS-8792,4211,NL415647749636511966221995,6671185043156411,2466,633,%B6671185043156411^CMSKTTCMSKTT^3212000000000000000?,%B6671185043156411=2612101352644155?,03/25/28,credit,1
CcS-8793,4212,CA785857471854190297686403,3386720409256997,5226,472,%B3386720409256997^PXSGQVPXSGQV^2307000000000000000?,%B3386720409256997=3309101386053949?,08/27/28,credit,0
CcS-8794,4213,ES418485903992806051612944,2619487605429728,9860,766,%B2619487605429728^DMQAJBDMQAJB^3101000000000000000?,%B2619487605429728=2910101143776984?,06/28/28,debit,0
CcS-8795,4214,FR486050583136295911091643,8469966888751031,2328,153,%B8469966888751031^FTGPQBFTGPQB^2606000000000000000?,%B8469966888751031=2307101467841039?,03/27/28,debit,0
CcS-8796,4215,PT198791082865220494906717,5879845543213700,8088,191,%B5879845543213700^FTJHRZFTJHRZ^3201000000000000000?,%B5879845543213700=3312101624350289?,09/26/28,debit,0
CcS-8797,4216,IT699094786749568260852142,0420898858064890,5037,452,%B0420898858064890^WTEESEWTEESE^2410000000000000000?,%B0420898858064890=3407101627960624?,08/27/28,debit,0
CcS-8798,4217,US371425924773601035116717,8301225742777984,5137,794,%B8301225742777984^OXWGYAOXWGYA^3008000000000000000?,%B8301225742777984=3303101844309179?,03/27/28,debit,0
CcS-8799,4218,CA921879320423183394774369,7583118950509405,3341,564,%B7583118950509405^XDNHOEXDNHOE^2508000000000000000?,%B7583118950509405=3005101819633954?,04/27/28,debit,0
CcS-8800,4219,PT316590129948707344272047,5001103130724408,7730,876,%B5001103130724408^OBZMITOBZMIT^2306000000000000000?,%B5001103130724408=2305101625769735?,02/28/28,debit,0
CcS-8801,4220,NL600228781872749810115885,1619027113299009,1697,529,%B1619027113299009^HJGOTHHJGOTH^3004000000000000000?,%B1619027113299009=2802101802730874?,08/28/28,credit,0
CcS-8802,4221,PL804198004395980062999284,3660352197952723,3580,516,%B3660352197952723^DDKTBXDDKTBX^2912000000000000000?,%B3660352197952723=3401101431035603?,10/25/28,credit,1
CcS-8803,4222,NL623764488586512806096721,4053550838118324,1923,481,%B4053550838118324^ZZETFBZZETFB^2204000000000000000?,%B4053550838118324=2909101344813940?,12/28/28,debit,0
CcS-8804,4223,GB469691616639280393739430,7961601557888169,6679,221,%B7961601557888169^BYGVLHBYGVLH^2306000000000000000?,%B7961601557888169=3403101207434695?,03/27/28,credit,0
CcS-8805,4224,SE451439525121447568356273,0632257180109205,5704,232,%B0632257180109205^CTRKSGCTRKSG^2502000000000000000?,%B0632257180109205=2303101870756411?,04/28/28,debit,0
CcS-8806,4225,FR111889947702142612622402,8145525898159862,4720,985,%B8145525898159862^CJDTCJCJDTCJ^2201000000000000000?,%B8145525898159862=2705101694294197?,04/29/28,credit,0
CcS-8807,4226,IT522124996364832193132842,9402079902607560,3158,263,%B9402079902607560^TWDANOTWDANO^2808000000000000000?,%B9402079902607560=2701101479415905?,11/27/28,debit,0
CcS-8808,4227,NL211950757329365862947442,6860884882435375,5493,110,%B6860884882435375^PXPPYMPXPPYM^3104000000000000000?,%B6860884882435375=2202101205995249?,04/26/28,debit,0
CcS-8809,4228,ES398824746921180015555575,9150190129933583,3370,435,%B9150190129933583^BRVKTMBRVKTM^2602000000000000000?,%B9150190129933583=3109101423807999?,03/28/28,debit,0
CcS-8810,4229,IT223013837108959428197367,4774537541280866,6625,635,%B4774537541280866^IQNAMGIQNAMG^3204000000000000000?,%B4774537541280866=2408101966806910?,05/28/28,credit,0
CcS-8811,4230,NL739088904393141278863801,3430551030873172,9564,623,%B3430551030873172^NRZUFZNRZUFZ^3402000000000000000?,%B3430551030873172=2512101586912421?,04/25/28,credit,1
CcS-8812,4231,NL354447919846843872380692,5745511083974937,8141,348,%B5745511083974937^SRFVXISRFVXI^3405000000000000000?,%B5745511083974937=2512101355022608?,06/29/28,debit,0
CcS-8813,4232,PT528903253442658424984606,9283147048867463,8743,449,%B9283147048867463^WIJXKZWIJXKZ^2201000000000000000?,%B9283147048867463=2710101446864559?,12/26/28,debit,0
CcS-8814,4233,CA457415504307719822361918,9631031090015048,6541,656,%B9631031090015048^VJCBBJVJCBBJ^3309000000000000000?,%B9631031090015048=2302101899303892?,06/28/28,debit,0
CcS-8815,4234,PL308640874873188673930898,8102828558619221,8592,427,%B8102828558619221^USFRRWUSFRRW^2909000000000000000?,%B8102828558619221=2503101232657778?,01/29/28,credit,0
CcS-8816,4235,PT686278745226881670938846,5795205515836920,5981,114,%B5795205515836920^AONKXAAONKXA^2710000000000000000?,%B5795205515836920=2606101983740984?,01/25/28,debit,1
CcS-8817,4236,DE283620169367640563259297,8026458497639066,9684,981,%B8026458497639066^QOCHCOQOCHCO^2506000000000000000?,%B8026458497639066=2906101277276717?,10/27/28,credit,0
CcS-8818,4237,PL920440583765189590945793,3757925604237396,1672,959,%B3757925604237396^FQVWJNFQVWJN^2903000000000000000?,%B3757925604237396=3308101583395579?,12/25/28,debit,1
CcS-8819,4238,PT625039869936230038014616,7028307701516117,3484,796,%B7028307701516117^GDLWNYGDLWNY^3105000000000000000?,%B7028307701516117=3209101643734419?,04/27/28,prepaid,0
CcS-8820,4239,DE949519944521237606239618,0141549398318497,6320,152,%B0141549398318497^PNAJBBPNAJBB^2304000000000000000?,%B0141549398318497=3308101866469545?,01/25/28,credit,1
CcS-8821,4240,SE328180050558610217993210,9529926966097530,2360,283,%B9529926966097530^JEULWAJEULWA^3209000000000000000?,%B9529926966097530=2706101491768220?,09/29/28,credit,0
CcS-8822,4241,NL295321539539855837368240,5559686202635249,8347,630,%B5559686202635249^JGONKOJGONKO^2711000000000000000?,%B5559686202635249=3112101354536086?,02/29/28,debit,0
CcS-8823,4242,PL792551519187602865688989,1193663381761047,5550,112,%B1193663381761047^ZWHKITZWHKIT^2608000000000000000?,%B1193663381761047=3411101438153523?,10/28/28,premium_credit,0
CcS-8824,4243,DE573740500069675955012770,3086131735103644,7262,202,%B3086131735103644^SEMRMKSEMRMK^2407000000000000000?,%B3086131735103644=3106101760642994?,01/26/28,prepaid,0
CcS-8825,4244,GB606005245292460089775965,6443621901126993,6228,399,%B6443621901126993^DTSPJXDTSPJX^2903000000000000000?,%B6443621901126993=2807101624822772?,02/27/28,debit,0
CcS-8826,4245,DE126521086443836794984898,5510754399966735,9122,662,%B5510754399966735^ZXICYFZXICYF^3410000000000000000?,%B5510754399966735=2301101167046409?,10/26/28,credit,0
CcS-8827,4246,PT125861582561899451634654,6859637740605527,4581,637,%B6859637740605527^TYHXFMTYHXFM^3012000000000000000?,%B6859637740605527=3204101104547358?,02/28/28,credit,0
CcS-8828,4247,US905501888443771803219084,1928468295936238,3276,245,%B1928468295936238^STYDISSTYDIS^3009000000000000000?,%B1928468295936238=3208101586858107?,10/28/28,credit,0
CcS-8829,4248,DE725566152136469305706601,9364641822978826,2775,936,%B9364641822978826^LMMCFMLMMCFM^3304000000000000000?,%B9364641822978826=2809101595715883?,08/28/28,credit,0
CcS-8830,4249,ES179314717365352933807874,4752607655490013,2800,705,%B4752607655490013^WIMFDHWIMFDH^2810000000000000000?,%B4752607655490013=2203101957779266?,08/29/28,premium_credit,0
CcS-8831,4250,DE264639555020827461331981,6802652231658345,4847,860,%B6802652231658345^ENQORZENQORZ^3007000000000000000?,%B6802652231658345=3402101167044116?,06/29/28,credit,0
CcS-8832,4251,PT317406696517006039548722,5804065656041634,4021,926,%B5804065656041634^FPVPTQFPVPTQ^3403000000000000000?,%B5804065656041634=3109101434497149?,07/26/28,debit,0
CcS-8833,4252,NL520501811433923625259023,7529383405787533,7317,594,%B7529383405787533^VWANENVWANEN^2810000000000000000?,%B7529383405787533=2501101388095405?,02/25/28,credit,1
CcS-8834,4253,FR613010387071488085062432,3328953776597104,8031,340,%B3328953776597104^YXGUGOYXGUGO^2512000000000000000?,%B3328953776597104=2503101635500530?,12/27/28,credit,0
CcS-8835,4254,PL545108607005982190549645,7525275285613633,9518,753,%B7525275285613633^JMZIOSJMZIOS^2410000000000000000?,%B7525275285613633=3204101467948197?,12/25/28,debit,1
CcS-8836,4255,US531207697452631650889290,9684128146686284,6847,589,%B9684128146686284^RIKGEYRIKGEY^2906000000000000000?,%B9684128146686284=2604101604714344?,02/28/28,debit,0
CcS-8837,4256,GB662787361009483369016972,9781670566589140,5507,527,%B9781670566589140^WAOGWMWAOGWM^2903000000000000000?,%B9781670566589140=2708101988566349?,10/29/28,debit,0
CcS-8838,4257,PT821732790202575414578019,1137399775543252,8648,307,%B1137399775543252^IRSBUDIRSBUD^2503000000000000000?,%B1137399775543252=2811101547918273?,03/28/28,credit,0
CcS-8839,4258,PL104963590592977672074275,9178126528642935,1086,897,%B9178126528642935^JRVCHFJRVCHF^2809000000000000000?,%B9178126528642935=3301101225399359?,04/29/28,credit,0
CcS-8840,4259,DE713889100193872059615707,9889967162699046,9262,596,%B9889967162699046^PAZCRBPAZCRB^2807000000000000000?,%B9889967162699046=3310101680843090?,07/26/28,debit,0
CcS-8841,4260,GB258997115821253147445801,6780460374402073,4366,283,%B6780460374402073^RCCZIORCCZIO^3105000000000000000?,%B6780460374402073=2210101504314101?,05/27/28,debit,0
CcS-8842,4261,PT377445733090644012416597,0822728398488832,7979,358,%B0822728398488832^MLOFCDMLOFCD^2409000000000000000?,%B0822728398488832=2908101459408964?,08/25/28,credit,1
CcS-8843,4262,CA402752140235797537903198,9116582067635512,2816,785,%B9116582067635512^ZMENEUZMENEU^2502000000000000000?,%B9116582067635512=2810101390420778?,08/25/28,debit,1
CcS-8844,4263,NL522737322224738533933150,4488418042303170,5268,479,%B4488418042303170^FZBTNJFZBTNJ^2310000000000000000?,%B4488418042303170=3409101295199234?,04/25/28,prepaid,1
CcS-8845,4264,PT382457330971585047009184,7611354879704494,9707,350,%B7611354879704494^RJFFEWRJFFEW^2610000000000000000?,%B7611354879704494=2312101680735423?,07/25/28,prepaid,1
CcS-8846,4265,SE373403259600194833890296,9955692682710384,2486,868,%B9955692682710384^JMMTXFJMMTXF^2907000000000000000?,%B9955692682710384=3305101421282436?,01/26/28,prepaid,0
CcS-8847,4266,ES904611671040998473083210,9373333370441278,9950,139,%B9373333370441278^GGCHHGGGCHHG^2808000000000000000?,%B9373333370441278=2606101777569259?,05/28/28,debit,0
CcS-8848,4267,CA557423291552489060543293,0790429531988353,1423,912,%B0790429531988353^TSYBNPTSYBNP^3001000000000000000?,%B0790429531988353=3002101905959307?,02/27/28,debit,0
CcS-8849,4268,IT130485993403384297996736,6224774850192975,5100,859,%B6224774850192975^IIBBDCIIBBDC^3309000000000000000?,%B6224774850192975=3203101107195763?,04/27/28,debit,0
CcS-8850,4269,IT804434008171810726467244,2998741345865474,4406,823,%B2998741345865474^CMSLNICMSLNI^3311000000000000000?,%B2998741345865474=3006101456926427?,04/26/28,debit,0
CcS-8851,4270,PT861769647068737700809223,6212770266205436,2888,253,%B6212770266205436^ZUXYZZZUXYZZ^3412000000000000000?,%B6212770266205436=3012101695737710?,10/29/28,debit,0
CcS-8852,4271,NL442447684331861971136984,5589744526223902,7014,388,%B5589744526223902^VXPXMMVXPXMM^2410000000000000000?,%B5589744526223902=3306101772283346?,06/27/28,credit,0
CcS-8853,4272,IT288169935314292921361349,5141686198922442,7246,321,%B5141686198922442^LFSJBXLFSJBX^2605000000000000000?,%B5141686198922442=2311101222699465?,05/27/28,debit,0
CcS-8854,4273,GB674101470524904918299442,2719753935231643,5034,673,%B2719753935231643^FIMBFNFIMBFN^3302000000000000000?,%B2719753935231643=3010101313129038?,11/29/28,prepaid,0
CcS-8855,4274,CA814775185664936563198631,6933995028393550,8977,647,%B6933995028393550^HIVFDXHIVFDX^2302000000000000000?,%B6933995028393550=2310101276060482?,04/27/28,credit,0
CcS-8856,4275,FR517293166088469726439166,4550369336884156,2848,925,%B4550369336884156^EPBUIHEPBUIH^3406000000000000000?,%B4550369336884156=2509101218497310?,11/27/28,debit,0
CcS-8857,4276,US697391205797339053817671,9240348845148495,5358,608,%B9240348845148495^DQEBHBDQEBHB^2903000000000000000?,%B9240348845148495=2508101221541276?,05/26/28,debit,0
CcS-8858,4277,NL453053105729781356336664,0401005328483517,6436,267,%B0401005328483517^AWRYAKAWRYAK^2604000000000000000?,%B0401005328483517=2401101456735361?,01/26/28,credit,0
CcS-8859,4278,CA225698454420163923767003,2725468671438471,8122,321,%B2725468671438471^MIRGVNMIRGVN^3204000000000000000?,%B2725468671438471=3012101911320964?,11/29/28,debit,0
CcS-8860,4279,SE135133845283831574104398,6159411591128162,2977,196,%B6159411591128162^PVNAABPVNAAB^2711000000000000000?,%B6159411591128162=2209101799829676?,08/25/28,debit,1
CcS-8861,4280,NL175132564536328264247140,7556179269836064,4387,777,%B7556179269836064^CKSAMOCKSAMO^3003000000000000000?,%B7556179269836064=2304101980001861?,04/27/28,credit,0
CcS-8862,4281,CA246804096117708999991820,8004731135405728,1984,916,%B8004731135405728^JIBQXQJIBQXQ^3302000000000000000?,%B8004731135405728=3306101951293867?,10/26/28,debit,0
CcS-8863,4282,DE939812851409480938174806,7112143393292678,8366,596,%B7112143393292678^BQVPFMBQVPFM^3406000000000000000?,%B7112143393292678=2801101511168589?,10/28/28,debit,0
CcS-8864,4283,ES213276119744486478202882,1265901560108828,8262,666,%B1265901560108828^NKPETGNKPETG^3305000000000000000?,%B1265901560108828=3204101763116518?,10/28/28,debit,0
CcS-8865,4284,NL471182831821069726908952,0381770848359974,9501,196,%B0381770848359974^OSRABTOSRABT^2208000000000000000?,%B0381770848359974=2408101991601047?,06/29/28,debit,0
CcS-8866,4285,GB434983322138343978549383,9784228529014557,9427,704,%B9784228529014557^UZFNFWUZFNFW^2602000000000000000?,%B9784228529014557=2305101972773256?,09/28/28,debit,0
CcS-8867,4286,IT798501960585639007468255,9586410682840074,7740,131,%B9586410682840074^WYKUJMWYKUJM^3412000000000000000?,%B9586410682840074=2308101627785808?,04/27/28,prepaid,0
CcS-8868,4287,GB129887824893762009361555,9515570576935113,9405,771,%B9515570576935113^EHUKIVEHUKIV^3409000000000000000?,%B9515570576935113=3408101853222143?,06/27/28,debit,0
CcS-8869,4288,FR391105733671427065157079,7736832860501523,7788,778,%B7736832860501523^JWMPAXJWMPAX^3304000000000000000?,%B7736832860501523=3104101922031123?,08/27/28,credit,0
CcS-8870,4289,PT428077989932373824770643,3265764279199750,2194,379,%B3265764279199750^KIQGIEKIQGIE^3208000000000000000?,%B3265764279199750=3210101615668547?,05/27/28,prepaid,0
CcS-8871,4290,ES690866163383245738242526,3271376413737368,6726,941,%B3271376413737368^XOFDJEXOFDJE^2507000000000000000?,%B3271376413737368=2709101503073322?,02/28/28,debit,0
CcS-8872,4291,PT502467855054833165681977,5320160084134098,8422,151,%B5320160084134098^BPNYQRBPNYQR^2407000000000000000?,%B5320160084134098=3103101752592108?,03/29/28,debit,0
CcS-8873,4292,PL854134798450001749247691,8352585738177409,8256,277,%B8352585738177409^KTHHHAKTHHHA^3408000000000000000?,%B8352585738177409=2408101679944414?,08/29/28,credit,0
CcS-8874,4293,PT435145109215216080469421,4885363422371765,1820,176,%B4885363422371765^PVIWENPVIWEN^3102000000000000000?,%B4885363422371765=2807101680873517?,02/26/28,credit,0
CcS-8875,4294,CA495399613036984568997848,5850290879606967,8479,979,%B5850290879606967^QHCPWDQHCPWD^2511000000000000000?,%B5850290879606967=2909101372591495?,07/27/28,debit,0
CcS-8876,4295,FR430312694218683292209763,9148652276886247,9027,640,%B9148652276886247^JMAFOPJMAFOP^2206000000000000000?,%B9148652276886247=3308101200354616?,12/25/28,premium_credit,1
CcS-8877,4296,IT467071577811942777774600,2847045855420162,4832,800,%B2847045855420162^PZXCTZPZXCTZ^2612000000000000000?,%B2847045855420162=2310101883346498?,07/26/28,credit,0
CcS-8878,4297,IT426796889888049056418707,8784881083162459,9883,996,%B8784881083162459^DLLYSYDLLYSY^3304000000000000000?,%B8784881083162459=2906101574532720?,08/25/28,credit,1
CcS-8879,4298,DE574965125201822400038472,9754789849163253,6514,598,%B9754789849163253^YVLIMTYVLIMT^3208000000000000000?,%B9754789849163253=3206101991265572?,05/26/28,credit,0
CcS-8880,4299,PT744120651822096071289756,4628619862180060,9652,378,%B4628619862180060^YXDOJHYXDOJH^3307000000000000000?,%B4628619862180060=2310101356722299?,12/27/28,debit,0
CcS-8881,4300,CA711956121100791978738990,0843000030251775,7786,856,%B0843000030251775^ZUGSDPZUGSDP^2906000000000000000?,%B0843000030251775=3308101907635534?,09/27/28,debit,0
CcS-8882,4301,PL502556996895140234737796,5298351134323654,8242,902,%B5298351134323654^DDCLSEDDCLSE^2701000000000000000?,%B5298351134323654=3306101241655288?,10/25/28,debit,1
CcS-8883,4302,US688652014886599654504041,6331443739518038,3992,565,%B6331443739518038^JSKENEJSKENE^3210000000000000000?,%B6331443739518038=2808101442510070?,05/25/28,prepaid,1
CcS-8884,4303,GB989335975083608229718214,3618579924886131,5955,809,%B3618579924886131^RDORMSRDORMS^3406000000000000000?,%B3618579924886131=2910101608795726?,06/25/28,premium_credit,1
CcS-8885,4304,PL467762248028611092300247,7843808154609441,4773,808,%B7843808154609441^SVBPURSVBPUR^2512000000000000000?,%B7843808154609441=2905101825117462?,05/26/28,debit,0
CcS-8886,4305,PL546804106609655096099400,6629501228357637,7479,995,%B6629501228357637^BHLJLSBHLJLS^3205000000000000000?,%B6629501228357637=2601101137363992?,01/29/28,debit,0
CcS-8887,4306,ES727442193067106545583037,2475106743426248,9005,986,%B2475106743426248^QAZONUQAZONU^3301000000000000000?,%B2475106743426248=3005101102547071?,10/29/28,credit,0
CcS-8888,4307,CA623425841223208638188163,7502753560898295,7163,104,%B7502753560898295^EURKVAEURKVA^3409000000000000000?,%B7502753560898295=2404101740156996?,10/27/28,debit,0
CcS-8889,4308,CA445040621684394638521381,1569393401120417,4459,955,%B1569393401120417^ZBIQQDZBIQQD^2807000000000000000?,%B1569393401120417=2710101633428536?,09/29/28,debit,0
CcS-8890,4309,IT694960144662311265080675,0018374852074568,7415,317,%B0018374852074568^PSMVLCPSMVLC^2510000000000000000?,%B0018374852074568=3412101356508139?,06/28/28,debit,0
CcS-8891,4310,DE186487349214369905858179,7891838079676811,6278,385,%B7891838079676811^IIYRTQIIYRTQ^3412000000000000000?,%B7891838079676811=3306101936738373?,08/28/28,credit,0
CcS-8892,4311,CA185458276983282203671968,7772175702024903,9962,200,%B7772175702024903^BTHZNBBTHZNB^2908000000000000000?,%B7772175702024903=2909101497880394?,10/26/28,credit,0
CcS-8893,4312,DE979905347182254547818970,6747120572570166,7745,602,%B6747120572570166^GDGGOVGDGGOV^3401000000000000000?,%B6747120572570166=2604101306154985?,11/29/28,credit,0
CcS-8894,4313,PL952504516655588181282340,0967564636704571,4444,743,%B0967564636704571^DRIFURDRIFUR^2404000000000000000?,%B0967564636704571=3309101497550113?,05/26/28,prepaid,0
CcS-8895,4314,DE751360515368095265146339,9459083743501244,1870,366,%B9459083743501244^BULLXABULLXA^3110000000000000000?,%B9459083743501244=3102101373373292?,10/29/28,credit,0
CcS-8896,4315,ES252770719503665436460610,2123312176755747,5209,868,%B2123312176755747^XGSZQDXGSZQD^2801000000000000000?,%B2123312176755747=2709101152851987?,10/28/28,credit,0
CcS-8897,4316,PL703331220772969742404607,4220800924600344,8356,935,%B4220800924600344^RSXFCIRSXFCI^2712000000000000000?,%B4220800924600344=3209101986763732?,06/29/28,credit,0
CcS-8898,4317,US646408749825598747279262,7319472793967825,7401,472,%B7319472793967825^LUEPULLUEPUL^3112000000000000000?,%B7319472793967825=3010101666552127?,06/26/28,debit,0
CcS-8899,4318,PL578208896516465696370017,7893868360180038,4521,999,%B7893868360180038^YVOMUUYVOMUU^2507000000000000000?,%B7893868360180038=2908101794180098?,07/27/28,debit,0
CcS-8900,4319,ES316311958462583332843244,2943084027953210,8113,964,%B2943084027953210^MHYHOLMHYHOL^3411000000000000000?,%B2943084027953210=2904101871537447?,05/25/28,debit,1
CcS-8901,4320,CA947141243996805413189634,4884778980582946,8006,421,%B4884778980582946^DJHDCWDJHDCW^3008000000000000000?,%B4884778980582946=3303101413219586?,11/25/28,credit,1
CcS-8902,4321,SE795062970480074456815890,4379558918317062,4914,352,%B4379558918317062^QEJIQLQEJIQL^2505000000000000000?,%B4379558918317062=2908101771232970?,02/29/28,credit,0
CcS-8903,4322,SE462606059063940734006556,9539909208587268,9054,423,%B9539909208587268^YUPXRTYUPXRT^2210000000000000000?,%B9539909208587268=2511101409926167?,11/27/28,debit,0
CcS-8904,4323,US418290330816967902506508,3136079961433302,9915,365,%B3136079961433302^GUCNZPGUCNZP^2311000000000000000?,%B3136079961433302=3408101835553065?,04/29/28,debit,0
CcS-8905,4324,PT294009651538564757026735,3276395301686587,1173,113,%B3276395301686587^CYBKUZCYBKUZ^2510000000000000000?,%B3276395301686587=2205101582078734?,03/28/28,credit,0
CcS-8906,4325,ES850041477332575831274592,6859625164881063,9320,994,%B6859625164881063^EFCWWBEFCWWB^3207000000000000000?,%B6859625164881063=2210101136347795?,02/29/28,debit,0
CcS-8907,4326,ES664223158138275172900559,3430497332062657,3732,506,%B3430497332062657^QFQLUHQFQLUH^3001000000000000000?,%B3430497332062657=3007101385119416?,10/25/28,debit,1
CcS-8908,4327,NL769403359020293763582762,6229977414061690,4438,602,%B6229977414061690^XVMGZCXVMGZC^2504000000000000000?,%B6229977414061690=3111101879398190?,09/25/28,debit,1
CcS-8909,4328,PT900752080126011006987883,7599034758200282,1809,505,%B7599034758200282^NYXQUJNYXQUJ^2604000000000000000?,%B7599034758200282=2310101336774076?,01/29/28,credit,0
CcS-8910,4329,PL222290491149792002675604,9009409582376472,7380,606,%B9009409582376472^AXMKKIAXMKKI^2209000000000000000?,%B9009409582376472=2805101342871960?,06/25/28,credit,1
CcS-8911,4330,DE766393821769422147009805,7150302732738351,1762,164,%B7150302732738351^TRTHXJTRTHXJ^2308000000000000000?,%B7150302732738351=2708101388436818?,02/25/28,credit,1
CcS-8912,4331,ES367853631228246560541637,7315924408049036,7091,114,%B7315924408049036^LJASWKLJASWK^2402000000000000000?,%B7315924408049036=3310101531106904?,04/26/28,debit,0
CcS-8913,4332,IT662842370576790241472405,7423920663556483,9699,416,%B7423920663556483^IDBTEMIDBTEM^3206000000000000000?,%B7423920663556483=2303101236025351?,03/27/28,credit,0
CcS-8914,4333,GB410671275554327270811141,2720804372581969,9882,906,%B2720804372581969^LWLZUELWLZUE^2912000000000000000?,%B2720804372581969=2905101800066957?,06/28/28,debit,0
CcS-8915,4334,US542488670116445524223479,2124161401887479,8444,911,%B2124161401887479^WFSVCSWFSVCS^2601000000000000000?,%B2124161401887479=2309101819473267?,01/27/28,debit,0
CcS-8916,4335,IT946003718947395056247851,8160069546467960,8412,739,%B8160069546467960^NHEKIDNHEKID^2208000000000000000?,%B8160069546467960=3002101260592465?,09/29/28,credit,0
CcS-8917,4336,DE812551288812873964169739,4672192249241191,3648,378,%B4672192249241191^GFGQRIGFGQRI^2702000000000000000?,%B4672192249241191=3010101868291958?,05/28/28,credit,0
CcS-8918,4337,FR756222264397982534637262,3618096061834163,2417,900,%B3618096061834163^MDRLTGMDRLTG^3211000000000000000?,%B3618096061834163=2404101795051717?,06/28/28,debit,0
CcS-8919,4338,CA698438714014299906626471,6069174934449646,3576,162,%B6069174934449646^FIGPKKFIGPKK^2802000000000000000?,%B6069174934449646=2801101762325961?,11/28/28,debit,0
CcS-8920,4339,IT699306714472110652848027,9953186091302074,1135,877,%B9953186091302074^IMARKCIMARKC^2611000000000000000?,%B9953186091302074=3309101483356007?,06/29/28,debit,0
CcS-8921,4340,NL980386408595878124451706,6377127310716978,4567,714,%B6377127310716978^LJOYGGLJOYGG^3109000000000000000?,%B6377127310716978=3404101163456498?,05/25/28,debit,1
CcS-8922,4341,PL826719386102594029489949,5601570667516444,6338,973,%B5601570667516444^OQEIOCOQEIOC^2412000000000000000?,%B5601570667516444=2608101853646626?,02/25/28,premium_credit,1
CcS-8923,4342,PT250826651902679492223668,9098032123988343,6854,454,%B9098032123988343^UPGQPUUPGQPU^2310000000000000000?,%B9098032123988343=3005101456872848?,07/29/28,credit,0
CcS-8924,4343,SE224639334105169792864365,3778197753531265,5664,849,%B3778197753531265^IDRSREIDRSRE^3004000000000000000?,%B3778197753531265=2310101711102362?,05/25/28,debit,1
CcS-8925,4344,SE903762329867440883024587,5134942938363615,5487,973,%B5134942938363615^CYZCJACYZCJA^2407000000000000000?,%B5134942938363615=3408101300196039?,12/26/28,credit,0
CcS-8926,4345,FR956376094966308470317942,8685399895408770,2599,200,%B8685399895408770^CRVPSSCRVPSS^3207000000000000000?,%B8685399895408770=3002101131795212?,04/28/28,credit,0
CcS-8927,4346,ES297768091319075339797627,8653238057720853,1203,290,%B8653238057720853^LOSXHQLOSXHQ^2210000000000000000?,%B8653238057720853=2409101425541659?,02/26/28,debit,0
CcS-8928,4347,SE556344063240118206179350,6149388026444923,3586,963,%B6149388026444923^ZWMPMIZWMPMI^3402000000000000000?,%B6149388026444923=2602101791890755?,08/26/28,debit,0
CcS-8929,4348,PL649784028548824898608572,2602793094864045,9965,645,%B2602793094864045^HFWGGCHFWGGC^2306000000000000000?,%B2602793094864045=2912101497168747?,09/28/28,credit,0
CcS-8930,4349,DE800710781241513709320390,4521720975107126,3357,830,%B4521720975107126^SMSQBUSMSQBU^3001000000000000000?,%B4521720975107126=2408101385006944?,12/28/28,credit,0
CcS-8931,4350,IT824309068204992900568400,3387555719096981,3856,858,%B3387555719096981^WBMWJDWBMWJD^2201000000000000000?,%B3387555719096981=2308101112800001?,10/26/28,credit,0
CcS-8932,4351,GB311846477600764118654827,5949606849993400,6416,264,%B5949606849993400^KPDQJIKPDQJI^2503000000000000000?,%B5949606849993400=3207101322052383?,11/26/28,debit,0
CcS-8933,4352,IT518465177890535285529498,7623710112427457,4054,166,%B7623710112427457^BAIGPFBAIGPF^2911000000000000000?,%B7623710112427457=3409101809369760?,09/29/28,credit,0
CcS-8934,4353,NL675698970933050114840349,2425723375808796,2729,837,%B2425723375808796^RNDTKARNDTKA^2312000000000000000?,%B2425723375808796=3311101230058365?,08/25/28,debit,1
CcS-8935,4354,DE412805554928524909877965,0268352694457331,5628,644,%B0268352694457331^TBYMQYTBYMQY^3101000000000000000?,%B0268352694457331=2607101529267227?,07/26/28,debit,0
CcS-8936,4355,PT921624306037887451810497,0811144832862901,6551,709,%B0811144832862901^EITIHAEITIHA^2703000000000000000?,%B0811144832862901=2604101365710793?,01/28/28,debit,0
CcS-8937,4356,ES618751368916796448061459,1597374210889947,3492,561,%B1597374210889947^NKIVIONKIVIO^3109000000000000000?,%B1597374210889947=2310101458278184?,08/26/28,credit,0
CcS-8938,4357,IT224329805042477831778961,9859762595842014,1291,672,%B9859762595842014^LEFKHKLEFKHK^3005000000000000000?,%B9859762595842014=2810101980434461?,07/25/28,debit,1
CcS-8939,4358,FR955584798550988322179164,6037060682148715,7616,931,%B6037060682148715^MRHYIVMRHYIV^3106000000000000000?,%B6037060682148715=2205101973396776?,09/25/28,credit,1
CcS-8940,4359,ES833373904001777129231067,6460505876428794,9135,593,%B6460505876428794^TDQFNFTDQFNF^2405000000000000000?,%B6460505876428794=2202101580747757?,04/29/28,debit,0
CcS-8941,4360,ES253044144830648231525168,5634067521508867,3505,810,%B5634067521508867^NORGKKNORGKK^2808000000000000000?,%B5634067521508867=3110101985494851?,08/26/28,debit,0
CcS-8942,4361,PL651105412877138979367765,8401006595038905,7585,627,%B8401006595038905^WFGNPHWFGNPH^2805000000000000000?,%B8401006595038905=3311101442200118?,05/26/28,debit,0
CcS-8943,4362,FR332218681652277101947353,2222635424932325,5318,306,%B2222635424932325^SYDAYTSYDAYT^3105000000000000000?,%B2222635424932325=2202101303198956?,11/27/28,credit,0
CcS-8944,4363,NL652037465667828034357366,1861909805640072,8357,670,%B1861909805640072^GJAXOGGJAXOG^2208000000000000000?,%B1861909805640072=3312101194637567?,10/26/28,debit,0
CcS-8945,4364,CA435010050557259897538613,9423194004066254,5926,174,%B9423194004066254^WNYNFHWNYNFH^3107000000000000000?,%B9423194004066254=3006101655044029?,08/26/28,premium_credit,0
CcS-8946,4365,ES316596320715731296316367,5976326653385793,8281,445,%B5976326653385793^WNXLRWWNXLRW^2201000000000000000?,%B5976326653385793=2211101460978114?,02/27/28,debit,0
CcS-8947,4366,CA916115895896723082088169,6062641890331217,2458,360,%B6062641890331217^ZTMAMQZTMAMQ^2309000000000000000?,%B6062641890331217=3208101648063756?,03/26/28,credit,0
CcS-8948,4367,PT911615742886209258069926,0835466068756776,8849,833,%B0835466068756776^ZIYYISZIYYIS^2809000000000000000?,%B0835466068756776=2409101593059018?,07/27/28,debit,0
CcS-8949,4368,SE459920888356643083328111,8761505220307821,1641,846,%B8761505220307821^NRCLUCNRCLUC^2409000000000000000?,%B8761505220307821=3112101563098478?,07/25/28,prepaid,1
CcS-8950,4369,PT529031881759778012477751,3146300243356153,1017,187,%B3146300243356153^CJWVUDCJWVUD^2505000000000000000?,%B3146300243356153=2607101712968430?,12/29/28,prepaid,0
CcS-8951,4370,GB573246890430619665867336,4059485342333439,5970,101,%B4059485342333439^JZEGDMJZEGDM^3007000000000000000?,%B4059485342333439=2511101529731657?,08/28/28,prepaid,0
CcS-8952,4371,US783114650812366158822704,0927500085513252,3295,144,%B0927500085513252^WNVEXHWNVEXH^3309000000000000000?,%B0927500085513252=3306101362022238?,07/25/28,credit,1
CcS-8953,4372,US821754014786128752095956,0239018495179362,3419,570,%B0239018495179362^FNKGLUFNKGLU^3105000000000000000?,%B0239018495179362=3402101696098454?,06/29/28,prepaid,0
CcS-8954,4373,IT355168075191001955238140,6944598101784421,3013,602,%B6944598101784421^FHILYFFHILYF^3107000000000000000?,%B6944598101784421=2409101522887825?,12/26/28,credit,0
CcS-8955,4374,ES368319866692659746206265,8732081569037615,3774,710,%B8732081569037615^JRZODZJRZODZ^2401000000000000000?,%B8732081569037615=3304101441526176?,05/25/28,credit,1
CcS-8956,4375,CA448908111860906909617927,3014883589928445,1320,884,%B3014883589928445^LTOAXKLTOAXK^2501000000000000000?,%B3014883589928445=2805101673702183?,06/28/28,debit,0
CcS-8957,4376,SE322793803316254989346750,7628386051759462,2289,563,%B7628386051759462^THIUJTTHIUJT^2604000000000000000?,%B7628386051759462=2309101788987928?,05/28/28,debit,0
CcS-8958,4377,DE903973698507165891918521,0495243460001616,1024,566,%B0495243460001616^RTMZQFRTMZQF^2411000000000000000?,%B0495243460001616=3406101831258538?,10/25/28,debit,1
CcS-8959,4378,DE456203457940327629003460,3158447045010231,7920,234,%B3158447045010231^UZIWWVUZIWWV^2909000000000000000?,%B3158447045010231=2307101839981173?,03/28/28,credit,0
CcS-8960,4379,PL654414503899957757024683,4992796109342429,3931,782,%B4992796109342429^DMXFIZDMXFIZ^3011000000000000000?,%B4992796109342429=3011101645233498?,03/25/28,debit,1
CcS-8961,4380,NL984209552599704260755725,3084976738420786,8982,269,%B3084976738420786^FKACFBFKACFB^2908000000000000000?,%B3084976738420786=2703101457921272?,08/25/28,debit,1
CcS-8962,4381,ES610733778709174311514835,4844925551196698,4384,407,%B4844925551196698^LQCTKDLQCTKD^2909000000000000000?,%B4844925551196698=2403101115847134?,10/28/28,debit,0
CcS-8963,4382,US766099196899059246139032,5291713028561736,1968,981,%B5291713028561736^IUPTBQIUPTBQ^2801000000000000000?,%B5291713028561736=2311101979519097?,08/27/28,credit,0
CcS-8964,4383,US823763079059256124092440,0108055631750874,4887,660,%B0108055631750874^RRAMJORRAMJO^2801000000000000000?,%B0108055631750874=2512101207159109?,10/26/28,prepaid,0
CcS-8965,4384,PL500343816143280977082573,0480837182803129,2614,890,%B0480837182803129^SLZTJWSLZTJW^2802000000000000000?,%B0480837182803129=2607101255723540?,11/27/28,debit,0
CcS-8966,4385,IT923486940759886138270769,2839416312772473,6621,312,%B2839416312772473^PCTFTUPCTFTU^2511000000000000000?,%B2839416312772473=2311101972481303?,05/28/28,debit,0
CcS-8967,4386,ES260877782600768587079488,3106025069822859,9326,240,%B3106025069822859^URFQVAURFQVA^2702000000000000000?,%B3106025069822859=3306101289557760?,02/28/28,debit,0
CcS-8968,4387,ES282295722566745588246026,0345674869729846,7613,328,%B0345674869729846^JSCJWTJSCJWT^3307000000000000000?,%B0345674869729846=2611101517560601?,06/26/28,credit,0
CcS-8969,4388,IT377770245265519594208756,6841287385269602,3866,555,%B6841287385269602^POSBZAPOSBZA^3107000000000000000?,%B6841287385269602=2908101877193844?,11/28/28,debit,0
CcS-8970,4389,PL494901864866442355655452,9906086079988583,8103,345,%B9906086079988583^KTUPOMKTUPOM^3011000000000000000?,%B9906086079988583=3409101800390407?,11/27/28,debit,0
CcS-8971,4390,NL817004361151478122156031,5133162464065481,9358,572,%B5133162464065481^EHAVMFEHAVMF^3201000000000000000?,%B5133162464065481=3109101259329001?,02/28/28,credit,0
CcS-8972,4391,DE867353758666396838020244,5968010108572720,7182,270,%B5968010108572720^PSZBKRPSZBKR^2207000000000000000?,%B5968010108572720=3006101230104375?,07/27/28,credit,0
CcS-8973,4392,IT840354304133711424138680,6332886288423396,5731,963,%B6332886288423396^VLNYOEVLNYOE^2603000000000000000?,%B6332886288423396=3412101491163396?,02/29/28,premium_credit,0
CcS-8974,4393,DE376330761739244354168191,4213967766174737,6344,787,%B4213967766174737^MLRUOFMLRUOF^3108000000000000000?,%B4213967766174737=3111101531914781?,06/27/28,debit,0
CcS-8975,4394,DE365371504701038364845502,9949873534326257,9714,235,%B9949873534326257^PNXTUEPNXTUE^2808000000000000000?,%B9949873534326257=3002101887976154?,10/29/28,debit,0
CcS-8976,4395,GB746382641099426838509621,7447921648411665,9310,451,%B7447921648411665^VBSOEQVBSOEQ^3410000000000000000?,%B7447921648411665=2509101295143976?,08/26/28,credit,0
CcS-8977,4396,SE543203907511621011434575,1574442216767290,9364,782,%B1574442216767290^HGBHDTHGBHDT^2907000000000000000?,%B1574442216767290=3009101453943272?,04/27/28,credit,0
CcS-8978,4397,CA684533490136113388407540,4160521302788335,9039,187,%B4160521302788335^DMMDYCDMMDYC^2404000000000000000?,%B4160521302788335=2209101666376388?,05/28/28,credit,0
CcS-8979,4398,ES225942639101680001713915,9859149256525026,5096,951,%B9859149256525026^EMQCSPEMQCSP^3301000000000000000?,%B9859149256525026=2804101890176540?,08/26/28,credit,0
CcS-8980,4399,GB327100441516215904957260,7666858864651730,4633,935,%B7666858864651730^ZEMZVRZEMZVR^3002000000000000000?,%B7666858864651730=3401101380464867?,11/25/28,debit,1
CcS-8981,4400,CA925071805445597387037737,8644229312640218,7888,502,%B8644229312640218^NWSRVINWSRVI^2403000000000000000?,%B8644229312640218=2705101887124277?,11/25/28,debit,1
CcS-8982,4401,ES856518007286969900681671,1223228686060276,9595,551,%B1223228686060276^JGKMLBJGKMLB^3311000000000000000?,%B1223228686060276=2509101592864214?,03/25/28,credit,1
CcS-8983,4402,GB621424742140534849277078,1784821314811634,5928,843,%B1784821314811634^KOURENKOUREN^2511000000000000000?,%B1784821314811634=2604101660793448?,12/29/28,credit,0
CcS-8984,4403,IT569701859258686083198941,1103111875448005,6245,316,%B1103111875448005^SZDLJISZDLJI^2908000000000000000?,%B1103111875448005=2805101635208980?,05/27/28,credit,0
CcS-8985,4404,FR466604346563060509122968,5246023732673360,9114,433,%B5246023732673360^WDBCXCWDBCXC^3112000000000000000?,%B5246023732673360=3003101853753104?,11/29/28,debit,0
CcS-8986,4405,NL915553650605140609673206,1391419632188927,4018,421,%B1391419632188927^EKFYOKEKFYOK^3307000000000000000?,%B1391419632188927=2601101408427295?,03/29/28,credit,0
CcS-8987,4406,IT133712067110033743850697,8766495583769704,3044,128,%B8766495583769704^KOIEAAKOIEAA^3102000000000000000?,%B8766495583769704=2508101255398033?,08/25/28,debit,1
CcS-8988,4407,NL270798990989344511440816,6498338939932718,9599,990,%B6498338939932718^DZKQKRDZKQKR^2207000000000000000?,%B6498338939932718=2306101428626704?,08/29/28,credit,0
CcS-8989,4408,ES785796678742875120679696,6208968269241650,5359,125,%B6208968269241650^YIHRKUYIHRKU^3408000000000000000?,%B6208968269241650=3101101459069447?,10/29/28,credit,0
CcS-8990,4409,CA461477981752611912615773,0689119573431715,9316,647,%B0689119573431715^UTHIINUTHIIN^2905000000000000000?,%B0689119573431715=3305101974911040?,01/25/28,credit,1
CcS-8991,4410,IT250498300931322206462804,6121043828200227,3585,719,%B6121043828200227^HMFRZZHMFRZZ^3304000000000000000?,%B6121043828200227=2903101248207683?,11/27/28,credit,0
CcS-8992,4411,FR728966325028345728784651,3281046861167442,7799,285,%B3281046861167442^YFRRBTYFRRBT^2408000000000000000?,%B3281046861167442=2708101887698572?,11/28/28,debit,0
CcS-8993,4412,NL365720958282123581889754,5646285300466735,1283,490,%B5646285300466735^WFQNCNWFQNCN^2611000000000000000?,%B5646285300466735=2405101300424566?,11/26/28,debit,0
CcS-8994,4413,FR776115502150330768926322,3367854572176796,4805,739,%B3367854572176796^WGJUYZWGJUYZ^3407000000000000000?,%B3367854572176796=3310101299028237?,11/28/28,debit,0
CcS-8995,4414,PL926055218102369368883504,6024088715114105,6705,299,%B6024088715114105^ZYIVXPZYIVXP^2705000000000000000?,%B6024088715114105=2707101845247512?,10/27/28,debit,0
CcS-8996,4415,NL365850514291150439098931,8169917700788924,1870,191,%B8169917700788924^KHHETGKHHETG^2908000000000000000?,%B8169917700788924=2902101380829096?,07/29/28,credit,0
CcS-8997,4416,GB100123167504447437353036,7177177744832332,6005,750,%B7177177744832332^ECYAEBECYAEB^3001000000000000000?,%B7177177744832332=2607101853718267?,06/25/28,debit,1
CcS-8998,4417,PT699970163244203530174215,9136259738485843,5074,833,%B9136259738485843^MUIXXLMUIXXL^3306000000000000000?,%B9136259738485843=2903101944211275?,08/25/28,prepaid,1
CcS-8999,4418,FR713393208862138863851431,8655311195344068,3348,839,%B8655311195344068^LWHAFVLWHAFV^2405000000000000000?,%B8655311195344068=3106101307948224?,07/27/28,debit,0
CcS-9000,4419,PT435588950216030235005851,2622547438023401,8524,248,%B2622547438023401^LTHJLLLTHJLL^2609000000000000000?,%B2622547438023401=2812101870171582?,05/27/28,credit,0
CcS-9001,4420,SE204786143261371456716998,5395235627210739,1852,296,%B5395235627210739^EEBMZUEEBMZU^2801000000000000000?,%B5395235627210739=2603101431575965?,11/29/28,premium_credit,0
CcS-9002,4421,GB348685726446019945556182,0275570307173822,9808,254,%B0275570307173822^UNFTZJUNFTZJ^2408000000000000000?,%B0275570307173822=2701101389671255?,05/26/28,credit,0
CcS-9003,4422,IT720658314411780556505309,7060121718651449,9885,147,%B7060121718651449^DUZJOADUZJOA^3002000000000000000?,%B7060121718651449=2208101769362621?,12/28/28,debit,0
CcS-9004,4423,CA412377232729252430650938,5572277141078619,7115,106,%B5572277141078619^KFROQXKFROQX^2704000000000000000?,%B5572277141078619=3211101689140158?,08/27/28,debit,0
CcS-9005,4424,GB936040319157852222836166,7056788259928777,3839,684,%B7056788259928777^DVWRVIDVWRVI^2602000000000000000?,%B7056788259928777=3210101657145808?,04/27/28,debit,0
CcS-9006,4425,US894056376908807070991293,8289476257176353,3988,165,%B8289476257176353^QFDTJIQFDTJI^2302000000000000000?,%B8289476257176353=2306101492279183?,08/28/28,debit,0
CcS-9007,4426,GB646183580256836674991206,9100130035726878,2618,432,%B9100130035726878^WRSLYJWRSLYJ^3411000000000000000?,%B9100130035726878=2203101227149823?,05/28/28,credit,0
CcS-9008,4427,NL509737807133101316037704,0761737547242989,6030,547,%B0761737547242989^TTNBDJTTNBDJ^2401000000000000000?,%B0761737547242989=2609101437296324?,04/26/28,debit,0
CcS-9009,4428,CA364576660144937778667371,5012272130358098,5832,810,%B5012272130358098^MBXGSZMBXGSZ^2909000000000000000?,%B5012272130358098=2406101422540722?,03/29/28,debit,0
CcS-9010,4429,ES690463135849822366137375,9052309091884136,7938,473,%B9052309091884136^VLLUWVVLLUWV^2406000000000000000?,%B9052309091884136=2906101900453562?,02/28/28,debit,0
CcS-9011,4430,PT194817874718104693231052,5658289022179533,6612,817,%B5658289022179533^KDTSBVKDTSBV^2409000000000000000?,%B5658289022179533=2908101282601427?,07/26/28,debit,0
CcS-9012,4431,FR555164592694631391306358,7800341992637653,3517,586,%B7800341992637653^PVPBLGPVPBLG^3011000000000000000?,%B7800341992637653=3410101390844873?,07/28/28,credit,0
CcS-9013,4432,DE611847413364806779670651,8120226760894262,2015,864,%B8120226760894262^FZTUFQFZTUFQ^3206000000000000000?,%B8120226760894262=2808101186244340?,07/28/28,debit,0
CcS-9014,4433,DE910432051489062069658151,3460039082721558,6153,847,%B3460039082721558^TDBBHLTDBBHL^2402000000000000000?,%B3460039082721558=2312101914794622?,01/27/28,credit,0
CcS-9015,4434,US813746191247871423221297,5298362765148120,9481,861,%B5298362765148120^OWECKEOWECKE^2309000000000000000?,%B5298362765148120=2912101738015198?,01/26/28,debit,0
CcS-9016,4435,CA518006264040050952616406,0606741600606956,7218,557,%B0606741600606956^EUBKUSEUBKUS^3210000000000000000?,%B0606741600606956=2901101650935525?,04/27/28,credit,0
CcS-9017,4436,NL293867549106225835845564,9938887981241378,5641,355,%B9938887981241378^ZVADWQZVADWQ^2507000000000000000?,%B9938887981241378=2503101717651204?,08/26/28,debit,0
CcS-9018,4437,CA767399430189051296977736,1589411712329538,1162,697,%B1589411712329538^JXOMIKJXOMIK^3309000000000000000?,%B1589411712329538=2703101109586583?,10/28/28,debit,0
CcS-9019,4438,CA194696591742876467977856,2911936083898002,8390,968,%B2911936083898002^WGDSVSWGDSVS^3210000000000000000?,%B2911936083898002=2508101187440977?,03/27/28,debit,0
CcS-9020,4439,IT812593143372699432926446,9471378940309497,8944,860,%B9471378940309497^IRNNSNIRNNSN^2307000000000000000?,%B9471378940309497=3106101426809035?,09/25/28,debit,1
CcS-9021,4440,IT799726196724311494170219,0591133769418463,4396,644,%B0591133769418463^WAPEVUWAPEVU^2401000000000000000?,%B0591133769418463=2704101168712404?,03/27/28,credit,0
CcS-9022,4441,FR543193816328248298567416,8685069302363151,8719,591,%B8685069302363151^NBISTSNBISTS^2802000000000000000?,%B8685069302363151=2905101841481792?,11/28/28,credit,0
CcS-9023,4442,GB401629958309324672476475,0529361227034034,4857,998,%B0529361227034034^JQSNDGJQSNDG^2903000000000000000?,%B0529361227034034=2607101654574872?,12/26/28,debit,0
CcS-9024,4443,PT441191196036991840109476,5760430895253297,1776,864,%B5760430895253297^GZZANBGZZANB^2404000000000000000?,%B5760430895253297=3408101280675424?,09/27/28,credit,0
CcS-9025,4444,SE314511516451114536571393,9605338741867585,3983,108,%B9605338741867585^FRYYFEFRYYFE^3307000000000000000?,%B9605338741867585=2211101576749279?,11/27/28,credit,0
CcS-9026,4445,FR970778866535107788756370,5737579800467795,1265,767,%B5737579800467795^XAHPSMXAHPSM^2808000000000000000?,%B5737579800467795=2509101662238919?,03/25/28,credit,1
CcS-9027,4446,GB656733966827346307900409,6133541453629011,5076,223,%B6133541453629011^ETOCNLETOCNL^3401000000000000000?,%B6133541453629011=3009101232530600?,12/26/28,credit,0
CcS-9028,4447,IT474328172513313211144717,4672079604244955,4035,766,%B4672079604244955^FJQHUGFJQHUG^2704000000000000000?,%B4672079604244955=2401101527904660?,04/26/28,debit,0
CcS-9029,4448,PT484345399713819190072013,4802830077831253,8451,387,%B4802830077831253^DFPWIHDFPWIH^2906000000000000000?,%B4802830077831253=2811101211044563?,06/26/28,debit,0
CcS-9030,4449,GB656884771069543941460128,9084469154402788,9405,757,%B9084469154402788^SJREGVSJREGV^3102000000000000000?,%B9084469154402788=2906101832296532?,03/25/28,debit,1
CcS-9031,4450,GB778996844067094621092722,4485587947662305,1042,364,%B4485587947662305^VRXUOCVRXUOC^3005000000000000000?,%B4485587947662305=3004101459239725?,12/29/28,debit,0
CcS-9032,4451,ES202132834599464077350856,6408362668018792,8968,948,%B6408362668018792^LOUBSJLOUBSJ^2606000000000000000?,%B6408362668018792=2912101187265052?,06/28/28,credit,0
CcS-9033,4452,SE923630242576628379290281,5216681292025202,9174,501,%B5216681292025202^QNRYVRQNRYVR^2305000000000000000?,%B5216681292025202=2603101808931843?,06/29/28,debit,0
CcS-9034,4453,GB709695400668824066880433,4984189752100682,1918,877,%B4984189752100682^MICYHXMICYHX^2310000000000000000?,%B4984189752100682=2512101319935325?,08/29/28,credit,0
CcS-9035,4454,SE438289295996575212134200,2926727166332559,2387,668,%B2926727166332559^CDOKITCDOKIT^3305000000000000000?,%B2926727166332559=3409101914102321?,09/28/28,credit,0
CcS-9036,4455,US276120650415212912478451,6411834528645292,2547,638,%B6411834528645292^VIDWQBVIDWQB^3406000000000000000?,%B6411834528645292=3003101857660002?,10/26/28,debit,0
CcS-9037,4456,GB907110698460229304885694,2228573504478162,7188,687,%B2228573504478162^UJNJEMUJNJEM^2605000000000000000?,%B2228573504478162=3207101578793568?,04/25/28,credit,1
CcS-9038,4457,SE527439628601411559851054,5388773045681190,6668,167,%B5388773045681190^HCPVAUHCPVAU^2804000000000000000?,%B5388773045681190=2610101777308339?,08/28/28,premium_credit,0
CcS-9039,4458,IT287471555691462459276904,2578589589623918,8582,827,%B2578589589623918^GMPJOLGMPJOL^3204000000000000000?,%B2578589589623918=3002101777219413?,04/29/28,prepaid,0
CcS-9040,4459,PT103140063536883322430451,8017064891526711,1841,602,%B8017064891526711^ESBUGOESBUGO^2906000000000000000?,%B8017064891526711=3107101131035199?,04/25/28,debit,1
CcS-9041,4460,FR706802595617214898323467,3729104785720875,8664,219,%B3729104785720875^QONASTQONAST^2408000000000000000?,%B3729104785720875=3303101555276780?,09/25/28,debit,1
CcS-9042,4461,DE577964532533529907968800,2032500698002030,5853,677,%B2032500698002030^TPQSWOTPQSWO^2306000000000000000?,%B2032500698002030=2303101849193955?,12/28/28,debit,0
CcS-9043,4462,PT395369580874588395080104,5613798160238093,3110,851,%B5613798160238093^OMSSWAOMSSWA^2802000000000000000?,%B5613798160238093=3404101545078157?,02/25/28,debit,1
CcS-9044,4463,GB773115887983205510912912,2783439628849374,9043,187,%B2783439628849374^FEOKFOFEOKFO^2810000000000000000?,%B2783439628849374=2607101101162865?,07/25/28,premium_credit,1
CcS-9045,4464,PT235051550392739629614433,8041274722433755,9544,105,%B8041274722433755^YTHVZEYTHVZE^3112000000000000000?,%B8041274722433755=3102101860325009?,02/27/28,credit,0
CcS-9046,4465,ES282969438787132990364459,0699737360323154,5486,772,%B0699737360323154^LDEFOLLDEFOL^3110000000000000000?,%B0699737360323154=3012101396750924?,11/29/28,debit,0
CcS-9047,4466,NL776882017482023500054777,2991854439699875,1865,968,%B2991854439699875^SFKUEJSFKUEJ^2802000000000000000?,%B2991854439699875=3203101402700889?,11/27/28,credit,0
CcS-9048,4467,SE813259764322730419243219,5608069796017861,4205,177,%B5608069796017861^BIZDSOBIZDSO^3202000000000000000?,%B5608069796017861=2609101734072858?,01/28/28,credit,0
CcS-9049,4468,FR100093373549547232215022,4311273047098827,7714,476,%B4311273047098827^HFGHKBHFGHKB^3411000000000000000?,%B4311273047098827=2806101588207660?,03/27/28,debit,0
CcS-9050,4469,GB439958286204911494965224,9074675213053642,2315,510,%B9074675213053642^UKIHJWUKIHJW^3210000000000000000?,%B9074675213053642=2401101956226712?,07/26/28,debit,0
CcS-9051,4470,US570082429286901600591866,6250211322602808,2253,716,%B6250211322602808^LDQIWDLDQIWD^2303000000000000000?,%B6250211322602808=2505101396937435?,07/29/28,credit,0
CcS-9052,4471,US264279310319599670883072,3418119566934223,3293,445,%B3418119566934223^ZHSYSUZHSYSU^3111000000000000000?,%B3418119566934223=2412101541393128?,10/28/28,credit,0
CcS-9053,4472,FR429658172488015019759025,5499411698801066,3586,826,%B5499411698801066^GMHVRBGMHVRB^2704000000000000000?,%B5499411698801066=2910101360071674?,10/27/28,prepaid,0
CcS-9054,4473,IT285970060895155154688724,6730464455163673,2255,837,%B6730464455163673^KKOOKMKKOOKM^2401000000000000000?,%B6730464455163673=3211101156230514?,07/25/28,credit,1
CcS-9055,4474,PT390944686687041992193059,4731519470071345,7043,426,%B4731519470071345^HFEROJHFEROJ^2703000000000000000?,%B4731519470071345=3412101833928965?,12/26/28,credit,0
CcS-9056,4475,IT976094089749933809294306,5887679173729707,7095,797,%B5887679173729707^XFPFDTXFPFDT^2910000000000000000?,%B5887679173729707=2707101928208581?,11/29/28,credit,0
CcS-9057,4476,PT196291655684152864339456,8735022062031052,8069,283,%B8735022062031052^YLSIVDYLSIVD^2806000000000000000?,%B8735022062031052=3310101729746455?,07/27/28,credit,0
CcS-9058,4477,US983568075422225538846432,2761325709755916,2839,707,%B2761325709755916^FCCKXDFCCKXD^2801000000000000000?,%B2761325709755916=3109101312207917?,02/25/28,debit,1
CcS-9059,4478,GB633716243177965768755917,1806859800522598,8918,120,%B1806859800522598^NUIYBLNUIYBL^2611000000000000000?,%B1806859800522598=2809101482681345?,06/26/28,premium_credit,0
CcS-9060,4479,ES521112542631903712528922,2537575569716528,8740,586,%B2537575569716528^NDFUWFNDFUWF^3211000000000000000?,%B2537575569716528=3105101721939291?,06/26/28,credit,0
CcS-9061,4480,FR862393685976344991705153,4405750993503360,8471,728,%B4405750993503360^PSDKTMPSDKTM^2811000000000000000?,%B4405750993503360=2206101635597310?,01/29/28,debit,0
CcS-9062,4481,GB859752165802541478858415,8197326611359881,2947,195,%B8197326611359881^RFLVWNRFLVWN^3010000000000000000?,%B8197326611359881=2404101370735542?,05/29/28,credit,0
CcS-9063,4482,GB790262851666153102548416,4911247179731043,7298,888,%B4911247179731043^LCMAWZLCMAWZ^2311000000000000000?,%B4911247179731043=2307101272341011?,05/27/28,credit,0
CcS-9064,4483,ES489454485826790262745098,6105639515236652,6968,176,%B6105639515236652^NSOQIWNSOQIW^2305000000000000000?,%B6105639515236652=2402101412853039?,11/25/28,credit,1
CcS-9065,4484,US829430002334344253057024,6188137630683439,9521,109,%B6188137630683439^GHIMBCGHIMBC^2202000000000000000?,%B6188137630683439=2410101803620460?,08/29/28,credit,0
CcS-9066,4485,PT677181953973813610115263,9808287177752137,6537,261,%B9808287177752137^MTNXJUMTNXJU^2703000000000000000?,%B9808287177752137=3302101596427434?,02/26/28,debit,0
CcS-9067,4486,PT599113792531238460056035,1726829335958450,9748,556,%B1726829335958450^YBOBKRYBOBKR^2706000000000000000?,%B1726829335958450=2509101341141330?,10/26/28,credit,0
CcS-9068,4487,PT469194052587180299346257,2872508829858531,1760,113,%B2872508829858531^XBEKBJXBEKBJ^2203000000000000000?,%B2872508829858531=2806101916727797?,02/27/28,credit,0
CcS-9069,4488,NL402396207325936621395928,9862236791885154,3601,576,%B9862236791885154^WRZFOXWRZFOX^2909000000000000000?,%B9862236791885154=3211101499470636?,11/29/28,debit,0
CcS-9070,4489,US683338922629374348282754,4000218838820098,1854,867,%B4000218838820098^HTFCJJHTFCJJ^2509000000000000000?,%B4000218838820098=3202101856185818?,05/28/28,credit,0
CcS-9071,4490,PT265338794583158564878092,9874740529391469,1535,752,%B9874740529391469^QFZZEJQFZZEJ^3303000000000000000?,%B9874740529391469=3102101476838043?,11/27/28,credit,0
CcS-9072,4491,NL774605487638229368646060,1117402846245937,3287,117,%B1117402846245937^GCPUVFGCPUVF^2512000000000000000?,%B1117402846245937=3104101629117976?,07/26/28,premium_credit,0
CcS-9073,4492,IT891704062569096709275115,1561987274933670,8431,811,%B1561987274933670^ECGYLMECGYLM^2511000000000000000?,%B1561987274933670=2708101299847236?,12/27/28,debit,0
CcS-9074,4493,SE962673144980149637630950,3148109007427452,2155,814,%B3148109007427452^RXXYXZRXXYXZ^2703000000000000000?,%B3148109007427452=2904101733536510?,05/26/28,credit,0
CcS-9075,4494,DE346594649180959978650928,2416424669704437,8052,325,%B2416424669704437^YIFCZJYIFCZJ^2410000000000000000?,%B2416424669704437=3206101907505218?,11/29/28,credit,0
CcS-9076,4495,ES127252535825299458432669,7233420974455692,1414,600,%B7233420974455692^SOXZMPSOXZMP^2909000000000000000?,%B7233420974455692=2803101802238290?,05/26/28,debit,0
CcS-9077,4496,DE209546230215616257187090,0849066187286329,1430,437,%B0849066187286329^XUTECIXUTECI^2303000000000000000?,%B0849066187286329=2508101102971255?,08/27/28,credit,0
CcS-9078,4497,GB127766213369028131604883,7127189940374676,8746,172,%B7127189940374676^SMLSKDSMLSKD^2706000000000000000?,%B7127189940374676=2801101484837921?,06/28/28,debit,0
CcS-9079,4498,NL203396075168620937395050,4290332876693564,7365,948,%B4290332876693564^SFPVXMSFPVXM^3210000000000000000?,%B4290332876693564=2812101366051727?,09/26/28,credit,0
CcS-9080,4499,PT349315947163333127949446,0418280200875881,5183,624,%B0418280200875881^JFSGXXJFSGXX^2704000000000000000?,%B0418280200875881=2701101666900583?,02/27/28,debit,0
CcS-9081,4500,PT537732012203417668717909,7246305860286040,7805,537,%B7246305860286040^AUYADVAUYADV^2202000000000000000?,%B7246305860286040=2602101838520156?,04/25/28,credit,1
CcS-9082,4501,ES438926435748871475294881,0634340630509906,1457,266,%B0634340630509906^BNSYDPBNSYDP^3308000000000000000?,%B0634340630509906=3409101545969783?,11/25/28,credit,1
CcS-9083,4502,DE712496203627398248986879,8369338266472825,8571,803,%B8369338266472825^DUIZJPDUIZJP^2604000000000000000?,%B8369338266472825=2504101410191590?,10/26/28,credit,0
CcS-9084,4503,IT632291029334976549995877,4771554853956288,8273,709,%B4771554853956288^MRPWHDMRPWHD^2712000000000000000?,%B4771554853956288=2209101566940182?,10/28/28,credit,0
CcS-9085,4504,PT650474616492089679932405,7220157890614582,8254,460,%B7220157890614582^HWQSQRHWQSQR^2201000000000000000?,%B7220157890614582=2205101363186577?,10/27/28,prepaid,0
CcS-9086,4505,US309634168637552126262341,8303087253567157,5938,432,%B8303087253567157^BIQSONBIQSON^3402000000000000000?,%B8303087253567157=2711101879044158?,08/27/28,debit,0
CcS-9087,4506,DE305893943407829288640852,0627828985698070,1987,590,%B0627828985698070^UOCKECUOCKEC^2301000000000000000?,%B0627828985698070=3107101968070053?,05/26/28,prepaid,0
CcS-9088,4507,SE588090935223047523441297,1255833735199187,2779,664,%B1255833735199187^PBBNUJPBBNUJ^3210000000000000000?,%B1255833735199187=2212101890597027?,06/26/28,credit,0
CcS-9089,4508,DE251865308225534452863296,2738929260730917,2510,954,%B2738929260730917^OJDDKLOJDDKL^3301000000000000000?,%B2738929260730917=3202101229170302?,05/28/28,credit,0
CcS-9090,4509,US982694630068528809428634,4984251910690318,6048,397,%B4984251910690318^YBZWDYYBZWDY^2910000000000000000?,%B4984251910690318=2306101895649069?,02/27/28,prepaid,0
CcS-9091,4510,ES313640051419073945531104,1908622279747784,9405,260,%B1908622279747784^JCVZIWJCVZIW^2504000000000000000?,%B1908622279747784=3208101294470760?,12/26/28,debit,0
CcS-9092,4511,GB591226714679258353423235,3393555287357406,1834,362,%B3393555287357406^WSFCXBWSFCXB^2708000000000000000?,%B3393555287357406=2605101131055979?,04/29/28,premium_credit,0
CcS-9093,4512,SE550723337325198460123921,5543661777581973,6383,936,%B5543661777581973^WBCVZHWBCVZH^2510000000000000000?,%B5543661777581973=2610101373579763?,10/25/28,prepaid,1
CcS-9094,4513,NL647091234352718675446305,5897135908394313,1007,844,%B5897135908394313^BUBFLTBUBFLT^3303000000000000000?,%B5897135908394313=2207101595265883?,10/25/28,debit,1
CcS-9095,4514,FR589169126138578869157387,9839400718534894,4158,785,%B9839400718534894^EWXPYAEWXPYA^3009000000000000000?,%B9839400718534894=2411101707567413?,02/25/28,prepaid,1
CcS-9096,4515,US558080961377963359484579,0354398325514302,9761,102,%B0354398325514302^BMCOVNBMCOVN^2608000000000000000?,%B0354398325514302=3205101855843822?,01/29/28,debit,0
CcS-9097,4516,US969119411360422735901757,4325146044429782,7663,873,%B4325146044429782^UKCZYKUKCZYK^2208000000000000000?,%B4325146044429782=2212101801539921?,07/27/28,debit,0
CcS-9098,4517,NL585246350175957708312686,2310561231508215,7139,253,%B2310561231508215^PNIJZBPNIJZB^2902000000000000000?,%B2310561231508215=3105101435765462?,04/27/28,credit,0
CcS-9099,4518,DE704044744858983263557865,9322512229408848,9945,311,%B9322512229408848^PVUGWPPVUGWP^3207000000000000000?,%B9322512229408848=2905101509432391?,01/27/28,credit,0
CcS-9100,4519,SE641514653457935888365397,8559849688458859,4211,539,%B8559849688458859^UYYRLXUYYRLX^3011000000000000000?,%B8559849688458859=3203101824975779?,04/28/28,credit,0
CcS-9101,4520,FR498558775219341850203836,6907288591100271,3430,482,%B6907288591100271^ANOFUMANOFUM^3106000000000000000?,%B6907288591100271=2402101146756906?,04/28/28,credit,0
CcS-9102,4521,GB978064841480629339122697,3733896417743510,6107,339,%B3733896417743510^LHHJRELHHJRE^3208000000000000000?,%B3733896417743510=3201101344240164?,08/27/28,debit,0
CcS-9103,4522,FR489753383141461809832928,6110910649749236,9067,589,%B6110910649749236^LZLFCXLZLFCX^2601000000000000000?,%B6110910649749236=2310101592113984?,12/28/28,prepaid,0
CcS-9104,4523,PT372044892582615671076726,1515793401029487,8822,484,%B1515793401029487^LBMCLZLBMCLZ^3405000000000000000?,%B1515793401029487=2602101294633959?,02/26/28,debit,0
CcS-9105,4524,GB693847941194384168057233,0686118328424149,7076,750,%B0686118328424149^JZAEPQJZAEPQ^3212000000000000000?,%B0686118328424149=3211101823081438?,02/28/28,debit,0
CcS-9106,4525,ES658887525539361183217004,6806022779480185,8242,262,%B6806022779480185^UVIHOPUVIHOP^2306000000000000000?,%B6806022779480185=2504101571430111?,12/25/28,debit,1
CcS-9107,4526,PT403780456982271954110115,7535993871649815,4158,988,%B7535993871649815^YKLGBSYKLGBS^3203000000000000000?,%B7535993871649815=2608101465973308?,02/29/28,credit,0
CcS-9108,4527,NL882392029852185918591699,8606646825306909,1264,131,%B8606646825306909^MVHAGGMVHAGG^2908000000000000000?,%B8606646825306909=2910101909243518?,06/28/28,debit,0
CcS-9109,4528,PT855653093054371654708897,4011294596884183,7697,232,%B4011294596884183^LCCCMTLCCCMT^2512000000000000000?,%B4011294596884183=3009101576179225?,09/29/28,debit,0
CcS-9110,4529,PL314131140994026709858911,7209008149068495,6483,875,%B7209008149068495^OMJEQBOMJEQB^2403000000000000000?,%B7209008149068495=2604101815652524?,10/25/28,prepaid,1
CcS-9111,4530,ES311454258329677986544906,3807392378371651,1856,247,%B3807392378371651^HCGGPCHCGGPC^3304000000000000000?,%B3807392378371651=2610101496895987?,04/27/28,debit,0
CcS-9112,4531,SE298812982349599152684757,2274385901737929,2241,689,%B2274385901737929^JQKDIGJQKDIG^2301000000000000000?,%B2274385901737929=2505101436563319?,01/28/28,credit,0
CcS-9113,4532,CA958614803889408094203090,1680380531473894,1132,895,%B1680380531473894^ZJXADZZJXADZ^3211000000000000000?,%B1680380531473894=3305101258332193?,03/27/28,credit,0
CcS-9114,4533,IT463629342501694464993696,9744863506196613,3498,672,%B9744863506196613^HTTUHCHTTUHC^2701000000000000000?,%B9744863506196613=2708101559207673?,01/27/28,premium_credit,0
CcS-9115,4534,ES478403796981276686818433,6299155965470267,6641,427,%B6299155965470267^SFKEZTSFKEZT^3403000000000000000?,%B6299155965470267=2307101365151194?,01/28/28,debit,0
CcS-9116,4535,CA818325250352269640720088,7321530116739269,9048,704,%B7321530116739269^UFMHOGUFMHOG^2407000000000000000?,%B7321530116739269=3101101254694176?,04/29/28,debit,0
CcS-9117,4536,FR978227815216739368700418,8946564201709656,1082,857,%B8946564201709656^ZLKWBSZLKWBS^2404000000000000000?,%B8946564201709656=2309101688295547?,05/25/28,debit,1
CcS-9118,4537,DE927115383753630907684597,8609265041810020,1582,551,%B8609265041810020^AQICDZAQICDZ^2502000000000000000?,%B8609265041810020=3108101407670893?,03/25/28,premium_credit,1
CcS-9119,4538,PT159990116700401208355275,9979740208261601,3426,619,%B9979740208261601^KJZJNCKJZJNC^3408000000000000000?,%B9979740208261601=2312101173799295?,06/29/28,debit,0
CcS-9120,4539,US466372300285116492302389,2485200380908294,4926,841,%B2485200380908294^TDQYRNTDQYRN^2801000000000000000?,%B2485200380908294=2804101385796302?,04/25/28,premium_credit,1
CcS-9121,4540,DE174472440239554134651799,0749399488134346,5000,100,%B0749399488134346^MBZUGDMBZUGD^3303000000000000000?,%B0749399488134346=3108101155872396?,05/26/28,credit,0
CcS-9122,4541,SE242850271883347382807697,0349323684609895,7837,981,%B0349323684609895^ELOSEFELOSEF^2702000000000000000?,%B0349323684609895=3411101159860604?,06/25/28,debit,1
CcS-9123,4542,PL296302437179941970400179,5709699836064344,9017,191,%B5709699836064344^QMFKHCQMFKHC^2201000000000000000?,%B5709699836064344=2304101556330280?,06/29/28,credit,0
CcS-9124,4543,DE654084919695379986564263,0245936043677115,6538,225,%B0245936043677115^HEOZPBHEOZPB^3210000000000000000?,%B0245936043677115=2308101820804565?,10/28/28,credit,0
CcS-9125,4544,GB274453150350552020762739,9449893114746944,1936,508,%B9449893114746944^VNZORVVNZORV^2510000000000000000?,%B9449893114746944=2808101814202055?,03/28/28,debit,0
CcS-9126,4545,PT858642462157633346987070,7187552904428761,2426,431,%B7187552904428761^LPRLYVLPRLYV^2309000000000000000?,%B7187552904428761=3405101810422564?,12/25/28,debit,1
CcS-9127,4546,DE544835005667031209563839,6254473218628188,9713,462,%B6254473218628188^XADXXNXADXXN^2305000000000000000?,%B6254473218628188=3209101209567436?,06/27/28,debit,0
CcS-9128,4547,SE524226233279084936775790,0818125489749032,9598,836,%B0818125489749032^CVGTIWCVGTIW^3004000000000000000?,%B0818125489749032=3112101678695473?,01/28/28,premium_credit,0
CcS-9129,4548,SE737622183268231817667455,2479962916937145,4043,860,%B2479962916937145^HCOKDNHCOKDN^2205000000000000000?,%B2479962916937145=3312101688575973?,12/27/28,credit,0
CcS-9130,4549,PL653959983794568138160046,1863568050168960,6508,398,%B1863568050168960^VXANXPVXANXP^2903000000000000000?,%B1863568050168960=2512101644055337?,11/29/28,debit,0
CcS-9131,4550,US572538468203418440090624,1950201637483871,1822,902,%B1950201637483871^PWEGDNPWEGDN^2409000000000000000?,%B1950201637483871=3002101548131972?,05/27/28,debit,0
CcS-9132,4551,DE351077471488161809838636,4229195420732629,4797,310,%B4229195420732629^UEHFWBUEHFWB^2810000000000000000?,%B4229195420732629=2901101702265672?,07/27/28,debit,0
CcS-9133,4552,FR555563338764486440726091,8999404081376677,4877,407,%B8999404081376677^IZWGYBIZWGYB^2405000000000000000?,%B8999404081376677=2211101692306875?,07/27/28,credit,0
CcS-9134,4553,PL635561819088650999006628,9665665740923554,7119,257,%B9665665740923554^XEWFIGXEWFIG^2611000000000000000?,%B9665665740923554=2712101638294954?,04/25/28,debit,1
CcS-9135,4554,PL691670445575547671664582,7531750953016650,8727,460,%B7531750953016650^DVPJMNDVPJMN^3205000000000000000?,%B7531750953016650=2404101707781990?,02/25/28,premium_credit,1
CcS-9136,4555,GB117248222942995463270185,7817006515355672,9553,940,%B7817006515355672^GZLVJKGZLVJK^3312000000000000000?,%B7817006515355672=3410101604756866?,02/26/28,premium_credit,0
CcS-9137,4556,CA815741755930827616642237,5736882144888644,5374,147,%B5736882144888644^TGIQKNTGIQKN^2204000000000000000?,%B5736882144888644=2802101685825807?,11/29/28,debit,0
CcS-9138,4557,FR642988056918738800369841,2109588868335214,7570,619,%B2109588868335214^OVQUZYOVQUZY^3205000000000000000?,%B2109588868335214=2401101815620865?,11/29/28,credit,0
CcS-9139,4558,IT543473185031969087357312,6408853860048661,7198,621,%B6408853860048661^KXLNPCKXLNPC^2405000000000000000?,%B6408853860048661=2303101919268862?,06/28/28,debit,0
CcS-9140,4559,ES161199346534979150591970,3754628202530595,7040,926,%B3754628202530595^QJHVCLQJHVCL^2604000000000000000?,%B3754628202530595=2609101548118253?,03/28/28,credit,0
CcS-9141,4560,NL142983795481846617898863,1613597459758697,5928,590,%B1613597459758697^FERRZYFERRZY^3210000000000000000?,%B1613597459758697=3208101890596707?,01/25/28,credit,1
CcS-9142,4561,PL498194655016371789905357,0533567062861456,7744,978,%B0533567062861456^IJABARIJABAR^2510000000000000000?,%B0533567062861456=2704101111073471?,10/28/28,credit,0
CcS-9143,4562,PL812345180724596445045432,1506519237576991,7065,181,%B1506519237576991^KLTHLDKLTHLD^2502000000000000000?,%B1506519237576991=3107101553449029?,01/28/28,debit,0
CcS-9144,4563,PL862282060862460965309635,0645390439443251,3746,280,%B0645390439443251^VUZVMLVUZVML^2507000000000000000?,%B0645390439443251=2711101202787931?,08/25/28,debit,1
CcS-9145,4564,DE626061868871593531968436,7667898538938824,6865,329,%B7667898538938824^VHKFZJVHKFZJ^3203000000000000000?,%B7667898538938824=2304101334101337?,03/26/28,debit,0
CcS-9146,4565,ES437133609273980401155829,4228421883555188,7376,846,%B4228421883555188^PVXGCWPVXGCW^2507000000000000000?,%B4228421883555188=2412101221799258?,05/29/28,credit,0
CcS-9147,4566,ES472357298474716168942815,6288324713437978,4490,797,%B6288324713437978^NXLBHENXLBHE^3102000000000000000?,%B6288324713437978=2205101703829573?,04/27/28,credit,0
CcS-9148,4567,IT257524210897174181418656,6104053816941260,1822,962,%B6104053816941260^OJIBJVOJIBJV^2603000000000000000?,%B6104053816941260=3009101894702012?,12/25/28,debit,1
CcS-9149,4568,SE897385499293296686260575,8627490570809781,3345,994,%B8627490570809781^FZPACJFZPACJ^2511000000000000000?,%B8627490570809781=3401101272735580?,02/27/28,debit,0
CcS-9150,4569,DE616566892849370836511822,7694428324392563,9822,929,%B7694428324392563^KIPJKLKIPJKL^2507000000000000000?,%B7694428324392563=2210101659350961?,02/28/28,debit,0
CcS-9151,4570,DE574937668642741910093498,3679620267352011,4040,176,%B3679620267352011^SWOXXHSWOXXH^2708000000000000000?,%B3679620267352011=3201101750948462?,04/27/28,credit,0
CcS-9152,4571,IT470502218345797746292406,7786342845595971,9932,993,%B7786342845595971^CKINEKCKINEK^2606000000000000000?,%B7786342845595971=2506101851712172?,10/27/28,premium_credit,0
CcS-9153,4572,NL444075908410520553504454,9187937398261210,8461,129,%B9187937398261210^URTWGGURTWGG^2808000000000000000?,%B9187937398261210=2405101638100663?,01/27/28,debit,0
CcS-9154,4573,GB404651120911269030457018,5942939917984067,9310,811,%B5942939917984067^JUCGITJUCGIT^2205000000000000000?,%B5942939917984067=2507101158701202?,07/25/28,debit,1
CcS-9155,4574,GB714522703169443595597131,9470043624660222,1825,217,%B9470043624660222^YMLGARYMLGAR^2205000000000000000?,%B9470043624660222=3111101644268977?,02/26/28,debit,0
CcS-9156,4575,DE235909658476754214213877,4340201486768302,9153,362,%B4340201486768302^VOXZMEVOXZME^3104000000000000000?,%B4340201486768302=2202101763971457?,02/26/28,debit,0
CcS-9157,4576,PT906473787801481046319370,1594207903782488,2174,291,%B1594207903782488^OXQUOIOXQUOI^2707000000000000000?,%B1594207903782488=2901101521135750?,10/26/28,debit,0
CcS-9158,4577,NL281579963490521635298216,7772114203363360,8335,727,%B7772114203363360^GDSGWDGDSGWD^2309000000000000000?,%B7772114203363360=3405101813120152?,08/29/28,credit,0
CcS-9159,4578,NL786914765539759666029634,8353832861306408,8768,401,%B8353832861306408^ZKHJSWZKHJSW^2311000000000000000?,%B8353832861306408=3004101535200911?,05/27/28,debit,0
CcS-9160,4579,CA977587359403016554913372,7437798374814627,4200,241,%B7437798374814627^KWWVEBKWWVEB^2407000000000000000?,%B7437798374814627=2706101946876326?,09/27/28,debit,0
CcS-9161,4580,CA230666334866175986285653,2878370806286809,9459,395,%B2878370806286809^PSZZZRPSZZZR^2412000000000000000?,%B2878370806286809=3011101742726957?,07/26/28,debit,0
CcS-9162,4581,FR276918877534550084653055,5616394707896091,9102,556,%B5616394707896091^UQMDLWUQMDLW^2804000000000000000?,%B5616394707896091=2311101697060477?,05/28/28,debit,0
CcS-9163,4582,NL107999175690213677748573,0923062168213397,2472,901,%B0923062168213397^UTFRSEUTFRSE^2206000000000000000?,%B0923062168213397=3108101847960995?,04/28/28,debit,0
CcS-9164,4583,IT528473317877488480247226,9842719957862548,2782,437,%B9842719957862548^LCDWVKLCDWVK^3109000000000000000?,%B9842719957862548=3102101253079556?,10/28/28,credit,0
CcS-9165,4584,GB895421947710432302394092,5065142516946112,5469,281,%B5065142516946112^YKNSCZYKNSCZ^3202000000000000000?,%B5065142516946112=3002101366794605?,05/28/28,credit,0
CcS-9166,4585,DE647874932870887602843908,4260739890169514,6218,826,%B4260739890169514^TCMOSJTCMOSJ^2404000000000000000?,%B4260739890169514=2802101199638049?,09/25/28,credit,1
CcS-9167,4586,IT531232153710144707978328,9051781562243402,9674,731,%B9051781562243402^MVBBTQMVBBTQ^2412000000000000000?,%B9051781562243402=3011101272964301?,03/27/28,credit,0
CcS-9168,4587,SE601276380651886636898894,0209760484877310,2059,534,%B0209760484877310^HMHMQYHMHMQY^3302000000000000000?,%B0209760484877310=2606101517236360?,04/28/28,debit,0
CcS-9169,4588,FR917981027520456993906885,3529674547530478,6822,206,%B3529674547530478^YUHHLUYUHHLU^2201000000000000000?,%B3529674547530478=3408101985740061?,06/25/28,debit,1
CcS-9170,4589,DE701848114496272609483248,4574886614363484,8994,244,%B4574886614363484^YXMRVRYXMRVR^2611000000000000000?,%B4574886614363484=3309101228878888?,07/28/28,debit,0
CcS-9171,4590,PT698344687673414910710858,3419970212088606,1978,403,%B3419970212088606^KQIINCKQIINC^3301000000000000000?,%B3419970212088606=2306101554003041?,12/25/28,credit,1
CcS-9172,4591,GB665201546528464246764259,2650147469076882,3420,131,%B2650147469076882^SDUYGBSDUYGB^3406000000000000000?,%B2650147469076882=2709101645489464?,12/28/28,debit,0
CcS-9173,4592,PT105664725037233211602592,5779244097165259,5519,740,%B5779244097165259^URPUCPURPUCP^3411000000000000000?,%B5779244097165259=2711101918132952?,11/26/28,debit,0
CcS-9174,4593,DE603038912454744056426786,0635837632951247,3032,884,%B0635837632951247^MIRQKXMIRQKX^3110000000000000000?,%B0635837632951247=3204101176144143?,07/28/28,debit,0
CcS-9175,4594,DE636552478112691937303687,8005617756156623,6263,275,%B8005617756156623^HEGGZQHEGGZQ^3207000000000000000?,%B8005617756156623=2312101855880455?,06/25/28,credit,1
CcS-9176,4595,PT838701721940095372927116,1132073905608674,3462,425,%B1132073905608674^BJJDCRBJJDCR^3408000000000000000?,%B1132073905608674=3307101843282604?,05/27/28,debit,0
CcS-9177,4596,FR156890872545224321907230,5774328833923196,3817,830,%B5774328833923196^PENAYTPENAYT^2406000000000000000?,%B5774328833923196=2410101656382609?,05/29/28,debit,0
CcS-9178,4597,IT703170383230897733079876,4116608358519996,1853,704,%B4116608358519996^IUMBLQIUMBLQ^3308000000000000000?,%B4116608358519996=2401101918396521?,03/28/28,prepaid,0
CcS-9179,4598,PT728925058044461044724433,4365348408345273,8106,734,%B4365348408345273^SQIDOJSQIDOJ^3109000000000000000?,%B4365348408345273=2605101910968594?,08/26/28,credit,0
CcS-9180,4599,SE973625415627322311469481,5294579977306419,5180,381,%B5294579977306419^OIYKPDOIYKPD^2607000000000000000?,%B5294579977306419=3202101883705909?,10/29/28,debit,0
CcS-9181,4600,NL496936596427672305678815,9759973555428075,8361,494,%B9759973555428075^YDNNKJYDNNKJ^2907000000000000000?,%B9759973555428075=3107101514433312?,01/27/28,credit,0
CcS-9182,4601,PT678376880663114057276654,7290710852116112,1572,713,%B7290710852116112^NJPEAGNJPEAG^2811000000000000000?,%B7290710852116112=2512101254545087?,02/29/28,prepaid,0
CcS-9183,4602,IT267952256430635323602264,0007358455021807,6986,464,%B0007358455021807^OAEJMJOAEJMJ^3312000000000000000?,%B0007358455021807=3405101803975458?,06/27/28,debit,0
CcS-9184,4603,PL969354868854800597297070,2195281970821836,1757,629,%B2195281970821836^LKFCCRLKFCCR^2605000000000000000?,%B2195281970821836=2409101238987600?,10/29/28,debit,0
CcS-9185,4604,SE860092101864838118553958,6540925986002410,2566,517,%B6540925986002410^PIVKUQPIVKUQ^2509000000000000000?,%B6540925986002410=2510101589143652?,07/25/28,debit,1
CcS-9186,4605,CA171076451754800095875805,5271585850268736,6691,326,%B5271585850268736^FHQEBBFHQEBB^3007000000000000000?,%B5271585850268736=2206101367881168?,01/28/28,debit,0
CcS-9187,4606,DE396919387814371236175630,1408605351745976,2519,588,%B1408605351745976^PRVLRVPRVLRV^3105000000000000000?,%B1408605351745976=3305101244095305?,06/28/28,credit,0
CcS-9188,4607,SE891950967713856483675056,3374610890658634,2791,872,%B3374610890658634^XKZAIUXKZAIU^2710000000000000000?,%B3374610890658634=3304101675556237?,01/28/28,prepaid,0
CcS-9189,4608,NL190625521492279347064117,9697307352202291,1275,959,%B9697307352202291^NQVZZGNQVZZG^2208000000000000000?,%B9697307352202291=2603101400239144?,05/27/28,premium_credit,0
CcS-9190,4609,PT361997584024946487456682,3692752292063462,8200,892,%B3692752292063462^OYMGNAOYMGNA^2906000000000000000?,%B3692752292063462=3404101631079660?,06/29/28,debit,0
CcS-9191,4610,SE305334241701741612271689,1695809044118416,2580,318,%B1695809044118416^FTOOGDFTOOGD^2408000000000000000?,%B1695809044118416=3103101237537086?,04/27/28,credit,0
CcS-9192,4611,DE364269067287807825335476,7753630974526775,6123,567,%B7753630974526775^YFYOJXYFYOJX^3201000000000000000?,%B7753630974526775=3010101509873743?,07/27/28,credit,0
CcS-9193,4612,DE627924414564841767741428,9269697649844151,6965,499,%B9269697649844151^HIFUGQHIFUGQ^2502000000000000000?,%B9269697649844151=2909101951017690?,06/29/28,credit,0
CcS-9194,4613,PL649535318735524364514872,8190660404998126,1363,713,%B8190660404998126^VCIDIWVCIDIW^2405000000000000000?,%B8190660404998126=3206101817319495?,03/29/28,credit,0
CcS-9195,4614,ES402835428140914898168975,6648870307733056,2102,245,%B6648870307733056^KWPLZBKWPLZB^2411000000000000000?,%B6648870307733056=2705101863498909?,05/28/28,debit,0
CcS-9196,4615,DE844461927099148019528238,6441777839339356,4022,767,%B6441777839339356^AQLJUHAQLJUH^2308000000000000000?,%B6441777839339356=3311101230775070?,01/25/28,debit,1
CcS-9197,4616,FR774755345305226769071625,5314884407039662,3769,773,%B5314884407039662^EMGPOYEMGPOY^3004000000000000000?,%B5314884407039662=2801101937815766?,07/28/28,credit,0
CcS-9198,4617,CA925520923421677494776237,6293038512412458,4997,610,%B6293038512412458^MQMNOVMQMNOV^2204000000000000000?,%B6293038512412458=2312101168365226?,07/26/28,credit,0
CcS-9199,4618,NL441282695111917793278253,8772379935544493,1270,824,%B8772379935544493^FABKQUFABKQU^3002000000000000000?,%B8772379935544493=2903101385651403?,09/25/28,credit,1
CcS-9200,4619,IT208898469411577701949580,0647519821373981,9363,611,%B0647519821373981^XVHYUOXVHYUO^2904000000000000000?,%B0647519821373981=3108101470243788?,04/28/28,premium_credit,0
CcS-9201,4620,US969859123782593669186581,9107973328803971,5640,743,%B9107973328803971^MOOKFQMOOKFQ^2207000000000000000?,%B9107973328803971=2812101917246655?,08/27/28,debit,0
CcS-9202,4621,PL688408316344057771883982,4027014896603060,4335,259,%B4027014896603060^RKIAUORKIAUO^2301000000000000000?,%B4027014896603060=2906101668211335?,08/26/28,prepaid,0
CcS-9203,4622,FR841675442499029205968542,1232609335752509,5314,465,%B1232609335752509^HTBAOBHTBAOB^2505000000000000000?,%B1232609335752509=2307101839154001?,02/28/28,debit,0
CcS-9204,4623,PL697561297153702364180910,4285175613523662,7891,508,%B4285175613523662^IIORSQIIORSQ^2510000000000000000?,%B4285175613523662=3007101509174481?,05/27/28,credit,0
CcS-9205,4624,GB870796074823302332753179,9798916417791060,5176,442,%B9798916417791060^YKMONRYKMONR^3106000000000000000?,%B9798916417791060=3305101132330287?,03/28/28,debit,0
CcS-9206,4625,IT111060196243330483428110,3255229386703356,6477,838,%B3255229386703356^VFATYGVFATYG^2610000000000000000?,%B3255229386703356=3306101682070095?,07/29/28,credit,0
CcS-9207,4626,NL545616403871350208637821,0574198035270681,2973,251,%B0574198035270681^MOKRBGMOKRBG^3011000000000000000?,%B0574198035270681=2710101370458686?,05/28/28,prepaid,0
CcS-9208,4627,PL762470560610931873678437,4872073888518200,6139,936,%B4872073888518200^XDGPXPXDGPXP^2709000000000000000?,%B4872073888518200=3204101113945010?,12/28/28,debit,0
CcS-9209,4628,DE212572917947355041171074,2526855819795344,9373,447,%B2526855819795344^CAIPNKCAIPNK^2808000000000000000?,%B2526855819795344=3410101638018690?,11/26/28,debit,0
CcS-9210,4629,PL331718027802814151945877,5542245093247752,4776,584,%B5542245093247752^ZOQIQQZOQIQQ^3408000000000000000?,%B5542245093247752=2804101580507345?,02/29/28,debit,0
CcS-9211,4630,US520709720832813275182580,6258754039609647,4659,183,%B6258754039609647^KAVHEOKAVHEO^2405000000000000000?,%B6258754039609647=2305101514431588?,01/26/28,debit,0
CcS-9212,4631,US669889159163875328523733,1120015379249348,9316,495,%B1120015379249348^YYVOMNYYVOMN^3408000000000000000?,%B1120015379249348=2305101272293997?,01/26/28,debit,0
CcS-9213,4632,SE241602926968159610249219,7108353165050763,9582,678,%B7108353165050763^CKRUYZCKRUYZ^3210000000000000000?,%B7108353165050763=2807101638329877?,04/25/28,premium_credit,1
CcS-9214,4633,ES205731497883209928441428,9431464347649038,9122,777,%B9431464347649038^HTXHPRHTXHPR^2910000000000000000?,%B9431464347649038=3303101928525389?,08/26/28,debit,0
CcS-9215,4634,CA401047086863765202667099,8944750801105028,7826,711,%B8944750801105028^YYFWMOYYFWMO^3407000000000000000?,%B8944750801105028=2707101403873562?,05/25/28,debit,1
CcS-9216,4635,GB819355279412987170092483,0938898954182388,4156,503,%B0938898954182388^CKLMUKCKLMUK^2804000000000000000?,%B0938898954182388=2406101886595891?,09/25/28,debit,1
CcS-9217,4636,GB216285334147833722051938,5629701863929863,4751,133,%B5629701863929863^RSPMUORSPMUO^2705000000000000000?,%B5629701863929863=2403101944516155?,12/26/28,debit,0
CcS-9218,4637,GB416712023162511531766637,1184504148644080,3571,696,%B1184504148644080^LPAXGPLPAXGP^3406000000000000000?,%B1184504148644080=2412101149877382?,11/28/28,debit,0
CcS-9219,4638,SE974082000756503585523618,0471959799796832,9745,461,%B0471959799796832^YIURPCYIURPC^2211000000000000000?,%B0471959799796832=2906101769916135?,05/27/28,debit,0
CcS-9220,4639,FR262101954606116501220214,2671425600294897,1520,793,%B2671425600294897^ZSLPIHZSLPIH^3311000000000000000?,%B2671425600294897=2406101803680226?,12/29/28,credit,0
CcS-9221,4640,CA872734653764901205971107,6566818830934174,4210,375,%B6566818830934174^THLTKFTHLTKF^2312000000000000000?,%B6566818830934174=3401101650022941?,06/26/28,debit,0
CcS-9222,4641,CA775313717193926799466529,1524268285866340,6004,521,%B1524268285866340^SQUAZXSQUAZX^3303000000000000000?,%B1524268285866340=2909101643372559?,01/25/28,debit,1
CcS-9223,4642,DE348941791256185726363021,5744211061194051,2217,585,%B5744211061194051^SKVZQZSKVZQZ^3412000000000000000?,%B5744211061194051=2701101818864010?,10/28/28,debit,0
CcS-9224,4643,FR685495390871877012730454,8057388201716585,6024,475,%B8057388201716585^TZIPRATZIPRA^2602000000000000000?,%B8057388201716585=2501101625753146?,11/26/28,debit,0
CcS-9225,4644,NL483774196142200384895523,1516011136714457,5941,358,%B1516011136714457^FHQKFLFHQKFL^3208000000000000000?,%B1516011136714457=2903101736421174?,09/25/28,credit,1
CcS-9226,4645,NL443397997236413716149912,1422725683981401,6539,285,%B1422725683981401^NLZWAANLZWAA^2507000000000000000?,%B1422725683981401=2812101855545898?,01/29/28,debit,0
CcS-9227,4646,SE583136057576264296216004,3961792426484511,9100,327,%B3961792426484511^TQUMFOTQUMFO^2907000000000000000?,%B3961792426484511=3311101898443209?,06/29/28,debit,0
CcS-9228,4647,PT330870625910467461009024,3828241683599387,1555,851,%B3828241683599387^FTEJVEFTEJVE^2802000000000000000?,%B3828241683599387=3008101770859712?,08/27/28,debit,0
CcS-9229,4648,PL641857317131479211524152,2603931167430799,9102,621,%B2603931167430799^BTCMBFBTCMBF^2408000000000000000?,%B2603931167430799=2701101674767590?,03/29/28,credit,0
CcS-9230,4649,DE823442124734769973118104,6273861579768196,1521,550,%B6273861579768196^QGJNCKQGJNCK^2205000000000000000?,%B6273861579768196=2610101783149382?,04/26/28,debit,0
CcS-9231,4650,PT835381350110800308776986,0224190737264631,4587,995,%B0224190737264631^GSLVVIGSLVVI^3106000000000000000?,%B0224190737264631=3204101205726034?,04/29/28,credit,0
CcS-9232,4651,FR447052100023351435230465,4338388826389662,3492,874,%B4338388826389662^WTRDLNWTRDLN^2910000000000000000?,%B4338388826389662=2208101804093050?,09/29/28,debit,0
CcS-9233,4652,IT950709925281806715610928,5202035108050952,1950,904,%B5202035108050952^VSRBFKVSRBFK^3102000000000000000?,%B5202035108050952=2905101731596951?,03/28/28,credit,0
CcS-9234,4653,GB285860151758103975269077,7107713187994302,1291,857,%B7107713187994302^FGFCYZFGFCYZ^2808000000000000000?,%B7107713187994302=3411101895226029?,12/25/28,debit,1
CcS-9235,4654,PL590261640720251153313159,9685222336925426,3435,454,%B9685222336925426^MLZMREMLZMRE^3107000000000000000?,%B9685222336925426=3010101567700605?,09/29/28,premium_credit,0
CcS-9236,4655,NL147521889084816007767671,4319522677060757,3838,228,%B4319522677060757^IBZZYTIBZZYT^2511000000000000000?,%B4319522677060757=3007101415227092?,03/27/28,credit,0
CcS-9237,4656,CA240367457772276191720176,4719270940508388,3487,848,%B4719270940508388^KLXGFFKLXGFF^2602000000000000000?,%B4719270940508388=2902101887306398?,12/29/28,credit,0
CcS-9238,4657,ES502679688519079087799465,5106420720519551,7625,436,%B5106420720519551^KDLBWQKDLBWQ^2605000000000000000?,%B5106420720519551=2307101419582718?,01/27/28,debit,0
CcS-9239,4658,NL104810121064132529862931,3461803755494787,7062,477,%B3461803755494787^YPIDQWYPIDQW^2712000000000000000?,%B3461803755494787=2607101811767076?,01/26/28,debit,0
CcS-9240,4659,DE155333486406862476498936,2188639679380675,9748,977,%B2188639679380675^SXVSGKSXVSGK^2605000000000000000?,%B2188639679380675=2412101160935294?,05/25/28,premium_credit,1
CcS-9241,4660,FR344680103873955207546574,8293448938064965,8872,885,%B8293448938064965^HCIURIHCIURI^2903000000000000000?,%B8293448938064965=3306101107677135?,11/29/28,debit,0
CcS-9242,4661,US784614532858829359209220,3615131871402141,2619,908,%B3615131871402141^YIVVNNYIVVNN^2711000000000000000?,%B3615131871402141=3205101994873354?,01/29/28,premium_credit,0
CcS-9243,4662,SE733142363300522531024534,0884189968580897,1066,920,%B0884189968580897^QOCQCGQOCQCG^2901000000000000000?,%B0884189968580897=2202101841265714?,11/29/28,debit,0
CcS-9244,4663,NL185873498466761766410506,0430810841411060,8954,192,%B0430810841411060^ATRDEVATRDEV^3211000000000000000?,%B0430810841411060=2205101770743410?,05/28/28,debit,0
CcS-9245,4664,GB465097136114938638187941,6375819017858465,5707,764,%B6375819017858465^KDXOUMKDXOUM^2502000000000000000?,%B6375819017858465=2908101142175450?,10/26/28,debit,0
CcS-9246,4665,CA671816817606530908419428,6993177584228343,3276,992,%B6993177584228343^CIMKMSCIMKMS^2804000000000000000?,%B6993177584228343=2604101611017928?,07/28/28,credit,0
CcS-9247,4666,NL579311110221432427141804,0095696074204302,5594,901,%B0095696074204302^JEFUBIJEFUBI^3311000000000000000?,%B0095696074204302=3007101912272955?,01/27/28,credit,0
CcS-9248,4667,US483280695039020104512160,2718723041583040,4014,415,%B2718723041583040^WHVAHCWHVAHC^3207000000000000000?,%B2718723041583040=3209101398897490?,05/27/28,credit,0
CcS-9249,4668,GB948601513078878325204938,5812637744410298,5821,284,%B5812637744410298^CXXXLXCXXXLX^3402000000000000000?,%B5812637744410298=2712101577498232?,11/28/28,prepaid,0
CcS-9250,4669,GB801081654175739582850341,9839236734843338,1752,337,%B9839236734843338^INRULJINRULJ^3210000000000000000?,%B9839236734843338=2207101141352288?,09/29/28,credit,0
CcS-9251,4670,FR249384589638348795560379,7187774918156359,2770,622,%B7187774918156359^JDBPXIJDBPXI^2610000000000000000?,%B7187774918156359=3305101655660964?,09/25/28,credit,1
CcS-9252,4671,GB986164959007960910169968,2985531188892407,6561,941,%B2985531188892407^TQWTGHTQWTGH^2202000000000000000?,%B2985531188892407=2605101338285852?,03/25/28,credit,1
CcS-9253,4672,SE696765932443231679004646,8718103554921390,9574,214,%B8718103554921390^UDLYMQUDLYMQ^2703000000000000000?,%B8718103554921390=3207101888345790?,09/27/28,debit,0
CcS-9254,4673,US683436441007081717875633,4804401066492357,8961,277,%B4804401066492357^EHHIJEEHHIJE^3109000000000000000?,%B4804401066492357=2501101893371643?,05/27/28,credit,0
CcS-9255,4674,PT498472328098709939019142,1795560988490280,7125,152,%B1795560988490280^PUJNWXPUJNWX^3010000000000000000?,%B1795560988490280=2905101892999700?,07/25/28,debit,1
CcS-9256,4675,DE799459406593969698055578,1392658776716728,5275,859,%B1392658776716728^EYPMBWEYPMBW^3101000000000000000?,%B1392658776716728=3401101546039566?,09/25/28,debit,1
CcS-9257,4676,ES714185976572906941399114,9992357915163535,7128,619,%B9992357915163535^OZJJNIOZJJNI^2808000000000000000?,%B9992357915163535=2405101570601722?,09/27/28,debit,0
CcS-9258,4677,IT496950090209340420340151,4524735259461009,3950,352,%B4524735259461009^JOQKARJOQKAR^3009000000000000000?,%B4524735259461009=2306101641693112?,01/28/28,debit,0
CcS-9259,4678,CA127932171704856075005898,7374340989330798,3230,665,%B7374340989330798^SCSDPOSCSDPO^3303000000000000000?,%B7374340989330798=3202101524002445?,11/27/28,credit,0
CcS-9260,4679,IT419207726752366254780370,3910035844257410,4171,826,%B3910035844257410^KPDVGWKPDVGW^2705000000000000000?,%B3910035844257410=3411101790081102?,04/27/28,credit,0
CcS-9261,4680,US819176467667617768722929,1233417269202692,4223,280,%B1233417269202692^NBHLAKNBHLAK^2311000000000000000?,%B1233417269202692=3207101247581912?,06/29/28,credit,0
CcS-9262,4681,ES269765133218582740941259,1543054828329533,8714,175,%B1543054828329533^MHXPNNMHXPNN^2612000000000000000?,%B1543054828329533=3102101550049978?,05/26/28,premium_credit,0
CcS-9263,4682,IT491094911949633900132705,0100753842600490,6699,317,%B0100753842600490^LIXJAYLIXJAY^2305000000000000000?,%B0100753842600490=3305101668942647?,09/25/28,debit,1
CcS-9264,4683,GB460622810381982770572830,1558398142705980,6301,868,%B1558398142705980^AAUGYQAAUGYQ^3002000000000000000?,%B1558398142705980=2503101549242353?,10/25/28,debit,1
CcS-9265,4684,CA615665507292023415090382,9292154414255454,9015,608,%B9292154414255454^KPBYIXKPBYIX^3201000000000000000?,%B9292154414255454=3210101649460907?,03/26/28,credit,0
CcS-9266,4685,FR554634651645931008887890,1182413615031436,8111,388,%B1182413615031436^JZBEEDJZBEED^3208000000000000000?,%B1182413615031436=3002101757726591?,01/26/28,credit,0
CcS-9267,4686,FR167737103827294546333809,3998017483614227,5764,944,%B3998017483614227^ZGDSIAZGDSIA^2409000000000000000?,%B3998017483614227=2906101443862482?,07/27/28,debit,0
CcS-9268,4687,ES349878566780418391969476,0687838224873274,9127,740,%B0687838224873274^WHTBFLWHTBFL^3205000000000000000?,%B0687838224873274=2306101640571850?,08/27/28,debit,0
CcS-9269,4688,PT847648123975902095316829,7949141535394354,2745,859,%B7949141535394354^TQJZKLTQJZKL^2808000000000000000?,%B7949141535394354=3010101230379397?,08/26/28,credit,0
CcS-9270,4689,NL218095053245211832986457,4848796232576923,4480,601,%B4848796232576923^WBPURUWBPURU^2401000000000000000?,%B4848796232576923=3003101441304335?,07/28/28,credit,0
CcS-9271,4690,ES798491314291774443926007,0288607887336357,4967,721,%B0288607887336357^QAALRRQAALRR^2806000000000000000?,%B0288607887336357=3312101917532220?,12/25/28,debit,1
CcS-9272,4691,FR504220614058864910279194,0431956339757129,8285,108,%B0431956339757129^VOXCDQVOXCDQ^3212000000000000000?,%B0431956339757129=2901101290598191?,05/25/28,credit,1
CcS-9273,4692,ES599770335847229664845780,0556136228659991,4210,193,%B0556136228659991^ITPZKEITPZKE^2602000000000000000?,%B0556136228659991=2811101961006316?,11/25/28,debit,1
CcS-9274,4693,PL203643839543693529948496,4363828816839473,6817,711,%B4363828816839473^XEOUUBXEOUUB^2710000000000000000?,%B4363828816839473=2512101524459361?,06/27/28,prepaid,0
CcS-9275,4694,PL497189431719828388432935,3401119746485647,5402,104,%B3401119746485647^FBVQHQFBVQHQ^3209000000000000000?,%B3401119746485647=3106101942215764?,08/29/28,debit,0
CcS-9276,4695,GB162985324766647783356831,7905395000422167,1001,579,%B7905395000422167^LHCVVMLHCVVM^2711000000000000000?,%B7905395000422167=2902101722350876?,05/28/28,premium_credit,0
CcS-9277,4696,ES767856875113637520807245,7861209659666691,8233,614,%B7861209659666691^BGVERJBGVERJ^2408000000000000000?,%B7861209659666691=2808101732803214?,11/27/28,debit,0
CcS-9278,4697,ES670839787463462024181450,4802064699667425,9608,835,%B4802064699667425^MPLVEJMPLVEJ^3005000000000000000?,%B4802064699667425=2302101789872345?,07/27/28,credit,0
CcS-9279,4698,CA868510701162590624239338,4017924808829180,2587,449,%B4017924808829180^RSBOPIRSBOPI^2402000000000000000?,%B4017924808829180=2208101979627216?,03/28/28,debit,0
CcS-9280,4699,IT308748789557293091512084,8165048227521791,6904,490,%B8165048227521791^ZMNASDZMNASD^3207000000000000000?,%B8165048227521791=3410101583712194?,10/26/28,debit,0
CcS-9281,4700,NL864118644678502170621374,0414863046384818,1861,150,%B0414863046384818^WCRJMJWCRJMJ^2707000000000000000?,%B0414863046384818=2911101961859579?,01/25/28,debit,1
CcS-9282,4701,NL242136263039916432036748,1440137671127849,6919,273,%B1440137671127849^MCXTYJMCXTYJ^2705000000000000000?,%B1440137671127849=2610101534000523?,08/29/28,debit,0
CcS-9283,4702,US194561773057754179191237,8249864821601050,2400,751,%B8249864821601050^BQFSGZBQFSGZ^2605000000000000000?,%B8249864821601050=2305101138563824?,06/29/28,debit,0
CcS-9284,4703,PT776321268948742784749531,1370738777128455,3268,967,%B1370738777128455^TGDUECTGDUEC^2608000000000000000?,%B1370738777128455=2712101766908891?,12/27/28,credit,0
CcS-9285,4704,NL922567921922534019057699,3518913750021837,4835,145,%B3518913750021837^ZALIJBZALIJB^2310000000000000000?,%B3518913750021837=3112101292666472?,06/28/28,debit,0
CcS-9286,4705,CA643079317290383644921417,6579262318265143,8621,613,%B6579262318265143^EYVDVCEYVDVC^3110000000000000000?,%B6579262318265143=3003101817742077?,06/26/28,debit,0
CcS-9287,4706,DE764436158000563997185525,3575240592800782,4478,691,%B3575240592800782^NDWIQGNDWIQG^2809000000000000000?,%B3575240592800782=3104101412245118?,07/25/28,debit,1
CcS-9288,4707,DE554140738166539272517740,2002621273059421,1369,762,%B2002621273059421^SRQGHFSRQGHF^3401000000000000000?,%B2002621273059421=2911101389836255?,05/26/28,credit,0
CcS-9289,4708,IT798472032591620943290014,3921114892388363,9497,395,%B3921114892388363^PRMJRGPRMJRG^2903000000000000000?,%B3921114892388363=2401101431396258?,04/25/28,credit,1
CcS-9290,4709,SE690970011152946236943611,6462910385879551,6530,831,%B6462910385879551^CBDIUUCBDIUU^2203000000000000000?,%B6462910385879551=3003101853337432?,07/25/28,credit,1
CcS-9291,4710,IT470989269407164545435416,6122509806079727,6014,915,%B6122509806079727^DSRZBODSRZBO^3307000000000000000?,%B6122509806079727=2203101244247297?,12/29/28,credit,0
CcS-9292,4711,CA760553952517588255385717,2292311854004383,2091,555,%B2292311854004383^UVKSUKUVKSUK^3111000000000000000?,%B2292311854004383=2601101319587659?,10/25/28,credit,1
CcS-9293,4712,PL753680720113648425060225,8694909944768956,6204,505,%B8694909944768956^YLTFWCYLTFWC^3201000000000000000?,%B8694909944768956=2711101325565212?,03/25/28,debit,1
CcS-9294,4713,FR439216444693032075961696,9905956087984517,4449,208,%B9905956087984517^VXEWRVVXEWRV^3304000000000000000?,%B9905956087984517=3303101273348688?,02/25/28,credit,1
CcS-9295,4714,PL899026162402839533325560,7662794675518242,4881,363,%B7662794675518242^QOPOQGQOPOQG^2708000000000000000?,%B7662794675518242=2701101321139012?,01/26/28,debit,0
CcS-9296,4715,DE489783479391777668109935,1589331837801104,7653,763,%B1589331837801104^CJCXLWCJCXLW^2709000000000000000?,%B1589331837801104=3104101357663854?,09/25/28,premium_credit,1
CcS-9297,4716,PT768121629615283587934226,5511576413321902,8634,287,%B5511576413321902^EUJEPBEUJEPB^3103000000000000000?,%B5511576413321902=3306101117767130?,02/27/28,debit,0
CcS-9298,4717,DE523499852255682598905574,9118455155522127,9108,490,%B9118455155522127^NXQXFQNXQXFQ^3011000000000000000?,%B9118455155522127=2601101814804072?,12/26/28,prepaid,0
CcS-9299,4718,PL552477742413369774872879,0193095574571180,5022,607,%B0193095574571180^WVXHZJWVXHZJ^3301000000000000000?,%B0193095574571180=3406101582801366?,12/25/28,credit,1
CcS-9300,4719,CA731178773427265507833757,2134236456879358,5000,961,%B2134236456879358^IYRQONIYRQON^2302000000000000000?,%B2134236456879358=3411101466548622?,02/29/28,credit,0
CcS-9301,4720,GB973104998760931892841935,0579314699257123,9557,103,%B0579314699257123^KXQFPYKXQFPY^3012000000000000000?,%B0579314699257123=2908101759224591?,10/28/28,credit,0
CcS-9302,4721,NL873962918853163291196793,8226562842847756,6792,682,%B8226562842847756^HLFJFYHLFJFY^3303000000000000000?,%B8226562842847756=2602101585659901?,09/28/28,credit,0
CcS-9303,4722,SE822967949523201969204005,9980498957345966,9054,427,%B9980498957345966^ORBHHXORBHHX^3410000000000000000?,%B9980498957345966=2411101596303756?,04/26/28,credit,0
CcS-9304,4723,ES686197618611448042241333,4999985719849825,6535,689,%B4999985719849825^PIMCWCPIMCWC^2606000000000000000?,%B4999985719849825=3108101105327267?,09/25/28,credit,1
CcS-9305,4724,GB557036014668291076818973,9976614148403007,8151,355,%B9976614148403007^UVJDPUUVJDPU^2405000000000000000?,%B9976614148403007=2809101613035477?,04/25/28,debit,1
CcS-9306,4725,FR663404888201649167170883,4066350335595935,9652,460,%B4066350335595935^XKSVJHXKSVJH^3003000000000000000?,%B4066350335595935=2310101291522894?,03/25/28,debit,1
CcS-9307,4726,IT257350908465295099424222,9178330393755393,8127,291,%B9178330393755393^BDKOHPBDKOHP^3105000000000000000?,%B9178330393755393=2802101883682097?,05/25/28,credit,1
CcS-9308,4727,GB186631768648734398640514,1334003686007775,2205,203,%B1334003686007775^ELLLDIELLLDI^2608000000000000000?,%B1334003686007775=2810101544241401?,09/28/28,debit,0
CcS-9309,4728,CA149881386418169838767362,9442346982103410,4746,509,%B9442346982103410^CAFFDFCAFFDF^2204000000000000000?,%B9442346982103410=3007101450158519?,11/27/28,prepaid,0
CcS-9310,4729,US891675335785293424736060,7424650188138464,9217,803,%B7424650188138464^DGITKADGITKA^3405000000000000000?,%B7424650188138464=3208101338003934?,03/28/28,debit,0
CcS-9311,4730,CA152776649803531116418160,0842724920909619,5037,681,%B0842724920909619^YGTNDLYGTNDL^3207000000000000000?,%B0842724920909619=2410101789489929?,12/28/28,debit,0
CcS-9312,4731,SE224697127453073817857390,8732204021355085,4519,456,%B8732204021355085^SJPXTRSJPXTR^2508000000000000000?,%B8732204021355085=3007101993962518?,10/29/28,prepaid,0
CcS-9313,4732,SE360845782125017757743690,9574778433018219,3429,656,%B9574778433018219^UGXDFKUGXDFK^3404000000000000000?,%B9574778433018219=2904101293007801?,08/25/28,credit,1
CcS-9314,4733,DE127525534455210073479636,3077327123460761,6588,216,%B3077327123460761^ZSXJYTZSXJYT^3311000000000000000?,%B3077327123460761=2503101584027048?,09/25/28,credit,1
CcS-9315,4734,NL745529844030906473893128,3020902218623261,4359,503,%B3020902218623261^WISRYKWISRYK^2701000000000000000?,%B3020902218623261=2810101220554924?,09/25/28,debit,1
CcS-9316,4735,CA271172225313269306383655,6796842964253914,8451,543,%B6796842964253914^XIVTTUXIVTTU^2306000000000000000?,%B6796842964253914=2306101942387009?,10/25/28,debit,1
CcS-9317,4736,DE414308280681291675040201,1858324774384756,6429,759,%B1858324774384756^XWPVZXXWPVZX^2604000000000000000?,%B1858324774384756=3101101402753253?,08/26/28,debit,0
CcS-9318,4737,PT380663133884662826686491,4167155318177897,5363,431,%B4167155318177897^QLWNGXQLWNGX^3310000000000000000?,%B4167155318177897=3106101546268694?,11/29/28,debit,0
CcS-9319,4738,IT839058200885284730173043,3624597214720089,4512,256,%B3624597214720089^XNDXVNXNDXVN^3108000000000000000?,%B3624597214720089=2412101590992917?,04/26/28,credit,0
CcS-9320,4739,GB543754939103181155323471,1122477503581400,6846,412,%B1122477503581400^CRJLKWCRJLKW^2801000000000000000?,%B1122477503581400=2606101519587743?,09/29/28,credit,0
CcS-9321,4740,FR665624121907262675800135,5795392556781049,9474,654,%B5795392556781049^NNDJLPNNDJLP^2308000000000000000?,%B5795392556781049=2405101752125984?,09/25/28,credit,1
CcS-9322,4741,NL924188634058958142610967,3673996242306685,2918,440,%B3673996242306685^BSXBEKBSXBEK^3106000000000000000?,%B3673996242306685=2807101978124699?,11/25/28,credit,1
CcS-9323,4742,IT312493998087585635249331,1753404142686285,4486,789,%B1753404142686285^JCTZEZJCTZEZ^2302000000000000000?,%B1753404142686285=2906101954952024?,01/29/28,debit,0
CcS-9324,4743,PL818056836754102749488879,1279704054396985,9855,766,%B1279704054396985^AQSHGDAQSHGD^3011000000000000000?,%B1279704054396985=3001101316889305?,01/27/28,debit,0
CcS-9325,4744,US874547059941769411075153,5304045717198302,3918,479,%B5304045717198302^CTHYCACTHYCA^2702000000000000000?,%B5304045717198302=2905101298616949?,12/28/28,debit,0
CcS-9326,4745,GB198279745432750731411954,5868197243007337,2057,883,%B5868197243007337^LZDCXKLZDCXK^2308000000000000000?,%B5868197243007337=3005101274323935?,10/28/28,credit,0
CcS-9327,4746,IT319277373933550328980181,0121233314381884,6721,606,%B0121233314381884^PHWGMIPHWGMI^2701000000000000000?,%B0121233314381884=3003101475338212?,04/28/28,credit,0
CcS-9328,4747,IT124605769740244824114817,5221197251929836,1533,809,%B5221197251929836^LEWGGDLEWGGD^2602000000000000000?,%B5221197251929836=2703101729960276?,05/28/28,debit,0
CcS-9329,4748,PL961364277732756095262129,7279466569561284,2854,138,%B7279466569561284^JALPLTJALPLT^2408000000000000000?,%B7279466569561284=2601101349461544?,06/29/28,credit,0
CcS-9330,4749,SE367828244801543208064139,0342854165580658,8949,184,%B0342854165580658^XBUVBLXBUVBL^3310000000000000000?,%B0342854165580658=3001101107276702?,03/29/28,credit,0
CcS-9331,4750,GB336370876736464199424457,7750108187701484,3923,100,%B7750108187701484^NNRCDHNNRCDH^2512000000000000000?,%B7750108187701484=2306101910467597?,05/26/28,debit,0
CcS-9332,4751,US105791419124547647335451,1904624122964248,4958,609,%B1904624122964248^EJJGTOEJJGTO^2611000000000000000?,%B1904624122964248=2812101165526671?,11/25/28,credit,1
CcS-9333,4752,DE836122835755917068892072,0108373777034549,5847,470,%B0108373777034549^XLYKOQXLYKOQ^2204000000000000000?,%B0108373777034549=2908101790407944?,05/26/28,debit,0
CcS-9334,4753,NL187438121135367630426394,4800625520187456,2031,669,%B4800625520187456^HGLVSCHGLVSC^2608000000000000000?,%B4800625520187456=3406101445834673?,01/25/28,debit,1
CcS-9335,4754,NL530316236536957984583960,5509406454415400,8066,115,%B5509406454415400^QXUGIGQXUGIG^2904000000000000000?,%B5509406454415400=3010101396895901?,06/26/28,credit,0
CcS-9336,4755,ES783972126470644472007433,7444082298399729,5004,654,%B7444082298399729^DLMFYCDLMFYC^2210000000000000000?,%B7444082298399729=2905101445855241?,03/28/28,credit,0
CcS-9337,4756,GB185630329572716292791873,8650900337038679,7261,136,%B8650900337038679^KTMGQMKTMGQM^2909000000000000000?,%B8650900337038679=3208101483449619?,07/28/28,debit,0
CcS-9338,4757,ES769877070901146530438543,0540618486378596,9410,297,%B0540618486378596^OKQNQNOKQNQN^2704000000000000000?,%B0540618486378596=2701101396372604?,11/29/28,debit,0
CcS-9339,4758,ES720452257196001840518603,5302057484033128,1460,362,%B5302057484033128^QBSLQOQBSLQO^3201000000000000000?,%B5302057484033128=3206101615660906?,03/25/28,credit,1
CcS-9340,4759,US410644863037096529671795,1570637111527699,7098,715,%B1570637111527699^SVGUTFSVGUTF^3309000000000000000?,%B1570637111527699=2210101571425502?,09/27/28,debit,0
CcS-9341,4760,GB449463904690409608929173,9129871917583519,2184,362,%B9129871917583519^JVEBGVJVEBGV^2603000000000000000?,%B9129871917583519=2802101912123972?,09/27/28,debit,0
CcS-9342,4761,FR929006697649616576650561,4761964222518145,3786,101,%B4761964222518145^ZFCGMJZFCGMJ^2802000000000000000?,%B4761964222518145=2610101725330927?,12/29/28,credit,0
CcS-9343,4762,IT546018626771384840430326,4252194797288749,6433,304,%B4252194797288749^YVWKCWYVWKCW^2304000000000000000?,%B4252194797288749=2712101772042491?,10/26/28,credit,0
CcS-9344,4763,CA123978475169196960899856,8169884992318620,9992,842,%B8169884992318620^OSTBMNOSTBMN^2705000000000000000?,%B8169884992318620=3410101590588961?,07/29/28,debit,0
CcS-9345,4764,FR387257174471288820609522,4711417218452389,1645,635,%B4711417218452389^TETLPLTETLPL^3307000000000000000?,%B4711417218452389=2912101978384282?,07/26/28,premium_credit,0
CcS-9346,4765,GB326078575303617807923543,5661539777707512,8117,711,%B5661539777707512^UNAASVUNAASV^2703000000000000000?,%B5661539777707512=3008101447565552?,01/26/28,debit,0
CcS-9347,4766,ES278183173128599461898997,4011069419089234,9718,973,%B4011069419089234^EQEBKJEQEBKJ^2205000000000000000?,%B4011069419089234=2611101928572519?,08/27/28,credit,0
CcS-9348,4767,NL552283709377946822732989,6887341771996341,9454,987,%B6887341771996341^JAIAJCJAIAJC^2505000000000000000?,%B6887341771996341=3403101105918084?,11/26/28,debit,0
CcS-9349,4768,PT897530731590685429610133,4994420961257536,2354,161,%B4994420961257536^GYXQOVGYXQOV^2609000000000000000?,%B4994420961257536=2906101165567524?,01/28/28,credit,0
CcS-9350,4769,CA203474096730993934730039,7623553186009351,1609,142,%B7623553186009351^SFPGTGSFPGTG^2803000000000000000?,%B7623553186009351=2210101940028089?,09/28/28,credit,0
CcS-9351,4770,IT516469488279446007148034,7489010668190563,6238,710,%B7489010668190563^GTWDPLGTWDPL^3012000000000000000?,%B7489010668190563=3406101192667541?,09/25/28,credit,1
CcS-9352,4771,PL257582948762882800027565,2486531897807959,3667,879,%B2486531897807959^EFQRMTEFQRMT^2212000000000000000?,%B2486531897807959=3411101331880571?,02/29/28,credit,0
CcS-9353,4772,NL744674740403751205995201,4704440345511208,7725,644,%B4704440345511208^DAFBOVDAFBOV^2812000000000000000?,%B4704440345511208=2204101791302526?,08/27/28,debit,0
CcS-9354,4773,NL210765617607699125537912,9107854195095077,3799,120,%B9107854195095077^UCJOWIUCJOWI^3105000000000000000?,%B9107854195095077=3312101781820625?,12/28/28,debit,0
CcS-9355,4774,GB369855571195695295920331,7335885091531659,2426,156,%B7335885091531659^TGFBDVTGFBDV^2807000000000000000?,%B7335885091531659=3103101536425523?,08/27/28,credit,0
CcS-9356,4775,PL444015260625000519785869,3536860706341949,6052,379,%B3536860706341949^TPQYIMTPQYIM^2305000000000000000?,%B3536860706341949=2905101920992075?,07/27/28,debit,0
CcS-9357,4776,PT206462027359450182149452,5517051851443960,9583,205,%B5517051851443960^YZGXDSYZGXDS^2306000000000000000?,%B5517051851443960=2911101662045671?,11/25/28,debit,1
CcS-9358,4777,ES837400086291155516920256,9204671586093106,7305,229,%B9204671586093106^CPHLLBCPHLLB^3409000000000000000?,%B9204671586093106=2706101839187304?,04/29/28,credit,0
CcS-9359,4778,ES549725186719378354524634,6520118868486336,9958,317,%B6520118868486336^BJEBTXBJEBTX^3406000000000000000?,%B6520118868486336=2307101709465952?,06/25/28,debit,1
CcS-9360,4779,NL928021581609993009694715,4776436262972248,5769,981,%B4776436262972248^LYTGOBLYTGOB^2705000000000000000?,%B4776436262972248=3403101384418536?,01/26/28,debit,0
CcS-9361,4780,US668245079297033733697536,4248969869728051,1220,441,%B4248969869728051^BJZGXXBJZGXX^2506000000000000000?,%B4248969869728051=2805101781924125?,03/27/28,debit,0
CcS-9362,4781,NL842065971409816635118050,4105942080254455,6691,403,%B4105942080254455^LLHDVLLLHDVL^2308000000000000000?,%B4105942080254455=3204101453312056?,10/28/28,premium_credit,0
CcS-9363,4782,ES353434250158414519677531,6997005451235031,8456,904,%B6997005451235031^UVCUHWUVCUHW^2606000000000000000?,%B6997005451235031=3301101754551585?,10/29/28,credit,0
CcS-9364,4783,DE327487183281596729111969,4016278000166607,2021,650,%B4016278000166607^UBAILRUBAILR^2401000000000000000?,%B4016278000166607=3012101569376333?,01/29/28,debit,0
CcS-9365,4784,PT543475297631111749661757,5791866500211554,8656,872,%B5791866500211554^ALBQXRALBQXR^3404000000000000000?,%B5791866500211554=2403101563582548?,04/25/28,prepaid,1
CcS-9366,4785,FR459285819892997238935691,5245867749748416,4920,590,%B5245867749748416^BVYFQDBVYFQD^2906000000000000000?,%B5245867749748416=2912101672055494?,09/29/28,debit,0
CcS-9367,4786,IT690861439617625800800123,2459846503694820,8573,776,%B2459846503694820^EBAETVEBAETV^2406000000000000000?,%B2459846503694820=2307101696824235?,11/29/28,credit,0
CcS-9368,4787,PT242738833234915691973368,8168816971880131,8696,204,%B8168816971880131^MHLTBVMHLTBV^2807000000000000000?,%B8168816971880131=3401101506735749?,11/27/28,debit,0
CcS-9369,4788,GB441915498410525856055015,9140276236656380,1512,433,%B9140276236656380^HUKBRBHUKBRB^2202000000000000000?,%B9140276236656380=3006101982648055?,06/28/28,credit,0
CcS-9370,4789,GB273007787111625443592645,8954504982013999,3495,590,%B8954504982013999^VBTOARVBTOAR^2606000000000000000?,%B8954504982013999=2203101586178206?,04/28/28,credit,0
CcS-9371,4790,NL329847248875258148721267,3938350630073895,9253,950,%B3938350630073895^EFVKMFEFVKMF^3207000000000000000?,%B3938350630073895=2602101278069381?,11/28/28,credit,0
CcS-9372,4791,FR267468784355344501594576,6874230408784148,4145,857,%B6874230408784148^TWODSZTWODSZ^2806000000000000000?,%B6874230408784148=2307101353677973?,03/27/28,credit,0
CcS-9373,4792,PL261785653040770435925678,7250429482798155,4911,797,%B7250429482798155^RUYVKVRUYVKV^3004000000000000000?,%B7250429482798155=3012101514425514?,05/29/28,prepaid,0
CcS-9374,4793,ES193658794052706902457276,7778616488104425,5947,124,%B7778616488104425^ALQTBBALQTBB^2606000000000000000?,%B7778616488104425=3303101136942014?,05/28/28,credit,0
CcS-9375,4794,GB443211957738439222507342,0191028457248121,3086,891,%B0191028457248121^VDKPELVDKPEL^3408000000000000000?,%B0191028457248121=2611101373564462?,02/27/28,premium_credit,0
CcS-9376,4795,NL621527075663239696750616,8804712763716233,2771,408,%B8804712763716233^OWSMJROWSMJR^2206000000000000000?,%B8804712763716233=2709101543456939?,12/28/28,credit,0
CcS-9377,4796,NL723755145110233258606615,5952681941605513,7544,929,%B5952681941605513^KDGHWHKDGHWH^2911000000000000000?,%B5952681941605513=2408101796224512?,12/29/28,credit,0
CcS-9378,4797,IT777770407079863757221813,1283405585249254,2175,598,%B1283405585249254^AFEEMPAFEEMP^2505000000000000000?,%B1283405585249254=3203101630866839?,07/29/28,credit,0
CcS-9379,4798,PT865986000415562994408638,1746716943904831,8326,677,%B1746716943904831^DUIKIWDUIKIW^3303000000000000000?,%B1746716943904831=2208101299116654?,12/25/28,debit,1
CcS-9380,4799,US812621037777248836879556,3195206289524745,7106,723,%B3195206289524745^GDHMODGDHMOD^3109000000000000000?,%B3195206289524745=3308101406480974?,06/25/28,debit,1
CcS-9381,4800,PT363695259135028254686370,0651517392395685,2669,911,%B0651517392395685^QSAKHRQSAKHR^2211000000000000000?,%B0651517392395685=2202101593508449?,11/25/28,credit,1
CcS-9382,4801,ES156173329758793785598983,5383171602746787,3164,736,%B5383171602746787^XGIQHLXGIQHL^2606000000000000000?,%B5383171602746787=3406101240767618?,12/26/28,debit,0
CcS-9383,4802,PL374873012654155977682774,0298741721788317,2106,852,%B0298741721788317^FQHSKDFQHSKD^2209000000000000000?,%B0298741721788317=3108101555782586?,12/29/28,debit,0
CcS-9384,4803,PT781393222961125727497543,4898517400184611,9218,906,%B4898517400184611^WTRBKAWTRBKA^2712000000000000000?,%B4898517400184611=2308101761793363?,10/25/28,prepaid,1
CcS-9385,4804,IT398830965559230063176916,4945256910095661,2325,637,%B4945256910095661^TYJMKCTYJMKC^3005000000000000000?,%B4945256910095661=3112101995134049?,12/26/28,debit,0
CcS-9386,4805,IT592847704424099090559004,9564107762670535,3252,490,%B9564107762670535^RNTSHSRNTSHS^2812000000000000000?,%B9564107762670535=2203101444584236?,03/26/28,debit,0
CcS-9387,4806,PL882004824563623627964161,4106551839136475,7161,555,%B4106551839136475^QDAHTVQDAHTV^2406000000000000000?,%B4106551839136475=2204101330416445?,08/26/28,credit,0
CcS-9388,4807,PT359837561152533789680593,2153852838437509,8701,952,%B2153852838437509^TUYGTETUYGTE^2407000000000000000?,%B2153852838437509=3309101792904275?,09/25/28,credit,1
CcS-9389,4808,IT415349873112666286886479,5484305918297566,2644,878,%B5484305918297566^MAACNEMAACNE^3303000000000000000?,%B5484305918297566=3405101173001143?,07/29/28,credit,0
CcS-9390,4809,PL807281095531213971635006,8083430072330659,5862,144,%B8083430072330659^MPOHKBMPOHKB^2904000000000000000?,%B8083430072330659=2712101639258194?,12/28/28,credit,0
CcS-9391,4810,SE349777963450152230477663,6348248119240783,5739,427,%B6348248119240783^GVQAKYGVQAKY^2311000000000000000?,%B6348248119240783=2307101614957277?,03/29/28,debit,0
CcS-9392,4811,PL811467692485935023616776,5834389597276868,1413,612,%B5834389597276868^DXEEUWDXEEUW^2401000000000000000?,%B5834389597276868=2302101388028431?,09/29/28,debit,0
CcS-9393,4812,SE470678419639403484473644,9249663882050380,2135,818,%B9249663882050380^PNTKXCPNTKXC^2205000000000000000?,%B9249663882050380=3012101786670898?,03/25/28,credit,1
CcS-9394,4813,DE296728460065244615640311,0552845521799838,4429,674,%B0552845521799838^WWGEEPWWGEEP^2402000000000000000?,%B0552845521799838=3307101130104959?,11/27/28,prepaid,0
CcS-9395,4814,ES819026148961712357776184,9026280403330393,7933,763,%B9026280403330393^XVFPRLXVFPRL^2510000000000000000?,%B9026280403330393=2805101530857746?,08/26/28,debit,0
CcS-9396,4815,CA317130591384380281607317,4198614863889541,7209,592,%B4198614863889541^BBKMYSBBKMYS^2510000000000000000?,%B4198614863889541=3411101597859055?,07/28/28,credit,0
CcS-9397,4816,ES414044092669847778158024,4396554237479620,2129,842,%B4396554237479620^MTMYPOMTMYPO^2811000000000000000?,%B4396554237479620=2404101494816230?,04/29/28,premium_credit,0
CcS-9398,4817,CA913368723057905624563584,3489493372369026,8606,471,%B3489493372369026^VTONYTVTONYT^3303000000000000000?,%B3489493372369026=3111101792067875?,12/27/28,debit,0
CcS-9399,4818,PL274095764417606359655493,9200324841156658,1014,342,%B9200324841156658^JJRZRPJJRZRP^2711000000000000000?,%B9200324841156658=2406101947719270?,01/27/28,prepaid,0
CcS-9400,4819,PT433080941571639357654568,5008987293173830,1481,303,%B5008987293173830^SKMGTMSKMGTM^2602000000000000000?,%B5008987293173830=2907101222281982?,02/25/28,credit,1
CcS-9401,4820,NL508589774818828529141776,3374138586485884,5517,518,%B3374138586485884^GRHIJHGRHIJH^2402000000000000000?,%B3374138586485884=3006101568244847?,09/29/28,credit,0
CcS-9402,4821,DE320181247969240862210384,9995601475755820,8630,783,%B9995601475755820^DJMLVKDJMLVK^2208000000000000000?,%B9995601475755820=2402101850475135?,05/29/28,credit,0
CcS-9403,4822,SE783666449141182563565332,2041155591970991,8523,473,%B2041155591970991^UBJTDEUBJTDE^3205000000000000000?,%B2041155591970991=2612101984926949?,09/27/28,debit,0
CcS-9404,4823,PL280682974109984309089253,9590592954419292,1011,436,%B9590592954419292^HRHVNYHRHVNY^2201000000000000000?,%B9590592954419292=3302101701253338?,11/25/28,credit,1
CcS-9405,4824,FR898626002555194206252016,2937755430196943,8489,873,%B2937755430196943^ZUVRSVZUVRSV^2603000000000000000?,%B2937755430196943=2906101988941606?,01/26/28,credit,0
CcS-9406,4825,NL762309104039947316892708,9177081840338711,6935,188,%B9177081840338711^YOMHXYYOMHXY^3401000000000000000?,%B9177081840338711=3406101729176751?,08/27/28,prepaid,0
CcS-9407,4826,ES843104705877486648353008,1117448853754813,6437,345,%B1117448853754813^KXTFWOKXTFWO^2501000000000000000?,%B1117448853754813=2910101863332486?,10/25/28,credit,1
CcS-9408,4827,SE296370040089582458765997,0499101027331717,7689,787,%B0499101027331717^GGHCYEGGHCYE^3302000000000000000?,%B0499101027331717=2302101218175601?,02/29/28,credit,0
CcS-9409,4828,IT970295269770348115011879,8860296285646892,3803,800,%B8860296285646892^MMFDKWMMFDKW^3408000000000000000?,%B8860296285646892=2512101461998937?,06/26/28,debit,0
CcS-9410,4829,SE475299418604367631420952,8119860175041790,1632,300,%B8119860175041790^GJBIHOGJBIHO^3010000000000000000?,%B8119860175041790=3403101137180294?,11/28/28,premium_credit,0
CcS-9411,4830,PT474061045185911257012246,5760977857571518,2288,579,%B5760977857571518^HQXPUFHQXPUF^3009000000000000000?,%B5760977857571518=2812101551059442?,05/26/28,prepaid,0
CcS-9412,4831,SE476063945924276167439909,4327349292666841,3086,497,%B4327349292666841^WNUAVDWNUAVD^2206000000000000000?,%B4327349292666841=3307101707961785?,07/25/28,credit,1
CcS-9413,4832,US254756928513649842707137,7082042823580232,1622,262,%B7082042823580232^GMPJZVGMPJZV^3011000000000000000?,%B7082042823580232=3306101833184069?,06/26/28,premium_credit,0
CcS-9414,4833,FR347945458276409916396720,1630313635211518,8005,182,%B1630313635211518^TOJTEGTOJTEG^2509000000000000000?,%B1630313635211518=3011101550168024?,06/28/28,debit,0
CcS-9415,4834,IT861300699149663467209815,1613956819067195,3909,372,%B1613956819067195^HAGSHDHAGSHD^3301000000000000000?,%B1613956819067195=2304101562168404?,06/27/28,debit,0
CcS-9416,4835,GB956244137150121497802556,9224649624558191,2998,931,%B9224649624558191^XKOAOZXKOAOZ^2903000000000000000?,%B9224649624558191=2607101450943130?,08/29/28,credit,0
CcS-9417,4836,NL379192138081020618175530,6780765170929289,7627,915,%B6780765170929289^FCHPMNFCHPMN^2509000000000000000?,%B6780765170929289=3007101451165787?,12/28/28,debit,0
CcS-9418,4837,DE166541063121830460382778,2288072132045684,5442,902,%B2288072132045684^ZNYPSMZNYPSM^2410000000000000000?,%B2288072132045684=3007101810983196?,08/25/28,debit,1
CcS-9419,4838,PT123527391475852097766316,1399718767204335,1351,126,%B1399718767204335^QGHUGDQGHUGD^2306000000000000000?,%B1399718767204335=2503101917618570?,07/28/28,debit,0
CcS-9420,4839,FR740097603339531055667380,3041468287205784,8121,655,%B3041468287205784^VNJJXJVNJJXJ^3112000000000000000?,%B3041468287205784=2412101993811380?,01/25/28,credit,1
CcS-9421,4840,CA761274092484515439876320,1695330438148463,9515,699,%B1695330438148463^SMEYKZSMEYKZ^2302000000000000000?,%B1695330438148463=2308101945400386?,07/28/28,debit,0
CcS-9422,4841,FR484736834811910504930745,8005448887380420,2920,379,%B8005448887380420^RUHIGRRUHIGR^3111000000000000000?,%B8005448887380420=2703101795281769?,06/26/28,debit,0
CcS-9423,4842,FR932583720146583632549791,3335566052980562,7284,958,%B3335566052980562^LWCGTPLWCGTP^2303000000000000000?,%B3335566052980562=3303101260848202?,11/28/28,prepaid,0
CcS-9424,4843,FR410926165675561290722052,4113724797997789,6873,862,%B4113724797997789^FLTEXAFLTEXA^2311000000000000000?,%B4113724797997789=3102101966951787?,10/29/28,debit,0
CcS-9425,4844,CA200105886995026486290672,5894158530284476,8576,754,%B5894158530284476^CNOCHGCNOCHG^3204000000000000000?,%B5894158530284476=3105101177417486?,10/27/28,credit,0
CcS-9426,4845,GB395990002190531410299276,6571927539906513,3241,173,%B6571927539906513^DQYXAKDQYXAK^2202000000000000000?,%B6571927539906513=3410101935699092?,09/29/28,credit,0
CcS-9427,4846,NL812261611266112713549292,8385101441087468,9954,533,%B8385101441087468^PHVUFKPHVUFK^2309000000000000000?,%B8385101441087468=3212101106350806?,03/27/28,debit,0
CcS-9428,4847,SE572382498615852445403580,7281538864760775,5625,485,%B7281538864760775^MKUSKAMKUSKA^2312000000000000000?,%B7281538864760775=2907101166764133?,12/28/28,credit,0
CcS-9429,4848,PL821136862835320127967035,7588081944922427,9446,981,%B7588081944922427^ZAEGZTZAEGZT^2810000000000000000?,%B7588081944922427=2411101338639273?,07/27/28,premium_credit,0
CcS-9430,4849,NL777402427450755133624260,1118341498825636,7164,742,%B1118341498825636^IZPYDIIZPYDI^2204000000000000000?,%B1118341498825636=2210101922076144?,01/25/28,credit,1
CcS-9431,4850,PT141252571516785165154803,4301597894738963,8396,466,%B4301597894738963^ELMWNYELMWNY^2306000000000000000?,%B4301597894738963=2811101715327333?,03/27/28,debit,0
CcS-9432,4851,US179972664399850445945638,2339406987124119,3762,523,%B2339406987124119^FEZOSCFEZOSC^2712000000000000000?,%B2339406987124119=2401101227146148?,09/27/28,debit,0
CcS-9433,4852,CA972819077960780003477560,6086402193242386,1427,175,%B6086402193242386^HAVMKCHAVMKC^2301000000000000000?,%B6086402193242386=2709101801844177?,05/28/28,premium_credit,0
CcS-9434,4853,GB505094809251994842458514,4748220750425553,1073,149,%B4748220750425553^IYNFLXIYNFLX^2312000000000000000?,%B4748220750425553=3211101714551250?,06/25/28,credit,1
CcS-9435,4854,DE680746337890519286294558,9446679700497082,6247,185,%B9446679700497082^EPDDSYEPDDSY^2806000000000000000?,%B9446679700497082=2602101133496800?,10/29/28,prepaid,0
CcS-9436,4855,PT268836223481000861553047,8848095205687858,7435,812,%B8848095205687858^MURASTMURAST^2802000000000000000?,%B8848095205687858=2510101162033260?,05/27/28,credit,0
CcS-9437,4856,FR441676308850746845410627,3709199021967986,3086,661,%B3709199021967986^EELKEMEELKEM^2211000000000000000?,%B3709199021967986=2511101433104130?,03/29/28,credit,0
CcS-9438,4857,NL637041435411525037382826,9498307184389743,8118,580,%B9498307184389743^AYFTKXAYFTKX^2206000000000000000?,%B9498307184389743=2801101279339484?,11/26/28,credit,0
CcS-9439,4858,IT960868095939526828268017,4362325104837914,5792,983,%B4362325104837914^WPJPJTWPJPJT^2807000000000000000?,%B4362325104837914=2409101302248949?,09/25/28,debit,1
CcS-9440,4859,PL198760348182924423840162,7065606494227101,1243,535,%B7065606494227101^GFFPTRGFFPTR^2410000000000000000?,%B7065606494227101=3406101222861928?,07/29/28,credit,0
CcS-9441,4860,CA370656270715502756143140,1710527728999249,4910,596,%B1710527728999249^KGJBNTKGJBNT^2706000000000000000?,%B1710527728999249=2504101202076339?,07/27/28,debit,0
CcS-9442,4861,PL873938332172517848071970,4142311926737486,1383,226,%B4142311926737486^OCSRRMOCSRRM^3001000000000000000?,%B4142311926737486=2503101180969781?,12/26/28,credit,0
CcS-9443,4862,PT208920730810018731874999,0550011911148709,3952,981,%B0550011911148709^ODYTTBODYTTB^2610000000000000000?,%B0550011911148709=3107101812781030?,01/29/28,credit,0
CcS-9444,4863,ES612776869202154987419594,3516434953428598,8108,871,%B3516434953428598^YXLVTXYXLVTX^2205000000000000000?,%B3516434953428598=2610101417570926?,06/25/28,credit,1
CcS-9445,4864,NL917745252784877174581901,2986896229650820,4708,353,%B2986896229650820^VWIPGGVWIPGG^3108000000000000000?,%B2986896229650820=2508101544325754?,12/26/28,debit,0
CcS-9446,4865,GB956118185095050592529556,4057091804997438,4257,518,%B4057091804997438^PLYWYBPLYWYB^3306000000000000000?,%B4057091804997438=2908101284037975?,04/25/28,credit,1
CcS-9447,4866,NL145867121474119139456742,1763957617870437,5770,421,%B1763957617870437^QBAQGJQBAQGJ^3111000000000000000?,%B1763957617870437=3002101403150278?,11/27/28,debit,0
CcS-9448,4867,NL927558675463945816491117,3933835308039740,1357,552,%B3933835308039740^DKXWASDKXWAS^2512000000000000000?,%B3933835308039740=3412101794714870?,09/25/28,prepaid,1
CcS-9449,4868,IT375637403055295636990892,8556385728743417,3607,474,%B8556385728743417^VWQUDKVWQUDK^3008000000000000000?,%B8556385728743417=2501101753113362?,07/28/28,debit,0
CcS-9450,4869,GB161269668496698635513707,2553602038065033,9063,490,%B2553602038065033^RGGHCORGGHCO^2307000000000000000?,%B2553602038065033=2512101782684541?,08/25/28,credit,1
CcS-9451,4870,CA174500248424159606712208,7938289837457834,2522,508,%B7938289837457834^EBYJXWEBYJXW^2910000000000000000?,%B7938289837457834=2609101968117638?,01/28/28,credit,0
CcS-9452,4871,ES863841104424723256616099,3803644687170156,7879,490,%B3803644687170156^VPJXELVPJXEL^2306000000000000000?,%B3803644687170156=3010101341827639?,05/29/28,credit,0
CcS-9453,4872,ES721724346817957785610308,7138893205958275,4146,423,%B7138893205958275^VJAMXYVJAMXY^3407000000000000000?,%B7138893205958275=2609101814695544?,03/29/28,credit,0
CcS-9454,4873,GB613003202715311790971410,9062902640609473,7541,108,%B9062902640609473^GXSAZYGXSAZY^2209000000000000000?,%B9062902640609473=3212101854846537?,11/26/28,credit,0
CcS-9455,4874,SE917085277270829967214714,9397661855945231,5813,498,%B9397661855945231^ADBMBGADBMBG^3209000000000000000?,%B9397661855945231=2210101306284595?,06/27/28,debit,0
CcS-9456,4875,GB717169294435070065572473,2267306085189611,9022,303,%B2267306085189611^OKVRXXOKVRXX^2206000000000000000?,%B2267306085189611=3408101727826455?,03/27/28,debit,0
CcS-9457,4876,CA948069849386184261890948,7962307534110059,3259,640,%B7962307534110059^GBZDYHGBZDYH^3105000000000000000?,%B7962307534110059=3206101835834133?,12/26/28,credit,0
CcS-9458,4877,FR411500704242507062764082,3871663967399537,5787,269,%B3871663967399537^IDSEQIIDSEQI^2611000000000000000?,%B3871663967399537=3010101946056474?,01/25/28,credit,1
CcS-9459,4878,US534169682256263929533820,3988698796408418,3791,524,%B3988698796408418^BZJIGWBZJIGW^3312000000000000000?,%B3988698796408418=2901101765815646?,02/27/28,credit,0
CcS-9460,4879,DE984077608350911503091380,1168633208489799,4766,867,%B1168633208489799^OUETGPOUETGP^2202000000000000000?,%B1168633208489799=3206101522677497?,03/26/28,debit,0
CcS-9461,4880,ES433034789649571849619799,7837339820845879,6453,405,%B7837339820845879^LJUWJBLJUWJB^3106000000000000000?,%B7837339820845879=2706101898862194?,09/28/28,credit,0
CcS-9462,4881,PL143586378486740171504809,1443599185832848,7803,652,%B1443599185832848^NYXSAANYXSAA^2609000000000000000?,%B1443599185832848=3201101584847355?,01/26/28,credit,0
CcS-9463,4882,US103393687488541890724463,6811247365784933,6620,106,%B6811247365784933^NXWUCMNXWUCM^3305000000000000000?,%B6811247365784933=3107101189547018?,04/25/28,credit,1
CcS-9464,4883,FR530311130471041332510069,2529183738771408,4125,651,%B2529183738771408^KWRVODKWRVOD^2708000000000000000?,%B2529183738771408=2702101598609631?,12/28/28,debit,0
CcS-9465,4884,NL254868485077645401560975,7886881957703370,2183,991,%B7886881957703370^HOCNSOHOCNSO^2401000000000000000?,%B7886881957703370=2612101382675435?,05/25/28,debit,1
CcS-9466,4885,NL669244887665423561269678,6350085847241191,4001,451,%B6350085847241191^KXZRBUKXZRBU^2609000000000000000?,%B6350085847241191=3310101457187751?,11/29/28,credit,0
CcS-9467,4886,PT740050804043578475747583,7368221633038400,7357,120,%B7368221633038400^FZIOCXFZIOCX^2210000000000000000?,%B7368221633038400=3406101157229507?,05/29/28,credit,0
CcS-9468,4887,US744939977145818369781640,2380518585437881,2959,185,%B2380518585437881^NFUIOINFUIOI^2510000000000000000?,%B2380518585437881=3208101163870080?,09/26/28,premium_credit,0
CcS-9469,4888,IT189813955546649286128340,9270152979071968,5676,338,%B9270152979071968^TLFKEMTLFKEM^2304000000000000000?,%B9270152979071968=2801101744015982?,02/28/28,debit,0
CcS-9470,4889,IT681815416811460380642442,3812983292825297,6516,615,%B3812983292825297^RWKVUJRWKVUJ^2208000000000000000?,%B3812983292825297=3209101888493584?,06/28/28,debit,0
CcS-9471,4890,IT699107219066349020890643,7422049400177860,8294,374,%B7422049400177860^IIZHKYIIZHKY^3403000000000000000?,%B7422049400177860=2412101287647967?,12/28/28,debit,0
CcS-9472,4891,SE888599506713462718434935,6361661504884520,2479,507,%B6361661504884520^BAJNWCBAJNWC^2710000000000000000?,%B6361661504884520=2211101198565411?,08/26/28,debit,0
CcS-9473,4892,US943419184780299719790558,1318949052975983,2748,758,%B1318949052975983^BXZLLQBXZLLQ^2510000000000000000?,%B1318949052975983=2807101861438566?,04/26/28,debit,0
CcS-9474,4893,PL299660751268419015816415,3364528066700109,1149,320,%B3364528066700109^NAESEZNAESEZ^2205000000000000000?,%B3364528066700109=3305101638528627?,09/29/28,credit,0
CcS-9475,4894,NL480417889589626623464791,8681314631972098,4058,697,%B8681314631972098^NKAAEHNKAAEH^2509000000000000000?,%B8681314631972098=2708101301105962?,06/28/28,credit,0
CcS-9476,4895,FR251790505912295937530959,8296649490135302,7648,183,%B8296649490135302^CXHLSECXHLSE^2507000000000000000?,%B8296649490135302=3412101269677189?,04/25/28,credit,1
CcS-9477,4896,CA867886529258577442049898,5854810589561543,8879,777,%B5854810589561543^OVAQPKOVAQPK^2309000000000000000?,%B5854810589561543=2211101776817076?,05/27/28,credit,0
CcS-9478,4897,PT580779680187933547697156,2934355766029268,8327,490,%B2934355766029268^LQIHWTLQIHWT^2702000000000000000?,%B2934355766029268=3105101618709024?,08/29/28,credit,0
CcS-9479,4898,PL871965332448986707480005,0254778117007099,5899,503,%B0254778117007099^OIWLSDOIWLSD^3107000000000000000?,%B0254778117007099=3306101677840371?,06/27/28,credit,0
CcS-9480,4899,US553864306115682358699131,0880984629628829,4286,309,%B0880984629628829^BJNRNVBJNRNV^2702000000000000000?,%B0880984629628829=3111101523687734?,07/29/28,credit,0
CcS-9481,4900,FR742677366580451528363002,6887790920024265,4634,159,%B6887790920024265^KIUYFEKIUYFE^2507000000000000000?,%B6887790920024265=2209101581929938?,10/25/28,debit,1
CcS-9482,4901,US549955187633993888480734,1830646709567740,9738,929,%B1830646709567740^ESGQAYESGQAY^2507000000000000000?,%B1830646709567740=2908101927607275?,09/25/28,debit,1
CcS-9483,4902,FR957094177913133798722608,4954093232620927,4759,316,%B4954093232620927^SUSRCHSUSRCH^2602000000000000000?,%B4954093232620927=2201101676361841?,12/27/28,debit,0
CcS-9484,4903,SE256770422385533129237455,6494492514663746,7281,832,%B6494492514663746^YNAMLNYNAMLN^2512000000000000000?,%B6494492514663746=3302101529215591?,08/26/28,debit,0
CcS-9485,4904,NL519072055144762356457001,4313428568909963,6987,199,%B4313428568909963^VFNYCOVFNYCO^3302000000000000000?,%B4313428568909963=2705101121357888?,11/25/28,credit,1
CcS-9486,4905,ES700361443895769807836037,1824469591860650,9217,928,%B1824469591860650^YUGPKKYUGPKK^2705000000000000000?,%B1824469591860650=2210101537248243?,02/27/28,credit,0
CcS-9487,4906,US563075635575500021708373,2070790286437762,2362,260,%B2070790286437762^ZCPJRNZCPJRN^2408000000000000000?,%B2070790286437762=2804101575591718?,04/28/28,credit,0
CcS-9488,4907,ES816842895395552841356181,9017482710744070,7445,679,%B9017482710744070^VORHYMVORHYM^2411000000000000000?,%B9017482710744070=2703101628721120?,04/26/28,debit,0
CcS-9489,4908,GB171850115955057372580319,1802552598491854,3572,866,%B1802552598491854^DKIGJKDKIGJK^2601000000000000000?,%B1802552598491854=3403101929988621?,06/27/28,debit,0
CcS-9490,4909,FR724435792498538208324130,8836823073272584,3314,236,%B8836823073272584^CGWEVHCGWEVH^3007000000000000000?,%B8836823073272584=2807101821911137?,03/27/28,credit,0
CcS-9491,4910,ES207822627143310422347471,2280902945063115,2526,779,%B2280902945063115^EHQLWWEHQLWW^2512000000000000000?,%B2280902945063115=2212101595051755?,01/26/28,credit,0
CcS-9492,4911,PL841906076939379383566467,2919532166861468,5799,319,%B2919532166861468^HCFSETHCFSET^2312000000000000000?,%B2919532166861468=2612101293998142?,08/29/28,credit,0
CcS-9493,4912,NL699331197898209172134125,8119058064568886,8951,778,%B8119058064568886^YYHBHNYYHBHN^3101000000000000000?,%B8119058064568886=2712101993575045?,06/25/28,debit,1
CcS-9494,4913,NL241614304371498829390158,5835276613916752,7584,726,%B5835276613916752^VKAOQHVKAOQH^3403000000000000000?,%B5835276613916752=3407101797264575?,01/27/28,debit,0
CcS-9495,4914,US800435377691710845007994,3339471273973308,2819,934,%B3339471273973308^MHPDVSMHPDVS^3307000000000000000?,%B3339471273973308=2211101576474414?,06/28/28,credit,0
CcS-9496,4915,IT463074131758512122874637,3953223868157415,6977,419,%B3953223868157415^UELOOIUELOOI^2903000000000000000?,%B3953223868157415=3305101536117330?,01/25/28,credit,1
CcS-9497,4916,FR229920224462719815710549,5755321521940475,4308,616,%B5755321521940475^XCAWHUXCAWHU^3303000000000000000?,%B5755321521940475=3105101177022114?,07/29/28,credit,0
CcS-9498,4917,FR707995449671736040574382,1071134241649571,3595,199,%B1071134241649571^SEHCONSEHCON^2608000000000000000?,%B1071134241649571=3012101440242497?,03/25/28,credit,1
CcS-9499,4918,IT244521740345448985387641,8230722152930257,9188,711,%B8230722152930257^YSUCMPYSUCMP^2306000000000000000?,%B8230722152930257=2408101167470788?,11/25/28,credit,1
CcS-9500,4919,PL281465908844348951152825,2952214276569369,4381,902,%B2952214276569369^IMOPZEIMOPZE^2905000000000000000?,%B2952214276569369=2212101872676326?,05/27/28,debit,0
CcS-9501,4920,US114215090846478484777341,2240994054607828,3946,462,%B2240994054607828^TPKWRATPKWRA^2609000000000000000?,%B2240994054607828=3009101421820094?,11/27/28,prepaid,0
CcS-9502,4921,IT328215395501819455734187,5870775395108393,7570,786,%B5870775395108393^ADAOVOADAOVO^2410000000000000000?,%B5870775395108393=2303101603662818?,04/29/28,debit,0
CcS-9503,4922,ES734591420269015687774648,4306205653252162,9362,382,%B4306205653252162^CVGIHICVGIHI^3208000000000000000?,%B4306205653252162=3111101818593996?,12/26/28,premium_credit,0
CcS-9504,4923,SE485107852805614825271379,6326485423862980,9741,974,%B6326485423862980^OSUNBVOSUNBV^2503000000000000000?,%B6326485423862980=3105101703156204?,04/26/28,credit,0
CcS-9505,4924,SE299417041109842667062891,5705192230160680,4418,943,%B5705192230160680^ACHVKGACHVKG^2904000000000000000?,%B5705192230160680=2202101852957667?,08/25/28,credit,1
CcS-9506,4925,GB441934273283148891061599,5457052633092708,3606,794,%B5457052633092708^JXASNNJXASNN^3209000000000000000?,%B5457052633092708=2609101725776418?,04/25/28,debit,1
CcS-9507,4926,PT843326957404651916001180,5105076502286149,6377,315,%B5105076502286149^VVPUYPVVPUYP^3203000000000000000?,%B5105076502286149=3111101917018764?,01/27/28,prepaid,0
CcS-9508,4927,US434453288701219975736893,2890776023998872,3636,964,%B2890776023998872^CFWTHTCFWTHT^3010000000000000000?,%B2890776023998872=3402101839399014?,12/28/28,credit,0
CcS-9509,4928,US263490176409147081632394,9877809386446134,1012,647,%B9877809386446134^WHWFSDWHWFSD^2308000000000000000?,%B9877809386446134=2512101940532261?,05/27/28,prepaid,0
CcS-9510,4929,NL444140946915506197931251,2872419912097418,7324,938,%B2872419912097418^JCXISKJCXISK^2610000000000000000?,%B2872419912097418=2205101779951755?,07/29/28,credit,0
CcS-9511,4930,GB914353904454095988002283,6047494012833648,9371,216,%B6047494012833648^ENCKLYENCKLY^2302000000000000000?,%B6047494012833648=3206101494213058?,09/25/28,credit,1
CcS-9512,4931,US808545612925168285239959,8527937478959332,2038,718,%B8527937478959332^UWWAETUWWAET^3411000000000000000?,%B8527937478959332=2411101521873050?,10/29/28,debit,0
CcS-9513,4932,SE836450272267466714224143,9489283976090726,7434,244,%B9489283976090726^SGRRIFSGRRIF^2805000000000000000?,%B9489283976090726=2411101527043909?,07/25/28,credit,1
CcS-9514,4933,FR547036114899746728630656,2036712746184434,6697,852,%B2036712746184434^TMBVZETMBVZE^2611000000000000000?,%B2036712746184434=2410101938070831?,02/27/28,debit,0
CcS-9515,4934,SE649507147615069156821334,4171837531671672,8386,888,%B4171837531671672^AATZKUAATZKU^2509000000000000000?,%B4171837531671672=2209101609143248?,09/27/28,debit,0
CcS-9516,4935,PT369468962220959393232178,0448891081564236,6754,571,%B0448891081564236^WKKMBXWKKMBX^2604000000000000000?,%B0448891081564236=3006101504193144?,02/26/28,credit,0
CcS-9517,4936,FR559931545313089567640901,9902790257274075,7192,834,%B9902790257274075^QSIBEUQSIBEU^3010000000000000000?,%B9902790257274075=3405101844583453?,09/26/28,credit,0
CcS-9518,4937,SE106533789174016263514899,6218805802166312,1638,376,%B6218805802166312^LCBHGOLCBHGO^2311000000000000000?,%B6218805802166312=2805101470083808?,03/27/28,premium_credit,0
CcS-9519,4938,FR802291460618411424222691,5801997933907019,6706,806,%B5801997933907019^WNESIJWNESIJ^3202000000000000000?,%B5801997933907019=3310101759018234?,09/29/28,debit,0
CcS-9520,4939,US445952886914861194651626,7618259718882158,3985,694,%B7618259718882158^XLKJWUXLKJWU^2703000000000000000?,%B7618259718882158=2408101900943778?,02/29/28,debit,0
CcS-9521,4940,IT699659935271412814955076,4809066556471677,3968,553,%B4809066556471677^ZOHESZZOHESZ^2410000000000000000?,%B4809066556471677=2510101659384666?,04/29/28,credit,0
CcS-9522,4941,PL234879510416591508000308,6734171717078646,1578,621,%B6734171717078646^OCPRRIOCPRRI^2511000000000000000?,%B6734171717078646=3311101516965271?,02/27/28,credit,0
CcS-9523,4942,GB278759394269451963600123,7715993819585703,6821,802,%B7715993819585703^KDLZMVKDLZMV^2608000000000000000?,%B7715993819585703=3103101619019748?,06/29/28,debit,0
CcS-9524,4943,IT263764981041321554486534,5790786168407928,7392,444,%B5790786168407928^QFBWJUQFBWJU^2706000000000000000?,%B5790786168407928=2207101483613792?,11/28/28,debit,0
CcS-9525,4944,PL981201744998346959396121,8651842389051251,9642,685,%B8651842389051251^MWYUUOMWYUUO^2205000000000000000?,%B8651842389051251=2909101350869426?,09/28/28,debit,0
CcS-9526,4945,CA203826541028441216240359,9753335462297376,7669,908,%B9753335462297376^BNKATTBNKATT^2509000000000000000?,%B9753335462297376=2906101999492015?,11/26/28,credit,0
CcS-9527,4946,IT965452189026941862408049,0133990533877895,7479,925,%B0133990533877895^SIXGVBSIXGVB^2805000000000000000?,%B0133990533877895=2204101187282564?,04/25/28,debit,1
CcS-9528,4947,US795802823310372487768947,7463931691401765,4094,733,%B7463931691401765^ZVASHMZVASHM^3412000000000000000?,%B7463931691401765=3403101473571355?,08/27/28,debit,0
CcS-9529,4948,ES770330776162954890480969,8556728259727434,1206,931,%B8556728259727434^CAIEVVCAIEVV^3203000000000000000?,%B8556728259727434=3004101971118830?,08/28/28,debit,0
CcS-9530,4949,GB157675193686892718238702,2560232245238096,7361,308,%B2560232245238096^MSUEMGMSUEMG^2812000000000000000?,%B2560232245238096=3106101283028671?,01/26/28,prepaid,0
CcS-9531,4950,CA226107879018367485605939,5332392353870064,1176,555,%B5332392353870064^OSIBHEOSIBHE^3410000000000000000?,%B5332392353870064=2707101713083076?,07/29/28,credit,0
CcS-9532,4951,DE344702170189807636990217,8752563962751160,9179,606,%B8752563962751160^QCMFABQCMFAB^2403000000000000000?,%B8752563962751160=3112101596057777?,11/26/28,credit,0
CcS-9533,4952,CA494007712178859958493471,8294329363705283,9693,373,%B8294329363705283^XMIRCRXMIRCR^3302000000000000000?,%B8294329363705283=3012101374381241?,11/28/28,debit,0
CcS-9534,4953,IT481095480568516747525078,0351687451980790,1680,337,%B0351687451980790^EMTZGSEMTZGS^3309000000000000000?,%B0351687451980790=2907101270298212?,04/27/28,debit,0
CcS-9535,4954,FR907934107679874640208309,0740538717612335,1924,941,%B0740538717612335^WUSEAIWUSEAI^2209000000000000000?,%B0740538717612335=3310101136986793?,08/27/28,credit,0
CcS-9536,4955,FR480684520947254228283581,4524948265438082,6568,858,%B4524948265438082^SNYHHHSNYHHH^2304000000000000000?,%B4524948265438082=2806101919899837?,03/26/28,debit,0
CcS-9537,4956,DE386495826305304004395232,1685995697311490,7755,436,%B1685995697311490^VJIOGLVJIOGL^2510000000000000000?,%B1685995697311490=3011101840743784?,01/28/28,debit,0
CcS-9538,4957,IT951904549350165194567410,0609390781229024,8807,117,%B0609390781229024^NLIJZGNLIJZG^2412000000000000000?,%B0609390781229024=3208101210876512?,05/29/28,premium_credit,0
CcS-9539,4958,GB816063198792047178578794,2894437909481701,2050,122,%B2894437909481701^IQJSBXIQJSBX^3304000000000000000?,%B2894437909481701=2305101475615795?,10/28/28,credit,0
CcS-9540,4959,IT152681568655788503734921,6605767182895875,9932,717,%B6605767182895875^QPNCTNQPNCTN^3107000000000000000?,%B6605767182895875=3206101798742117?,05/25/28,premium_credit,1
CcS-9541,4960,PL283333720405454299806215,7641892853898674,5419,707,%B7641892853898674^TRJRWETRJRWE^3006000000000000000?,%B7641892853898674=2703101437020309?,11/25/28,credit,1
CcS-9542,4961,US166735578594983908469526,9582330207236113,5501,793,%B9582330207236113^QIJQJMQIJQJM^2707000000000000000?,%B9582330207236113=3309101953326511?,08/28/28,debit,0
CcS-9543,4962,IT959221443981098339760929,3685699384447690,2171,554,%B3685699384447690^YVVDWNYVVDWN^2604000000000000000?,%B3685699384447690=3201101268456197?,11/29/28,debit,0
CcS-9544,4963,FR255576232848608191355988,7279298056713802,7182,222,%B7279298056713802^HBQUUCHBQUUC^2608000000000000000?,%B7279298056713802=2307101357365940?,01/29/28,debit,0
CcS-9545,4964,DE912461910148481500246960,5353999402545031,8733,743,%B5353999402545031^KETLNIKETLNI^3009000000000000000?,%B5353999402545031=2208101634389434?,01/27/28,debit,0
CcS-9546,4965,NL683032689544718038437953,9404708983055139,8375,903,%B9404708983055139^OGMVTMOGMVTM^2811000000000000000?,%B9404708983055139=3206101974826438?,08/25/28,debit,1
CcS-9547,4966,IT204806505959896034287431,8987803379416369,7161,177,%B8987803379416369^HJUGCMHJUGCM^2503000000000000000?,%B8987803379416369=3105101659110636?,12/27/28,debit,0
CcS-9548,4967,FR914642657121622751566655,8388784055084343,5467,319,%B8388784055084343^TKBZJGTKBZJG^2802000000000000000?,%B8388784055084343=2806101253269868?,06/28/28,debit,0
CcS-9549,4968,DE603305643717331780726180,5959138883211398,1286,123,%B5959138883211398^LBGBNALBGBNA^3108000000000000000?,%B5959138883211398=3011101558490188?,09/26/28,prepaid,0
CcS-9550,4969,IT548847618439891617091205,6988961817536282,7305,151,%B6988961817536282^AGOAJYAGOAJY^2904000000000000000?,%B6988961817536282=3211101752033371?,04/28/28,credit,0
CcS-9551,4970,GB482027498666578586008842,2306303304825134,4218,375,%B2306303304825134^TYUJPITYUJPI^2307000000000000000?,%B2306303304825134=2508101632689650?,05/29/28,debit,0
CcS-9552,4971,SE335243178754159413529003,8231458714854383,3692,462,%B8231458714854383^XWDVCYXWDVCY^3208000000000000000?,%B8231458714854383=3011101788079585?,05/25/28,debit,1
CcS-9553,4972,ES735160140183155471071690,6132314248329652,4078,969,%B6132314248329652^FYCKCSFYCKCS^2512000000000000000?,%B6132314248329652=3407101493830832?,05/27/28,debit,0
CcS-9554,4973,IT939345528256890960043833,7286100003946581,4956,455,%B7286100003946581^LWVMNALWVMNA^2705000000000000000?,%B7286100003946581=2806101828594565?,09/29/28,debit,0
CcS-9555,4974,PT141734800151773245896285,9845506307968068,3716,722,%B9845506307968068^KRQSRPKRQSRP^3109000000000000000?,%B9845506307968068=2607101601625077?,12/29/28,credit,0
CcS-9556,4975,PL187519887608221587237238,0969864428658706,6815,244,%B0969864428658706^JIRSYVJIRSYV^2611000000000000000?,%B0969864428658706=2611101803680985?,12/26/28,credit,0
CcS-9557,4976,GB959614963877988140476774,9738640999130600,8965,342,%B9738640999130600^SJGIXVSJGIXV^3302000000000000000?,%B9738640999130600=2406101488106810?,02/25/28,credit,1
CcS-9558,4977,US203294486060867813686191,9605955439619330,3479,749,%B9605955439619330^FLRFORFLRFOR^2606000000000000000?,%B9605955439619330=2611101419442398?,10/25/28,debit,1
CcS-9559,4978,GB295259234022146101459784,2920048483121919,7803,459,%B2920048483121919^AZRKBGAZRKBG^3303000000000000000?,%B2920048483121919=3203101547756914?,12/25/28,credit,1
CcS-9560,4979,GB328208173782477315564000,3084508088432594,9258,609,%B3084508088432594^NZPDQFNZPDQF^2209000000000000000?,%B3084508088432594=2405101951907936?,03/28/28,credit,0
CcS-9561,4980,CA150446073771321334360025,5247195334352545,4956,326,%B5247195334352545^ECKUEWECKUEW^3401000000000000000?,%B5247195334352545=2605101192624630?,12/27/28,debit,0
CcS-9562,4981,PL155807559566461291804400,6116239298415107,8566,201,%B6116239298415107^BVSALJBVSALJ^3002000000000000000?,%B6116239298415107=2705101473637653?,04/29/28,debit,0
CcS-9563,4982,PT412702870063092866313875,2373131904258200,5044,675,%B2373131904258200^CJTKWHCJTKWH^3302000000000000000?,%B2373131904258200=3309101846708254?,04/26/28,debit,0
CcS-9564,4983,CA938174252426377020576019,3101008088023097,1822,746,%B3101008088023097^DBZFCKDBZFCK^2511000000000000000?,%B3101008088023097=2210101279381690?,03/29/28,premium_credit,0
CcS-9565,4984,DE620642072857166662905739,5522454509376387,3053,879,%B5522454509376387^MOJOCVMOJOCV^3104000000000000000?,%B5522454509376387=3309101245575218?,04/27/28,debit,0
CcS-9566,4985,PL201552252524346094099596,6161849983263025,6889,278,%B6161849983263025^CVSPENCVSPEN^2206000000000000000?,%B6161849983263025=2312101183257515?,06/25/28,debit,1
CcS-9567,4986,FR245768128314891433358767,0745947204130257,4955,190,%B0745947204130257^KKGNMBKKGNMB^2507000000000000000?,%B0745947204130257=3003101512632413?,03/25/28,debit,1
CcS-9568,4987,SE308157211575855737714225,2296680186377148,8326,522,%B2296680186377148^RMUSJRRMUSJR^2509000000000000000?,%B2296680186377148=3002101420199160?,05/26/28,prepaid,0
CcS-9569,4988,NL296805228847603349255196,0734570924276022,6083,424,%B0734570924276022^SSKAQKSSKAQK^2205000000000000000?,%B0734570924276022=2708101364480965?,06/25/28,debit,1
CcS-9570,4989,IT770542346568533406308787,7233675965634598,5619,285,%B7233675965634598^ZGNPXWZGNPXW^3203000000000000000?,%B7233675965634598=2405101651558932?,03/28/28,premium_credit,0
CcS-9571,4990,GB320499878151534464905864,1265066247957405,6585,104,%B1265066247957405^VYFQOBVYFQOB^2612000000000000000?,%B1265066247957405=3110101800607428?,11/28/28,credit,0
CcS-9572,4991,DE786668030865005202325544,8296622848225053,1995,220,%B8296622848225053^LKASWPLKASWP^2611000000000000000?,%B8296622848225053=2205101246235842?,07/29/28,credit,0
CcS-9573,4992,PL966228899862566068802504,9099040179637171,2277,224,%B9099040179637171^YSFMFRYSFMFR^3009000000000000000?,%B9099040179637171=3210101576134833?,01/28/28,debit,0
CcS-9574,4993,GB654470386327113779261922,3171178331318656,5084,706,%B3171178331318656^FJAOCDFJAOCD^2903000000000000000?,%B3171178331318656=2602101951531301?,11/27/28,credit,0
CcS-9575,4994,FR985933384874593159004115,8086033007377786,7256,660,%B8086033007377786^QFRTKGQFRTKG^3202000000000000000?,%B8086033007377786=3302101712691265?,10/29/28,debit,0
CcS-9576,4995,ES253505901837303733435820,4554226978064107,4884,724,%B4554226978064107^AFKYFGAFKYFG^2205000000000000000?,%B4554226978064107=2506101331582247?,06/29/28,credit,0
CcS-9577,4996,NL138405779877014709669065,8110437271856107,5864,772,%B8110437271856107^JSUYVDJSUYVD^3001000000000000000?,%B8110437271856107=2601101911784272?,10/26/28,prepaid,0
CcS-9578,4997,NL843133864635035359433388,8999808823061411,2872,772,%B8999808823061411^YJXWBBYJXWBB^3109000000000000000?,%B8999808823061411=3411101293065061?,07/27/28,debit,0
CcS-9579,4998,FR320733080840220258271848,9690060468678689,8379,134,%B9690060468678689^GUZIHXGUZIHX^3412000000000000000?,%B9690060468678689=2411101172676621?,12/25/28,prepaid,1
CcS-9580,4999,US681276674920870498741258,5541182364498931,9273,737,%B5541182364498931^YGHGSTYGHGST^3008000000000000000?,%B5541182364498931=3205101580558784?,03/29/28,debit,0
CcS-9581,5000,ES956116282319170365871999,2624305470167630,4336,926,%B2624305470167630^TEJVMKTEJVMK^3004000000000000000?,%B2624305470167630=3404101123078194?,06/25/28,premium_credit,1
