DNI,Nom,Cognoms,País d'origen,Ciutat,Dia,Mes,Any,Gènere,Salari mensual,Fills,Grup Professional,Nom Complet,Nascut_Espanya,Data_naixament,Edat_actual,Increment
28973553Z,Mia,Schneider Fischer,Alemanya,Berlín,22,10,1976,Altres,998.55,No,Grup A,Mia Schneider Fischer,No,1976-10-22,49,0.05
37399141L,Laura,Schneider Fischer,Alemanya,Berlín,2,2,1958,Dona,1830.92,Sí,Grup B,Laura Schneider Fischer,No,1958-02-02,68,0.035
37368317L,Lea,Schneider Schneider,Alemanya,Berlín,23,10,2005,Dona,2083.46,No,Grup B,Lea Schneider Schneider,No,2005-10-23,20,0.035
21390098Z,Mia,Fischer,Alemanya,Berlín,11,8,1950,Dona,1611.5,Sí,Grup B,Mia Fischer,No,1950-08-11,75,0.035
44060014R,Jonas,Schneider,Alemanya,Berlín,22,11,1985,Home,2974.32,Sí,Grup D,Jonas Schneider,No,1985-11-22,40,0.08
14773153R,Lea,Fischer,Alemanya,Berlín,9,9,1986,Dona,1438.5,Sí,Grup A,Lea Fischer,No,1986-09-09,39,0.05
23266650S,Lea,Müller,Alemanya,Hamburg,14,4,2003,Dona,1379.7,No,Grup A,Lea Müller,No,2003-04-14,23,0.05
83274277X,Anna,Müller,Alemanya,Hamburg,1,1,1987,Dona,2513.28,No,Grup C,Anna Müller,No,1987-01-01,39,0.02
60161784X,Laura,Schmidt Müller,Alemanya,Hamburg,15,6,1987,,2075.7,Sí,Grup C,Laura Schmidt Müller,No,1987-06-15,38,0.02
60982309S,Lukas,Müller Fischer,Alemanya,Hamburg,28,3,1971,Home,2113.47,No,Grup B,Lukas Müller Fischer,No,1971-03-28,55,0.035
74158500N,Laura,Schneider,Alemanya,Hamburg,25,1,1957,Dona,1436.4,No,Grup A,Laura Schneider,No,1957-01-25,69,0.05
57692936L,Laura,Schmidt,Alemanya,Hamburg,3,5,1956,,1891.98,Sí,Grup B,Laura Schmidt,No,1956-05-03,70,0.035
19508494Q,Jonas,Schneider Schmidt,Alemanya,Hamburg,15,8,1983,Home,1527.66,Sí,Grup B,Jonas Schneider Schmidt,No,1983-08-15,42,0.035
68512981B,Leon,Schneider Schneider,Alemanya,Hamburg,16,10,1977,Home,3222.72,No,Grup D,Leon Schneider Schneider,No,1977-10-16,48,0.08
61558898W,Anna,Fischer,Alemanya,Hamburg,14,5,1985,Dona,2491.86,Sí,Grup C,Anna Fischer,No,1985-05-14,41,0.02
96890044J,Felix,Schmidt Schmidt,Alemanya,Hamburg,20,10,1951,Home,2010.42,No,Grup C,Felix Schmidt Schmidt,No,1951-10-20,74,0.02
79911049R,Lea,Schneider,Alemanya,Munic,22,9,1950,Dona,2881.44,Sí,Grup D,Lea Schneider,No,1950-09-22,75,0.08
23128433S,Anna,Müller,Alemanya,Munic,18,3,1956,Dona,1344.0,No,Grup A,Anna Müller,No,1956-03-18,70,0.05
90109014Q,Mia,Schneider Müller,Alemanya,Munic,28,3,1957,Dona,804.3,No,Grup A,Mia Schneider Müller,No,1957-03-28,69,0.05
43756083N,Mia,Fischer,Alemanya,Munic,8,9,1953,Dona,1724.31,No,Grup B,Mia Fischer,No,1953-09-08,72,0.035
70945038M,Leon,Schneider,Alemanya,Munic,5,5,1981,Home,1730.52,No,Grup B,Leon Schneider,No,1981-05-05,45,0.035
26634596X,Laura,Schneider Müller,Alemanya,Munic,28,11,1990,Dona,3000.24,No,Grup D,Laura Schneider Müller,No,1990-11-28,35,0.08
95605596P,Lukas,Müller Schmidt,Alemanya,Munic,23,2,2005,Home,1651.65,No,Grup A,Lukas Müller Schmidt,No,2005-02-23,21,0.05
18876645B,Matías,Gómez Álvarez,Argentina,Buenos Aires,4,12,1955,Home,1378.65,No,Grup A,Matías Gómez Álvarez,No,1955-12-04,70,0.05
74694535Z,Lucía,Fernández,Argentina,Buenos Aires,8,8,1953,Dona,802.2,No,Grup A,Lucía Fernández,No,1953-08-08,72,0.05
91347406Y,Lucía,Fernández,Argentina,Buenos Aires,28,11,1978,,795.9,No,Grup A,Lucía Fernández,No,1978-11-28,47,0.05
33214782A,Matías,Rodríguez,Argentina,Buenos Aires,12,6,1950,,1107.75,No,Grup A,Matías Rodríguez,No,1950-06-12,75,0.05
90216535S,Martina,Rodríguez Gómez,Argentina,Buenos Aires,10,3,1978,Dona,1337.22,Sí,Grup B,Martina Rodríguez Gómez,No,1978-03-10,48,0.035
44215821L,Julieta,Rodríguez,Argentina,Buenos Aires,24,7,1979,Dona,1222.33,No,Grup B,Julieta Rodríguez,No,1979-07-24,46,0.035
83374173K,Florencia,Álvarez,Argentina,Buenos Aires,14,11,1961,Dona,1095.15,No,Grup A,Florencia Álvarez,No,1961-11-14,64,0.05
18876694Z,Juan,Álvarez Fernández,Argentina,Buenos Aires,11,8,1991,Home,1461.42,Sí,Grup B,Juan Álvarez Fernández,No,1991-08-11,34,0.035
71461971W,Lucas,Álvarez,Argentina,Buenos Aires,22,3,1984,Home,1728.45,No,Grup B,Lucas Álvarez,No,1984-03-22,42,0.035
26130098V,Lucas,Álvarez,Argentina,Buenos Aires,2,8,1978,Home,943.95,Sí,Grup A,Lucas Álvarez,No,1978-08-02,47,0.05
72582805W,Juan,Álvarez,Argentina,Buenos Aires,21,2,1968,Home,931.35,Sí,Grup A,Juan Álvarez,No,1968-02-21,58,0.05
49561814F,Tomás,Gómez,Argentina,Buenos Aires,3,10,1972,Home,1506.96,No,Grup B,Tomás Gómez,No,1972-10-03,53,0.035
30532432L,Matías,Rodríguez Gómez,Argentina,Buenos Aires,28,9,1957,Home,1514.2,Sí,Grup B,Matías Rodríguez Gómez,No,1957-09-28,68,0.035
76096673N,Lucía,Álvarez,Argentina,Buenos Aires,10,8,1972,Altres,1198.05,No,Grup A,Lucía Álvarez,No,1972-08-10,53,0.05
31385792P,Matías,Fernández,Argentina,Buenos Aires,28,4,1953,Home,1315.65,No,Grup A,Matías Fernández,No,1953-04-28,73,0.05
21674643A,Julieta,Fernández,Argentina,Buenos Aires,28,1,1961,Dona,1567.65,Sí,Grup A,Julieta Fernández,No,1961-01-28,65,0.05
23645745S,Martina,Gómez,Argentina,Buenos Aires,5,12,1963,Dona,1042.65,No,Grup A,Martina Gómez,No,1963-12-05,62,0.05
24894099R,Tomás,Rodríguez Fernández,Argentina,Còrdova,20,4,1986,Home,2635.68,Sí,Grup C,Tomás Rodríguez Fernández,No,1986-04-20,40,0.02
13327616P,Tomás,Fernández Álvarez,Argentina,Còrdova,8,9,1958,Home,2530.62,No,Grup C,Tomás Fernández Álvarez,No,1958-09-08,67,0.02
33939128K,Matías,Gómez Gómez,Argentina,Còrdova,18,8,2002,Home,2152.8,Sí,Grup B,Matías Gómez Gómez,No,2002-08-18,23,0.035
14889781M,Lucas,Álvarez Álvarez,Argentina,Còrdova,17,5,1981,Home,1978.92,Sí,Grup B,Lucas Álvarez Álvarez,No,1981-05-17,45,0.035
19313369G,Florencia,Rodríguez Álvarez,Argentina,Còrdova,27,11,1999,Dona,3255.12,No,Grup D,Florencia Rodríguez Álvarez,No,1999-11-27,26,0.08
89545864F,Tomás,Gómez,Argentina,Còrdova,19,1,1996,Home,1159.2,Sí,Grup A,Tomás Gómez,No,1996-01-19,30,0.05
61343247E,Florencia,Gómez,Argentina,Còrdova,8,7,1984,,1673.7,No,Grup A,Florencia Gómez,No,1984-07-08,41,0.05
72168409M,Lucas,Fernández Álvarez,Argentina,Còrdova,27,4,1993,Home,2061.72,Sí,Grup B,Lucas Fernández Álvarez,No,1993-04-27,33,0.035
35577350W,Juan,Gómez Gómez,Argentina,Còrdova,9,10,1994,Home,1718.7,Sí,Grup C,Juan Gómez Gómez,No,1994-10-09,31,0.02
19039929Q,Matías,Álvarez,Argentina,Còrdova,24,8,1954,Home,1745.01,Sí,Grup B,Matías Álvarez,No,1954-08-24,71,0.035
73118029L,Florencia,Gómez Fernández,Argentina,Còrdova,12,7,1992,Dona,1288.57,No,Grup B,Florencia Gómez Fernández,No,1992-07-12,33,0.035
57516393C,Lucía,Fernández Álvarez,Argentina,Còrdova,11,3,1973,Dona,718.2,Sí,Grup A,Lucía Fernández Álvarez,No,1973-03-11,53,0.05
25883422V,Tomás,Fernández Fernández,Argentina,Còrdova,13,6,1964,Home,1090.95,No,Grup A,Tomás Fernández Fernández,No,1964-06-13,61,0.05
23385179B,Florencia,Fernández,Argentina,Còrdova,14,10,1979,Dona,1251.31,No,Grup B,Florencia Fernández,No,1979-10-14,46,0.035
96617848Y,Valentina,Gutiérrez Castro,Colòmbia,Bogotà,2,1,2001,Altres,1117.2,No,Grup A,Valentina Gutiérrez Castro,No,2001-01-02,25,0.05
24213568B,Felipe,Torres,Colòmbia,Bogotà,19,3,1970,Home,1302.0,Sí,Grup A,Felipe Torres,No,1970-03-19,56,0.05
58619725P,Valentina,Castro,Colòmbia,Bogotà,2,9,1951,Dona,2648.94,Sí,Grup C,Valentina Castro,No,1951-09-02,74,0.02
18968118M,Felipe,Gutiérrez Torres,Colòmbia,Bogotà,25,10,2004,Home,1444.8,No,Grup A,Felipe Gutiérrez Torres,No,2004-10-25,21,0.05
69273831N,Sara,Gutiérrez,Colòmbia,Bogotà,26,2,1970,Dona,1959.26,No,Grup B,Sara Gutiérrez,No,1970-02-26,56,0.035
66171387W,Valentina,Rojas,Colòmbia,Bogotà,6,9,1959,Dona,1226.47,No,Grup B,Valentina Rojas,No,1959-09-06,66,0.035
21135917V,Valentina,Torres,Colòmbia,Bogotà,14,1,1968,Dona,2111.4,No,Grup B,Valentina Torres,No,1968-01-14,58,0.035
57512928A,Laura,Castro Gutiérrez,Colòmbia,Bogotà,18,2,1950,Dona,1044.75,No,Grup A,Laura Castro Gutiérrez,No,1950-02-18,76,0.05
75892043S,Sara,Gutiérrez,Colòmbia,Bogotà,12,6,1954,Dona,2709.12,Sí,Grup C,Sara Gutiérrez,No,1954-06-12,71,0.02
17523109M,Daniel,Gutiérrez Castro,Colòmbia,Bogotà,8,7,1951,Home,2694.84,No,Grup C,Daniel Gutiérrez Castro,No,1951-07-08,74,0.02
27395242L,Daniel,Castro Torres,Colòmbia,Bogotà,5,4,1992,Home,1060.5,Sí,Grup A,Daniel Castro Torres,No,1992-04-05,34,0.05
62035858J,Sara,Castro,Colòmbia,Bogotà,4,12,1974,Dona,1577.34,Sí,Grup B,Sara Castro,No,1974-12-04,51,0.035
52720140A,Daniel,Rojas Torres,Colòmbia,Bogotà,20,8,1985,Home,1529.85,Sí,Grup A,Daniel Rojas Torres,No,1985-08-20,40,0.05
43658248F,Daniela,Castro,Colòmbia,Bogotà,9,3,1980,Dona,1728.45,Sí,Grup B,Daniela Castro,No,1980-03-09,46,0.035
43195593E,Daniela,Castro,Colòmbia,Bogotà,5,2,1954,Dona,2070.6,Sí,Grup C,Daniela Castro,No,1954-02-05,72,0.02
45323039E,Andrés,Gutiérrez Rojas,Colòmbia,Bogotà,18,3,1986,Home,2738.7,No,Grup C,Andrés Gutiérrez Rojas,No,1986-03-18,40,0.02
39270256A,Santiago,Rojas,Colòmbia,Bogotà,5,4,1987,Home,870.45,No,Grup A,Santiago Rojas,No,1987-04-05,39,0.05
79942683D,Valentina,Torres Torres,Colòmbia,Medellín,24,7,1951,,1314.6,No,Grup A,Valentina Torres Torres,No,1951-07-24,74,0.05
34050427S,Daniela,Castro Castro,Colòmbia,Medellín,25,12,1980,Dona,1225.35,No,Grup A,Daniela Castro Castro,No,1980-12-25,45,0.05
28967396E,Daniel,Gutiérrez Castro,Colòmbia,Medellín,4,5,1976,Home,1506.96,No,Grup B,Daniel Gutiérrez Castro,No,1976-05-04,50,0.035
31682831V,Daniela,Torres,Colòmbia,Medellín,17,5,1970,Dona,1117.2,Sí,Grup A,Daniela Torres,No,1970-05-17,56,0.05
26819385K,Sara,Torres Castro,Colòmbia,Medellín,8,8,1987,Dona,1097.25,No,Grup A,Sara Torres Castro,No,1987-08-08,38,0.05
25654945Y,Andrés,Rojas Castro,Colòmbia,Medellín,20,9,1974,Home,2444.94,No,Grup C,Andrés Rojas Castro,No,1974-09-20,51,0.02
15387541Y,Andrés,Castro,Colòmbia,Medellín,8,3,2000,Altres,1045.8,No,Grup A,Andrés Castro,No,2000-03-08,26,0.05
17164182B,Sara,Torres Castro,Colòmbia,Medellín,25,2,1992,Dona,1380.69,Sí,Grup B,Sara Torres Castro,No,1992-02-25,34,0.035
87427498D,Laura,Rojas,Colòmbia,Medellín,9,5,1969,Dona,1037.4,No,Grup A,Laura Rojas,No,1969-05-09,57,0.05
54313717Q,Laura,Castro,Colòmbia,Medellín,19,6,1958,Dona,1558.2,No,Grup A,Laura Castro,No,1958-06-19,67,0.05
16349607A,Daniel,Rojas Castro,Colòmbia,Medellín,7,10,1952,Home,838.95,Sí,Grup A,Daniel Rojas Castro,No,1952-10-07,73,0.05
49287703B,Daniel,Castro,Colòmbia,Medellín,13,10,1956,Home,1267.35,Sí,Grup A,Daniel Castro,No,1956-10-13,69,0.05
78223675H,Santiago,Gutiérrez Torres,Colòmbia,Medellín,4,12,1959,Home,2316.33,Sí,Grup B,Santiago Gutiérrez Torres,No,1959-12-04,66,0.035
81398413Q,Laura,Castro Torres,Colòmbia,Medellín,6,6,1997,Dona,1488.33,No,Grup B,Laura Castro Torres,No,1997-06-06,28,0.035
18783620K,Andrés,Torres,Colòmbia,Medellín,13,1,1967,Home,1645.35,No,Grup A,Andrés Torres,No,1967-01-13,59,0.05
52982989C,Valentina,Castro Rojas,Colòmbia,Medellín,8,12,1986,Dona,857.85,Sí,Grup A,Valentina Castro Rojas,No,1986-12-08,39,0.05
96850216C,Valentina,Gutiérrez Rojas,Colòmbia,Medellín,2,10,1959,Dona,1788.48,Sí,Grup B,Valentina Gutiérrez Rojas,No,1959-10-02,66,0.035
67234434Y,Valentina,Torres,Colòmbia,Medellín,12,7,1981,Dona,901.95,Sí,Grup A,Valentina Torres,No,1981-07-12,44,0.05
21977779F,Valentina,Torres Rojas,Colòmbia,Medellín,22,10,1957,Dona,1491.44,No,Grup B,Valentina Torres Rojas,No,1957-10-22,68,0.035
49560214X,Felipe,Gutiérrez,Colòmbia,Medellín,13,11,1989,Home,1338.75,No,Grup A,Felipe Gutiérrez,No,1989-11-13,36,0.05
93060003K,Felipe,Gutiérrez,Colòmbia,Medellín,17,9,1953,Home,1199.1,Sí,Grup A,Felipe Gutiérrez,No,1953-09-17,72,0.05
27724652S,Clara,Sánchez Martínez,Espanya,Barcelona,18,3,1996,Dona,1315.65,Sí,Grup A,Clara Sánchez Martínez,Si,1996-03-18,30,0.05
69630528M,Toni,Sánchez García,Espanya,Barcelona,9,8,1999,Home,1095.15,No,Grup A,Toni Sánchez García,Si,1999-08-09,26,0.05
14219925Z,Toni,Martínez,Espanya,Barcelona,16,5,1964,Home,935.55,No,Grup A,Toni Martínez,Si,1964-05-16,62,0.05
40695825B,Oriol,Sánchez,Espanya,Barcelona,27,7,1965,Home,1312.5,No,Grup A,Oriol Sánchez,Si,1965-07-27,60,0.05
74222289K,Toni,Castells Romero,Espanya,Barcelona,13,4,1961,Home,1488.33,No,Grup B,Toni Castells Romero,Si,1961-04-13,65,0.035
13107162J,Núria,Castells,Espanya,Barcelona,2,7,2005,Dona,1411.2,Sí,Grup A,Núria Castells,Si,2005-07-02,20,0.05
29801291B,Toni,Castells Martínez,Espanya,Barcelona,10,1,1981,Home,2175.57,Sí,Grup B,Toni Castells Martínez,Si,1981-01-10,45,0.035
89977538X,Oriol,López Martínez,Espanya,Barcelona,25,6,1952,Home,1069.95,Sí,Grup A,Oriol López Martínez,Si,1952-06-25,73,0.05
59690898N,Oriol,López Ferrer,Espanya,Barcelona,3,11,1969,Home,1550.43,Sí,Grup B,Oriol López Ferrer,Si,1969-11-03,56,0.035
67466708W,Jordi,Romero,Espanya,Barcelona,27,8,1968,Home,848.4,No,Grup A,Jordi Romero,Si,1968-08-27,57,0.05
42754306Q,Toni,López Sánchez,Espanya,Barcelona,25,2,1975,Home,1039.5,No,Grup A,Toni López Sánchez,Si,1975-02-25,51,0.05
17393705Z,Joan,Castells,Espanya,Barcelona,10,12,1975,Home,1750.35,Sí,Grup A,Joan Castells,Si,1975-12-10,50,0.05
14944003P,Arnau,Sánchez López,Espanya,Barcelona,28,6,1960,Home,1171.8,No,Grup A,Arnau Sánchez López,Si,1960-06-28,65,0.05
80981912X,Eva,Martínez,Espanya,Barcelona,11,9,1974,Dona,822.15,No,Grup A,Eva Martínez,Si,1974-09-11,51,0.05
76740096F,Joan,Romero Romero,Espanya,Barcelona,21,2,1999,Home,1620.15,Sí,Grup A,Joan Romero Romero,Si,1999-02-21,27,0.05
42373200J,Anna,Sánchez,Espanya,Barcelona,17,7,1984,Altres,1509.9,Sí,Grup A,Anna Sánchez,Si,1984-07-17,41,0.05
25463106V,Núria,Ferrer,Espanya,Barcelona,18,4,1957,,1465.8,Sí,Grup A,Núria Ferrer,Si,1957-04-18,69,0.05
80887497Q,Toni,Ferrer,Espanya,Barcelona,12,4,1985,Home,2691.78,No,Grup C,Toni Ferrer,Si,1985-04-12,41,0.02
89652804F,Marc,Ferrer Castells,Espanya,Barcelona,25,8,2002,Home,1755.6,No,Grup A,Marc Ferrer Castells,Si,2002-08-25,23,0.05
85696755S,Marc,García,Espanya,Barcelona,23,7,1998,Home,1408.05,Sí,Grup A,Marc García,Si,1998-07-23,27,0.05
21762997G,Pau,Sánchez,Espanya,Barcelona,13,3,1962,Home,1524.55,No,Grup B,Pau Sánchez,Si,1962-03-13,64,0.035
53012171X,Laia,Sánchez Castells,Espanya,Barcelona,21,11,1970,Dona,2129.0,Sí,Grup B,Laia Sánchez Castells,Si,1970-11-21,55,0.035
63688361W,Joan,García,Espanya,Barcelona,24,12,1957,Home,1635.9,Sí,Grup A,Joan García,Si,1957-12-24,68,0.05
97566754L,Marc,Martínez Martínez,Espanya,Barcelona,6,4,2001,,1160.25,Sí,Grup A,Marc Martínez Martínez,Si,2001-04-06,25,0.05
27007812G,Toni,Romero,Espanya,Barcelona,9,12,1989,Home,1741.95,Sí,Grup A,Toni Romero,Si,1989-12-09,36,0.05
33484869X,Jordi,Sánchez,Espanya,Barcelona,6,6,1981,Home,2976.48,No,Grup D,Jordi Sánchez,Si,1981-06-06,44,0.08
96105165A,Marta,Martínez Castells,Espanya,Barcelona,16,7,1977,Dona,2501.04,Sí,Grup C,Marta Martínez Castells,Si,1977-07-16,48,0.02
85011730B,Oriol,García Castells,Espanya,Barcelona,18,6,1955,Home,1272.6,No,Grup A,Oriol García Castells,Si,1955-06-18,70,0.05
65912422Z,Carla,López,Espanya,Barcelona,18,7,1965,Dona,1216.95,Sí,Grup A,Carla López,Si,1965-07-18,60,0.05
21050694P,Toni,Sánchez,Espanya,Barcelona,1,1,1987,Home,1545.26,No,Grup B,Toni Sánchez,Si,1987-01-01,39,0.035
50776135C,Laia,Ferrer,Espanya,Barcelona,23,11,1972,Dona,987.0,No,Grup A,Laia Ferrer,Si,1972-11-23,53,0.05
20477181R,Anna,Castells García,Espanya,Barcelona,22,10,1952,Dona,732.9,No,Grup A,Anna Castells García,Si,1952-10-22,73,0.05
96251362T,Oriol,Ferrer Martínez,Espanya,Barcelona,26,7,1950,Home,1001.7,No,Grup A,Oriol Ferrer Martínez,Si,1950-07-26,75,0.05
21898585T,Jordi,Sánchez,Espanya,Barcelona,18,6,1981,Home,840.0,Sí,Grup A,Jordi Sánchez,Si,1981-06-18,44,0.05
93647831W,Jordi,Sánchez Martínez,Espanya,Barcelona,6,11,1998,Home,1149.75,No,Grup A,Jordi Sánchez Martínez,Si,1998-11-06,27,0.05
58136944R,Marta,Ferrer,Espanya,Barcelona,28,6,2001,Dona,1368.15,Sí,Grup A,Marta Ferrer,Si,2001-06-28,24,0.05
69900538Q,Núria,López Romero,Espanya,Barcelona,17,9,1957,Dona,1099.35,No,Grup A,Núria López Romero,Si,1957-09-17,68,0.05
97525504X,Laia,Martínez,Espanya,Barcelona,22,1,1951,Dona,1247.4,Sí,Grup A,Laia Martínez,Si,1951-01-22,75,0.05
94898766F,Joan,Romero,Espanya,Barcelona,26,4,1969,Altres,3429.0,No,Grup D,Joan Romero,Si,1969-04-26,57,0.08
60287803J,Pau,Ferrer,Espanya,Barcelona,15,3,1991,Home,1555.6,Sí,Grup B,Pau Ferrer,Si,1991-03-15,35,0.035
34349532Y,Marc,Ferrer Sánchez,Espanya,Barcelona,15,7,1977,Home,1757.7,No,Grup A,Marc Ferrer Sánchez,Si,1977-07-15,48,0.05
52037173E,Núria,García Martínez,Espanya,Barcelona,26,5,2005,Dona,1386.0,Sí,Grup A,Núria García Martínez,Si,2005-05-26,20,0.05
37325572G,Carla,López López,Espanya,Barcelona,7,3,1956,Dona,852.6,Sí,Grup A,Carla López López,Si,1956-03-07,70,0.05
21309247F,Oriol,García Ferrer,Espanya,Barcelona,9,12,2003,Home,1683.15,Sí,Grup A,Oriol García Ferrer,Si,2003-12-09,22,0.05
71124235C,Carla,Ferrer,Espanya,Barcelona,27,10,1987,Dona,877.8,No,Grup A,Carla Ferrer,Si,1987-10-27,38,0.05
14688639J,Toni,Castells Ferrer,Espanya,Barcelona,15,11,1974,,1904.4,No,Grup B,Toni Castells Ferrer,Si,1974-11-15,51,0.035
42839231P,Arnau,López Martínez,Espanya,Barcelona,15,11,1972,Home,1666.35,No,Grup A,Arnau López Martínez,Si,1972-11-15,53,0.05
56867791S,Marc,Castells Sánchez,Espanya,Barcelona,24,6,2000,Home,1446.93,No,Grup B,Marc Castells Sánchez,Si,2000-06-24,25,0.035
92774049Y,Oriol,Romero García,Espanya,Barcelona,5,9,1972,Home,1512.14,No,Grup B,Oriol Romero García,Si,1972-09-05,53,0.035
20520614Y,Núria,Ferrer,Espanya,Barcelona,9,6,1959,,2029.63,No,Grup B,Núria Ferrer,Si,1959-06-09,66,0.035
21786454M,Laia,Martínez,Espanya,Barcelona,11,2,1951,Dona,1371.3,No,Grup A,Laia Martínez,Si,1951-02-11,75,0.05
63679621R,Laia,Martínez Romero,Espanya,Barcelona,5,9,1958,Dona,1097.25,No,Grup A,Laia Martínez Romero,Si,1958-09-05,67,0.05
47660164G,Jordi,Romero Martínez,Espanya,Barcelona,11,6,1983,Home,2383.6,No,Grup B,Jordi Romero Martínez,Si,1983-06-11,42,0.035
80030295H,Carla,Romero López,Espanya,Barcelona,23,5,2002,Dona,814.8,Sí,Grup A,Carla Romero López,Si,2002-05-23,24,0.05
93244065C,Jordi,García Romero,Espanya,Barcelona,28,5,1952,Home,2597.94,Sí,Grup C,Jordi García Romero,Si,1952-05-28,74,0.02
26427399L,Pau,Castells,Espanya,Barcelona,22,1,1986,Home,2252.16,No,Grup C,Pau Castells,Si,1986-01-22,40,0.02
37774950Y,Carla,García,Espanya,Barcelona,25,10,1952,Dona,997.5,No,Grup A,Carla García,Si,1952-10-25,73,0.05
37655961A,Núria,García,Espanya,Barcelona,2,5,1989,Dona,1683.94,Sí,Grup B,Núria García,Si,1989-05-02,37,0.035
16112726L,Clara,Castells Romero,Espanya,Barcelona,4,1,1999,Dona,1461.6,Sí,Grup A,Clara Castells Romero,Si,1999-01-04,27,0.05
53518484J,Joan,Martínez,Espanya,Barcelona,14,9,1999,Home,2779.5,No,Grup C,Joan Martínez,Si,1999-09-14,26,0.02
68186758D,Carla,García,Espanya,Barcelona,6,10,2001,Dona,2030.67,Sí,Grup B,Carla García,Si,2001-10-06,24,0.035
66520712S,Pau,Castells,Espanya,Barcelona,1,7,1972,Home,1056.3,No,Grup A,Pau Castells,Si,1972-07-01,53,0.05
57892591M,Anna,Castells,Espanya,Barcelona,2,1,1951,Dona,964.95,No,Grup A,Anna Castells,Si,1951-01-02,75,0.05
59779704A,Clara,Romero López,Espanya,Barcelona,8,12,1985,Dona,1433.48,Sí,Grup B,Clara Romero López,Si,1985-12-08,40,0.035
45074340P,Núria,Ferrer,Espanya,Barcelona,27,10,1977,Dona,1179.15,No,Grup A,Núria Ferrer,Si,1977-10-27,48,0.05
19631537S,Laia,Ferrer,Espanya,Barcelona,21,12,1987,Dona,3051.0,Sí,Grup D,Laia Ferrer,Si,1987-12-21,38,0.08
97299170Q,Marta,Romero Ferrer,Espanya,Barcelona,7,2,1962,Dona,1382.76,Sí,Grup B,Marta Romero Ferrer,Si,1962-02-07,64,0.035
19356603P,Marta,Castells,Espanya,Barcelona,2,10,2003,Dona,2897.64,No,Grup D,Marta Castells,Si,2003-10-02,22,0.08
59909991M,Núria,Martínez,Espanya,Barcelona,19,6,1981,Dona,1977.78,No,Grup C,Núria Martínez,Si,1981-06-19,44,0.02
55213721K,Joan,López Ferrer,Espanya,Barcelona,21,6,1951,Home,2844.78,No,Grup C,Joan López Ferrer,Si,1951-06-21,74,0.02
34121407E,Arnau,López Sánchez,Espanya,Barcelona,22,5,1951,Home,1723.8,Sí,Grup C,Arnau López Sánchez,Si,1951-05-22,75,0.02
79349076S,Núria,Martínez Ferrer,Espanya,Barcelona,7,11,1991,Dona,1558.71,No,Grup B,Núria Martínez Ferrer,Si,1991-11-07,34,0.035
66268793B,Oriol,Castells,Espanya,Barcelona,8,7,1950,Home,2835.6,Sí,Grup C,Oriol Castells,Si,1950-07-08,75,0.02
18736805D,Laia,Romero,Espanya,Barcelona,17,4,1962,Dona,1796.22,No,Grup C,Laia Romero,Si,1962-04-17,64,0.02
50351415W,Núria,Ferrer,Espanya,Barcelona,19,9,2001,Dona,1187.14,Sí,Grup B,Núria Ferrer,Si,2001-09-19,24,0.035
63645871Q,Toni,López,Espanya,Barcelona,27,9,1979,,904.05,No,Grup A,Toni López,Si,1979-09-27,46,0.05
63487190Q,Laia,Castells López,Espanya,Barcelona,15,11,1969,Dona,1533.87,No,Grup B,Laia Castells López,Si,1969-11-15,56,0.035
89757860E,Eva,Castells Martínez,Espanya,Barcelona,15,7,1996,Dona,1417.95,Sí,Grup B,Eva Castells Martínez,Si,1996-07-15,29,0.035
15228560C,Jordi,Castells,Espanya,Barcelona,19,7,1978,Home,1618.05,No,Grup A,Jordi Castells,Si,1978-07-19,47,0.05
82418527A,Jordi,Ferrer,Espanya,Barcelona,28,6,2002,Home,1009.05,No,Grup A,Jordi Ferrer,Si,2002-06-28,23,0.05
18479670K,Pau,Castells,Espanya,Barcelona,14,9,1991,Home,1642.2,No,Grup A,Pau Castells,Si,1991-09-14,34,0.05
24238964E,Joan,Martínez Castells,Espanya,Barcelona,22,7,1987,Home,1223.25,No,Grup A,Joan Martínez Castells,Si,1987-07-22,38,0.05
46145725B,Toni,Ferrer,Espanya,Barcelona,24,8,1972,Home,1750.35,Sí,Grup A,Toni Ferrer,Si,1972-08-24,53,0.05
97294667E,Jordi,García,Espanya,Barcelona,3,1,1975,Home,1014.3,Sí,Grup A,Jordi García,Si,1975-01-03,51,0.05
53071392K,Oriol,Martínez,Espanya,Barcelona,9,7,2002,Home,2059.38,Sí,Grup C,Oriol Martínez,Si,2002-07-09,23,0.02
25439397A,Pau,Ferrer García,Espanya,Barcelona,21,3,1982,Home,1314.45,No,Grup B,Pau Ferrer García,Si,1982-03-21,44,0.035
19721783S,Núria,Ferrer,Espanya,Barcelona,7,12,1983,Dona,2032.74,No,Grup B,Núria Ferrer,Si,1983-12-07,42,0.035
99611153A,Arnau,Sánchez,Espanya,Barcelona,16,12,1998,Home,1506.75,No,Grup A,Arnau Sánchez,Si,1998-12-16,27,0.05
85693556P,Joan,Romero Martínez,Espanya,Barcelona,2,11,1973,Home,1623.3,Sí,Grup A,Joan Romero Martínez,Si,1973-11-02,52,0.05
27368854D,Marta,Castells López,Espanya,Barcelona,9,6,1985,Dona,1509.9,No,Grup A,Marta Castells López,Si,1985-06-09,40,0.05
58740246B,Pau,Ferrer Martínez,Espanya,Barcelona,24,12,1964,Home,895.65,No,Grup A,Pau Ferrer Martínez,Si,1964-12-24,61,0.05
68722397X,Laia,Romero Martínez,Espanya,Barcelona,28,5,1964,Dona,1065.75,No,Grup A,Laia Romero Martínez,Si,1964-05-28,62,0.05
15336274M,Laia,López Sánchez,Espanya,Barcelona,11,5,1964,Dona,2163.15,No,Grup B,Laia López Sánchez,Si,1964-05-11,62,0.035
41718924T,Marc,Martínez Castells,Espanya,Barcelona,13,5,1979,,1546.65,No,Grup A,Marc Martínez Castells,Si,1979-05-13,47,0.05
11062448Q,Marta,Martínez,Espanya,Barcelona,4,7,1980,Dona,1718.1,Sí,Grup B,Marta Martínez,Si,1980-07-04,45,0.035
84904881L,Pau,Castells Martínez,Espanya,Barcelona,3,1,1985,Home,1304.1,No,Grup A,Pau Castells Martínez,Si,1985-01-03,41,0.05
17135791L,Toni,Romero García,Espanya,Barcelona,12,6,1963,Home,1653.93,No,Grup B,Toni Romero García,Si,1963-06-12,62,0.035
67985873N,Anna,Castells Ferrer,Espanya,Barcelona,8,1,1983,Dona,1568.7,Sí,Grup A,Anna Castells Ferrer,Si,1983-01-08,43,0.05
15895974X,Núria,Ferrer,Espanya,Barcelona,10,4,1957,Dona,2413.32,No,Grup C,Núria Ferrer,Si,1957-04-10,69,0.02
49846108N,Joan,Romero López,Espanya,Barcelona,11,1,1950,Home,2051.37,Sí,Grup B,Joan Romero López,Si,1950-01-11,76,0.035
33177087Z,Toni,Romero,Espanya,Barcelona,7,5,1990,Home,1156.05,No,Grup A,Toni Romero,Si,1990-05-07,36,0.05
32873655H,Pau,Martínez García,Espanya,Barcelona,15,11,1989,Home,2332.89,No,Grup B,Pau Martínez García,Si,1989-11-15,36,0.035
32610074J,Joan,López,Espanya,Barcelona,22,10,1964,Home,1704.15,No,Grup A,Joan López,Si,1964-10-22,61,0.05
66192865D,Carla,Romero,Espanya,Barcelona,17,6,1998,Dona,1847.48,Sí,Grup B,Carla Romero,Si,1998-06-17,27,0.035
68747775D,Eva,Castells Romero,Espanya,Barcelona,13,2,1980,Altres,977.55,No,Grup A,Eva Castells Romero,Si,1980-02-13,46,0.05
87203712F,Arnau,Martínez Sánchez,Espanya,Barcelona,20,6,1971,Home,1421.05,No,Grup B,Arnau Martínez Sánchez,Si,1971-06-20,54,0.035
41288932T,Carla,Castells,Espanya,Barcelona,24,10,1962,Dona,1291.68,Sí,Grup B,Carla Castells,Si,1962-10-24,63,0.035
13080692S,Eva,Ferrer Romero,Espanya,Barcelona,1,11,2005,Dona,3130.92,No,Grup D,Eva Ferrer Romero,Si,2005-11-01,20,0.08
75528612H,Núria,Martínez Sánchez,Espanya,Barcelona,23,7,1999,Dona,2228.7,Sí,Grup C,Núria Martínez Sánchez,Si,1999-07-23,26,0.02
70317853J,Núria,Romero,Espanya,Barcelona,24,12,1970,Dona,2006.86,No,Grup B,Núria Romero,Si,1970-12-24,55,0.035
47126739B,Carla,Ferrer,Espanya,Barcelona,17,12,1963,Dona,1966.56,Sí,Grup C,Carla Ferrer,Si,1963-12-17,62,0.02
37528225W,Clara,Castells,Espanya,Barcelona,17,7,1953,Dona,816.9,No,Grup A,Clara Castells,Si,1953-07-17,72,0.05
25178167X,Laia,Sánchez,Espanya,Barcelona,27,1,1965,Dona,1941.66,Sí,Grup B,Laia Sánchez,Si,1965-01-27,61,0.035
13814869T,Joan,Romero Romero,Espanya,Barcelona,3,11,1995,Home,1163.4,Sí,Grup A,Joan Romero Romero,Si,1995-11-03,30,0.05
65314666K,Marta,Sánchez Romero,Espanya,Barcelona,5,6,1993,Dona,1366.2,No,Grup B,Marta Sánchez Romero,Si,1993-06-05,32,0.035
60189754G,Clara,Sánchez,Espanya,Barcelona,3,10,1985,Dona,1502.55,No,Grup A,Clara Sánchez,Si,1985-10-03,40,0.05
28369496M,Núria,López,Espanya,Barcelona,28,5,1961,Dona,836.85,Sí,Grup A,Núria López,Si,1961-05-28,65,0.05
98834273R,Pau,Romero Martínez,Espanya,Barcelona,16,9,1974,Home,1814.35,No,Grup B,Pau Romero Martínez,Si,1974-09-16,51,0.035
64708400Q,Eva,García,Espanya,Barcelona,27,10,1960,Dona,760.2,Sí,Grup A,Eva García,Si,1960-10-27,65,0.05
47702024A,Clara,García Ferrer,Espanya,Barcelona,10,10,1956,Dona,2055.51,No,Grup B,Clara García Ferrer,Si,1956-10-10,69,0.035
36305607S,Jordi,Sánchez,Espanya,Barcelona,1,3,1976,Home,1796.22,No,Grup C,Jordi Sánchez,Si,1976-03-01,50,0.02
26880397A,Carla,Castells Castells,Espanya,Barcelona,27,3,1977,Dona,1500.45,No,Grup A,Carla Castells Castells,Si,1977-03-27,49,0.05
28370355T,Marta,Romero,Espanya,Barcelona,8,4,1957,Dona,724.5,No,Grup A,Marta Romero,Si,1957-04-08,69,0.05
64200072V,Toni,Martínez Castells,Espanya,Barcelona,23,10,1957,Home,1445.85,No,Grup A,Toni Martínez Castells,Si,1957-10-23,68,0.05
90082879P,Jordi,Martínez Sánchez,Espanya,Barcelona,12,12,1970,Home,2715.24,Sí,Grup C,Jordi Martínez Sánchez,Si,1970-12-12,55,0.02
59664001Z,Arnau,Martínez López,Espanya,Barcelona,5,9,1979,Home,2339.88,No,Grup C,Arnau Martínez López,Si,1979-09-05,46,0.02
87991679M,Anna,Ferrer,Espanya,Barcelona,25,11,1967,Dona,1457.28,No,Grup B,Anna Ferrer,Si,1967-11-25,58,0.035
83539759S,Marta,López,Espanya,Barcelona,4,6,2002,Dona,1210.95,Sí,Grup B,Marta López,Si,2002-06-04,23,0.035
95031765F,Anna,López Sánchez,Espanya,Barcelona,19,9,1963,Dona,1494.54,Sí,Grup B,Anna López Sánchez,Si,1963-09-19,62,0.035
87757452L,Marc,Romero,Espanya,Barcelona,16,8,1986,Home,1721.2,No,Grup B,Marc Romero,Si,1986-08-16,39,0.035
38241293F,Carla,Martínez Castells,Espanya,Barcelona,21,10,1980,Dona,792.75,No,Grup A,Carla Martínez Castells,Si,1980-10-21,45,0.05
92775120P,Joan,López Castells,Espanya,Barcelona,1,4,1984,,1609.42,Sí,Grup B,Joan López Castells,Si,1984-04-01,42,0.035
20692229R,Oriol,López Romero,Espanya,Barcelona,22,5,1983,Home,1191.75,Sí,Grup A,Oriol López Romero,Si,1983-05-22,43,0.05
63182449W,Jordi,Romero,Espanya,Barcelona,12,12,1950,Home,2331.86,Sí,Grup B,Jordi Romero,Si,1950-12-12,75,0.035
21277706W,Carla,Ferrer,Espanya,Barcelona,13,12,1969,Dona,956.55,No,Grup A,Carla Ferrer,Si,1969-12-13,56,0.05
15566633F,Laia,Sánchez Martínez,Espanya,Barcelona,10,2,1971,Dona,1498.35,No,Grup A,Laia Sánchez Martínez,Si,1971-02-10,55,0.05
51235097D,Oriol,Martínez López,Espanya,Barcelona,24,6,1980,Home,2136.24,No,Grup B,Oriol Martínez López,Si,1980-06-24,45,0.035
90914480C,Oriol,Castells,Espanya,Barcelona,3,12,1987,Home,1745.1,No,Grup A,Oriol Castells,Si,1987-12-03,38,0.05
55212704B,Pau,Martínez Romero,Espanya,Barcelona,26,7,1986,Home,1799.86,No,Grup B,Pau Martínez Romero,Si,1986-07-26,39,0.035
23763581C,Arnau,García Ferrer,Espanya,Barcelona,1,6,1979,Home,1776.06,Sí,Grup B,Arnau García Ferrer,Si,1979-06-01,46,0.035
39104359X,Jordi,Romero García,Espanya,Barcelona,17,2,1972,Home,1190.7,No,Grup A,Jordi Romero García,Si,1972-02-17,54,0.05
18457585L,Anna,Ferrer Sánchez,Espanya,Barcelona,25,8,1965,,1487.29,Sí,Grup B,Anna Ferrer Sánchez,Si,1965-08-25,60,0.035
80698214F,Joan,Romero,Espanya,Barcelona,8,1,1985,Home,2437.8,No,Grup C,Joan Romero,Si,1985-01-08,41,0.02
12935907W,Pau,Ferrer García,Espanya,Barcelona,21,6,1990,Home,1510.06,Sí,Grup B,Pau Ferrer García,Si,1990-06-21,35,0.035
96487370W,Marc,Castells,Espanya,Barcelona,15,6,1952,Home,2659.14,Sí,Grup C,Marc Castells,Si,1952-06-15,73,0.02
21159286B,Anna,García,Espanya,Barcelona,22,12,1999,Dona,1553.54,No,Grup B,Anna García,Si,1999-12-22,26,0.035
12091945C,Oriol,Sánchez,Espanya,Barcelona,5,2,1986,Home,784.35,No,Grup A,Oriol Sánchez,Si,1986-02-05,40,0.05
89759837X,Laia,Romero,Espanya,Barcelona,17,9,1966,Dona,999.6,Sí,Grup A,Laia Romero,Si,1966-09-17,59,0.05
46192881X,Eva,Martínez López,Espanya,Barcelona,11,4,1958,Dona,1397.25,No,Grup B,Eva Martínez López,Si,1958-04-11,68,0.035
67475809B,Jordi,Romero,Espanya,Barcelona,6,9,1952,Home,1756.65,Sí,Grup A,Jordi Romero,Si,1952-09-06,73,0.05
21511240Y,Oriol,García Castells,Espanya,Barcelona,8,5,1987,Home,962.85,No,Grup A,Oriol García Castells,Si,1987-05-08,39,0.05
43630705N,Laia,Ferrer,Espanya,Barcelona,2,2,1953,Dona,1441.76,Sí,Grup B,Laia Ferrer,Si,1953-02-02,73,0.035
88020602R,Toni,Romero,Espanya,Barcelona,23,8,2001,Home,2263.54,No,Grup B,Toni Romero,Si,2001-08-23,24,0.035
92573413K,Toni,Castells,Espanya,Barcelona,20,10,1984,Home,1868.64,No,Grup C,Toni Castells,Si,1984-10-20,41,0.02
25874228C,Laia,López,Espanya,Barcelona,8,3,1970,Dona,1380.75,No,Grup A,Laia López,Si,1970-03-08,56,0.05
69760120X,Laia,Ferrer Martínez,Espanya,Barcelona,11,11,1980,Dona,716.1,No,Grup A,Laia Ferrer Martínez,Si,1980-11-11,45,0.05
82947791W,Jordi,García,Espanya,Barcelona,23,5,1984,Home,1732.98,Sí,Grup C,Jordi García,Si,1984-05-23,42,0.02
96880751H,Marta,Martínez Martínez,Espanya,Bilbao,23,8,1995,,2047.14,No,Grup C,Marta Martínez Martínez,Si,1995-08-23,30,0.02
17029292R,Marc,Romero Martínez,Espanya,Bilbao,4,7,1993,Home,2097.94,Sí,Grup B,Marc Romero Martínez,Si,1993-07-04,32,0.035
48870261R,Jordi,Sánchez,Espanya,Bilbao,16,8,1962,Home,779.1,No,Grup A,Jordi Sánchez,Si,1962-08-16,63,0.05
96482330F,Marc,Ferrer Ferrer,Espanya,Bilbao,20,3,1974,Home,1604.25,Sí,Grup B,Marc Ferrer Ferrer,Si,1974-03-20,52,0.035
17856143W,Anna,Martínez Martínez,Espanya,Bilbao,26,9,1972,Dona,819.0,No,Grup A,Anna Martínez Martínez,Si,1972-09-26,53,0.05
52684613F,Núria,Castells,Espanya,Bilbao,14,11,1960,,2856.0,Sí,Grup C,Núria Castells,Si,1960-11-14,65,0.02
17851044J,Pau,Ferrer,Espanya,Bilbao,25,4,1957,Home,1365.16,Sí,Grup B,Pau Ferrer,Si,1957-04-25,69,0.035
71226479A,Toni,Sánchez García,Espanya,Bilbao,28,2,2000,Home,1450.05,No,Grup A,Toni Sánchez García,Si,2000-02-28,26,0.05
16587202X,Eva,López,Espanya,Bilbao,16,12,1974,Dona,2031.7,No,Grup B,Eva López,Si,1974-12-16,51,0.035
44988676P,Eva,Sánchez,Espanya,Bilbao,10,1,1977,Dona,1953.04,No,Grup B,Eva Sánchez,Si,1977-01-10,49,0.035
58904747N,Joan,Ferrer,Espanya,Bilbao,13,11,1994,Home,1574.24,No,Grup B,Joan Ferrer,Si,1994-11-13,31,0.035
98082914F,Anna,Ferrer Sánchez,Espanya,Bilbao,21,10,1982,Dona,1389.15,No,Grup A,Anna Ferrer Sánchez,Si,1982-10-21,43,0.05
31532532F,Laia,Castells,Espanya,Bilbao,19,4,1950,Dona,2643.84,No,Grup D,Laia Castells,Si,1950-04-19,76,0.08
64134967K,Clara,Sánchez,Espanya,Bilbao,1,10,1965,Dona,857.85,Sí,Grup A,Clara Sánchez,Si,1965-10-01,60,0.05
90370999E,Marc,Sánchez López,Espanya,Bilbao,6,8,1990,Home,2026.74,No,Grup C,Marc Sánchez López,Si,1990-08-06,35,0.02
31039740J,Anna,Castells,Espanya,Bilbao,20,3,1987,Dona,1450.05,No,Grup A,Anna Castells,Si,1987-03-20,39,0.05
69934163X,Laia,Martínez Ferrer,Espanya,Bilbao,19,10,1956,Dona,1030.05,Sí,Grup A,Laia Martínez Ferrer,Si,1956-10-19,69,0.05
48108194K,Marta,Sánchez,Espanya,Bilbao,1,9,1972,Dona,1211.7,No,Grup A,Marta Sánchez,Si,1972-09-01,53,0.05
90181637T,Núria,López,Espanya,Bilbao,1,1,1973,Dona,1725.34,Sí,Grup B,Núria López,Si,1973-01-01,53,0.035
85738042R,Toni,García,Espanya,Bilbao,28,10,1998,Home,2768.28,Sí,Grup C,Toni García,Si,1998-10-28,27,0.02
35072309W,Pau,Ferrer,Espanya,Bilbao,6,8,1964,Home,1213.8,No,Grup A,Pau Ferrer,Si,1964-08-06,61,0.05
68948799D,Clara,Castells García,Espanya,Bilbao,11,1,1964,Dona,1155.0,Sí,Grup A,Clara Castells García,Si,1964-01-11,62,0.05
41156735G,Toni,Castells,Espanya,Bilbao,7,6,1990,Home,1732.59,No,Grup B,Toni Castells,Si,1990-06-07,35,0.035
10674532Q,Jordi,Castells Ferrer,Espanya,Bilbao,23,2,1979,Home,1279.95,No,Grup A,Jordi Castells Ferrer,Si,1979-02-23,47,0.05
25710763B,Eva,Castells García,Espanya,Bilbao,18,3,1993,Dona,2680.56,No,Grup C,Eva Castells García,Si,1993-03-18,33,0.02
52195959W,Carla,Castells García,Espanya,Bilbao,7,1,1994,Dona,1358.7,No,Grup A,Carla Castells García,Si,1994-01-07,32,0.05
54585678Q,Pau,López Martínez,Espanya,Bilbao,22,5,1967,Home,2199.38,Sí,Grup B,Pau López Martínez,Si,1967-05-22,59,0.035
42625930X,Joan,Romero,Espanya,Bilbao,15,11,1987,Home,1581.48,No,Grup B,Joan Romero,Si,1987-11-15,38,0.035
44075059L,Oriol,Sánchez Sánchez,Espanya,Bilbao,17,3,2002,Home,1878.52,Sí,Grup B,Oriol Sánchez Sánchez,Si,2002-03-17,24,0.035
12499600L,Pau,Ferrer López,Espanya,Bilbao,22,11,1960,Home,2621.4,Sí,Grup C,Pau Ferrer López,Si,1960-11-22,65,0.02
87744901Q,Toni,García,Espanya,Bilbao,20,9,1990,Home,1757.43,No,Grup B,Toni García,Si,1990-09-20,35,0.035
46969469J,Marc,Romero Romero,Espanya,Bilbao,8,8,1959,Home,2223.6,Sí,Grup C,Marc Romero Romero,Si,1959-08-08,66,0.02
24418722F,Marta,Romero Sánchez,Espanya,Bilbao,19,7,1968,Dona,1087.8,No,Grup A,Marta Romero Sánchez,Si,1968-07-19,57,0.05
76674953J,Jordi,Sánchez,Espanya,Bilbao,5,3,1952,Home,1311.45,No,Grup A,Jordi Sánchez,Si,1952-03-05,74,0.05
27292471C,Eva,García,Espanya,Bilbao,18,10,1962,,2209.72,No,Grup B,Eva García,Si,1962-10-18,63,0.035
51884150Q,Joan,Romero Sánchez,Espanya,Bilbao,24,7,1951,Home,1545.26,Sí,Grup B,Joan Romero Sánchez,Si,1951-07-24,74,0.035
65118360Z,Joan,Romero Martínez,Espanya,Bilbao,19,11,1954,Home,2164.18,No,Grup B,Joan Romero Martínez,Si,1954-11-19,71,0.035
98052221N,Marta,Martínez,Espanya,Bilbao,22,6,1973,Dona,858.9,No,Grup A,Marta Martínez,Si,1973-06-22,52,0.05
58101481N,Jordi,Sánchez,Espanya,Bilbao,20,4,1993,Home,1353.45,No,Grup A,Jordi Sánchez,Si,1993-04-20,33,0.05
24315095T,Toni,Ferrer,Espanya,Bilbao,24,2,1964,Altres,2214.9,No,Grup B,Toni Ferrer,Si,1964-02-24,62,0.035
14473175F,Oriol,Castells,Espanya,Bilbao,17,3,1965,Home,2299.77,No,Grup B,Oriol Castells,Si,1965-03-17,61,0.035
74165595P,Jordi,Castells,Espanya,Bilbao,1,6,1953,Home,1392.3,Sí,Grup A,Jordi Castells,Si,1953-06-01,73,0.05
43099073D,Marc,Martínez Martínez,Espanya,Bilbao,4,1,2001,Home,1751.4,Sí,Grup A,Marc Martínez Martínez,Si,2001-01-04,25,0.05
59715366K,Oriol,Romero Sánchez,Espanya,Bilbao,6,2,1997,Home,2843.76,Sí,Grup C,Oriol Romero Sánchez,Si,1997-02-06,29,0.02
29753711H,Anna,Ferrer Castells,Espanya,Bilbao,18,8,1992,Dona,1363.09,Sí,Grup B,Anna Ferrer Castells,Si,1992-08-18,33,0.035
59372221S,Laia,Ferrer,Espanya,Bilbao,22,5,1978,Dona,1260.63,No,Grup B,Laia Ferrer,Si,1978-05-22,48,0.035
61477292C,Marta,Romero,Espanya,Bilbao,8,7,1978,Dona,1910.61,No,Grup B,Marta Romero,Si,1978-07-08,47,0.035
86419307C,Eva,Castells Romero,Espanya,Bilbao,25,7,1988,Dona,2627.64,Sí,Grup D,Eva Castells Romero,Si,1988-07-25,37,0.08
60957935K,Eva,López,Espanya,Bilbao,26,12,1964,Dona,1274.7,No,Grup A,Eva López,Si,1964-12-26,61,0.05
38593878Z,Jordi,García,Espanya,Bilbao,11,1,1950,Home,1043.7,No,Grup A,Jordi García,Si,1950-01-11,76,0.05
53457611N,Arnau,López López,Espanya,Bilbao,6,6,1991,Home,1430.37,No,Grup B,Arnau López López,Si,1991-06-06,34,0.035
35566470L,Carla,López Sánchez,Espanya,Bilbao,11,10,1961,Dona,1682.91,Sí,Grup B,Carla López Sánchez,Si,1961-10-11,64,0.035
93122931K,Toni,Ferrer,Espanya,Bilbao,5,9,1957,Home,1464.52,No,Grup B,Toni Ferrer,Si,1957-09-05,68,0.035
63960462M,Anna,Castells Martínez,Espanya,Bilbao,6,3,1959,Dona,1615.63,Sí,Grup B,Anna Castells Martínez,Si,1959-03-06,67,0.035
28171073A,Núria,Martínez Romero,Espanya,Bilbao,9,7,1965,Dona,1675.66,Sí,Grup B,Núria Martínez Romero,Si,1965-07-09,60,0.035
19404501Z,Arnau,Ferrer Sánchez,Espanya,Bilbao,6,11,1969,Home,1398.6,Sí,Grup A,Arnau Ferrer Sánchez,Si,1969-11-06,56,0.05
67320503B,Toni,López,Espanya,Bilbao,26,1,1998,Home,1899.24,No,Grup C,Toni López,Si,1998-01-26,28,0.02
67537453P,Joan,Romero Martínez,Espanya,Bilbao,24,12,1985,Home,1825.74,No,Grup B,Joan Romero Martínez,Si,1985-12-24,40,0.035
10624826J,Laia,Sánchez López,Espanya,Bilbao,5,8,1972,Dona,3201.12,No,Grup D,Laia Sánchez López,Si,1972-08-05,53,0.08
37416719D,Anna,López,Espanya,Bilbao,17,6,1995,Dona,1396.5,Sí,Grup A,Anna López,Si,1995-06-17,30,0.05
50115394L,Arnau,Martínez,Espanya,Bilbao,25,4,1959,Home,1420.02,Sí,Grup B,Arnau Martínez,Si,1959-04-25,67,0.035
88308185F,Jordi,Romero García,Espanya,Bilbao,19,12,1984,Home,1611.75,Sí,Grup A,Jordi Romero García,Si,1984-12-19,41,0.05
83561180C,Carla,López,Espanya,Bilbao,7,7,2003,Dona,1821.6,Sí,Grup B,Carla López,Si,2003-07-07,22,0.035
66590677S,Marta,García,Espanya,Bilbao,19,8,1950,Dona,1481.08,No,Grup B,Marta García,Si,1950-08-19,75,0.035
70113350T,Pau,Castells,Espanya,Bilbao,17,4,1952,,1172.85,No,Grup A,Pau Castells,Si,1952-04-17,74,0.05
88571285P,Oriol,Castells,Espanya,Bilbao,13,4,1972,Home,1647.72,Sí,Grup B,Oriol Castells,Si,1972-04-13,54,0.035
28923859R,Eva,Sánchez Castells,Espanya,Bilbao,23,9,1987,Dona,2668.32,Sí,Grup C,Eva Sánchez Castells,Si,1987-09-23,38,0.02
59804478P,Núria,Martínez Ferrer,Espanya,Bilbao,27,3,1965,Dona,2338.86,No,Grup C,Núria Martínez Ferrer,Si,1965-03-27,61,0.02
46470158A,Arnau,Romero,Espanya,Bilbao,26,6,1951,Home,3595.32,Sí,Grup D,Arnau Romero,Si,1951-06-26,74,0.08
12689894Z,Marta,López,Espanya,Bilbao,24,7,1967,Dona,1492.05,No,Grup A,Marta López,Si,1967-07-24,58,0.05
52501105S,Marc,Castells,Espanya,Bilbao,11,9,1984,Home,1880.88,No,Grup C,Marc Castells,Si,1984-09-11,41,0.02
71304182R,Núria,Ferrer,Espanya,Bilbao,17,3,1979,Dona,1279.95,Sí,Grup A,Núria Ferrer,Si,1979-03-17,47,0.05
44724403H,Toni,Ferrer,Espanya,Bilbao,20,2,1980,Home,1504.89,No,Grup B,Toni Ferrer,Si,1980-02-20,46,0.035
54525691Y,Laia,García Ferrer,Espanya,Bilbao,19,1,1970,Dona,1826.78,No,Grup B,Laia García Ferrer,Si,1970-01-19,56,0.035
23955973V,Eva,Ferrer Romero,Espanya,Bilbao,19,5,1976,Dona,1461.42,No,Grup B,Eva Ferrer Romero,Si,1976-05-19,50,0.035
75340954W,Joan,Ferrer,Espanya,Bilbao,21,5,1981,,1478.4,No,Grup A,Joan Ferrer,Si,1981-05-21,45,0.05
30932082P,Marta,López,Espanya,Bilbao,2,9,1954,Altres,1960.44,Sí,Grup C,Marta López,Si,1954-09-02,71,0.02
58004635G,Marc,Martínez Sánchez,Espanya,Bilbao,21,12,1965,Home,2291.94,Sí,Grup C,Marc Martínez Sánchez,Si,1965-12-21,60,0.02
76782023V,Anna,Castells García,Espanya,Bilbao,26,3,1950,Dona,1516.28,Sí,Grup B,Anna Castells García,Si,1950-03-26,76,0.035
87154578D,Toni,Martínez,Espanya,Bilbao,5,7,1973,Home,1700.5,Sí,Grup B,Toni Martínez,Si,1973-07-05,52,0.035
84495908R,Toni,Sánchez Romero,Espanya,Bilbao,18,12,1952,Home,2074.68,No,Grup C,Toni Sánchez Romero,Si,1952-12-18,73,0.02
36717144Q,Jordi,Romero,Espanya,Bilbao,17,11,1969,Home,1405.53,No,Grup B,Jordi Romero,Si,1969-11-17,56,0.035
97210518F,Clara,Sánchez Romero,Espanya,Bilbao,16,3,2004,Dona,1075.2,No,Grup A,Clara Sánchez Romero,Si,2004-03-16,22,0.05
31675368R,Eva,López Martínez,Espanya,Bilbao,27,7,1998,Dona,1380.69,No,Grup B,Eva López Martínez,Si,1998-07-27,27,0.035
76436789V,Eva,Romero,Espanya,Bilbao,18,7,1967,Dona,1388.1,No,Grup A,Eva Romero,Si,1967-07-18,58,0.05
89450981Z,Laia,Castells,Espanya,Bilbao,20,11,2000,Dona,1757.43,Sí,Grup B,Laia Castells,Si,2000-11-20,25,0.035
21820075A,Arnau,Sánchez,Espanya,Bilbao,23,1,1978,Home,1162.35,No,Grup A,Arnau Sánchez,Si,1978-01-23,48,0.05
64697693K,Núria,Martínez Martínez,Espanya,Bilbao,20,8,2002,Dona,1056.3,No,Grup A,Núria Martínez Martínez,Si,2002-08-20,23,0.05
43507453W,Anna,Ferrer Martínez,Espanya,Bilbao,15,10,1981,Dona,892.5,Sí,Grup A,Anna Ferrer Martínez,Si,1981-10-15,44,0.05
15138029Q,Marc,Castells,Espanya,Bilbao,16,12,2002,Home,2206.62,No,Grup B,Marc Castells,Si,2002-12-16,23,0.035
78668978W,Pau,Sánchez,Espanya,Bilbao,20,5,1994,Home,2252.16,Sí,Grup B,Pau Sánchez,Si,1994-05-20,32,0.035
54990944C,Laia,Sánchez Romero,Espanya,Bilbao,4,12,1960,Dona,2101.2,Sí,Grup C,Laia Sánchez Romero,Si,1960-12-04,65,0.02
19814204M,Marta,García,Espanya,Bilbao,23,2,1999,Dona,1635.3,Sí,Grup B,Marta García,Si,1999-02-23,27,0.035
80122915D,Jordi,Romero García,Espanya,Bilbao,5,12,1978,Home,1986.96,Sí,Grup C,Jordi Romero García,Si,1978-12-05,47,0.02
65535145H,Pau,Castells,Espanya,Bilbao,20,7,1953,Home,3188.16,No,Grup D,Pau Castells,Si,1953-07-20,72,0.08
17792481K,Joan,Romero Martínez,Espanya,Bilbao,16,2,1996,Home,1913.72,No,Grup B,Joan Romero Martínez,Si,1996-02-16,30,0.035
75293326J,Joan,García,Espanya,Bilbao,23,6,1960,Home,867.3,No,Grup A,Joan García,Si,1960-06-23,65,0.05
72988314H,Marc,Sánchez,Espanya,Bilbao,3,6,1996,Home,1200.15,Sí,Grup A,Marc Sánchez,Si,1996-06-03,29,0.05
51701516Z,Jordi,Ferrer,Espanya,Bilbao,22,5,1960,Home,1391.25,No,Grup A,Jordi Ferrer,Si,1960-05-22,66,0.05
14270387K,Eva,Castells Romero,Espanya,Bilbao,25,6,1974,Dona,1382.85,No,Grup A,Eva Castells Romero,Si,1974-06-25,51,0.05
58780487Q,Arnau,Martínez Romero,Espanya,Bilbao,26,8,1997,Home,1501.5,No,Grup A,Arnau Martínez Romero,Si,1997-08-26,28,0.05
53837158P,Toni,Ferrer,Espanya,Bilbao,7,4,1996,Altres,1332.45,No,Grup A,Toni Ferrer,Si,1996-04-07,30,0.05
83942911L,Oriol,Romero López,Espanya,Bilbao,3,5,1951,Home,2117.61,No,Grup B,Oriol Romero López,Si,1951-05-03,75,0.035
65854367Q,Toni,López García,Espanya,Bilbao,23,2,1976,Home,2534.7,No,Grup C,Toni López García,Si,1976-02-23,50,0.02
46674072A,Laia,Castells Castells,Espanya,Bilbao,3,12,1968,,1396.5,Sí,Grup A,Laia Castells Castells,Si,1968-12-03,57,0.05
84944664N,Oriol,Romero,Espanya,Bilbao,28,3,1959,,958.65,Sí,Grup A,Oriol Romero,Si,1959-03-28,67,0.05
14579601F,Arnau,Martínez,Espanya,Bilbao,13,8,1964,Home,1387.05,No,Grup A,Arnau Martínez,Si,1964-08-13,61,0.05
99057187Q,Joan,Ferrer García,Espanya,Bilbao,5,5,1995,Home,2913.12,Sí,Grup C,Joan Ferrer García,Si,1995-05-05,31,0.02
90364828E,Laia,Castells,Espanya,Bilbao,23,4,1998,Dona,1850.58,Sí,Grup B,Laia Castells,Si,1998-04-23,28,0.035
26631271T,Laia,Sánchez,Espanya,Bilbao,19,5,1970,Altres,2056.54,Sí,Grup B,Laia Sánchez,Si,1970-05-19,56,0.035
64443494X,Marc,García Romero,Espanya,Bilbao,25,1,2004,Home,1140.3,No,Grup A,Marc García Romero,Si,2004-01-25,22,0.05
54172956P,Anna,Ferrer Castells,Espanya,Bilbao,1,9,1953,Dona,1220.1,No,Grup A,Anna Ferrer Castells,Si,1953-09-01,72,0.05
68548102E,Laia,López López,Espanya,Bilbao,3,5,1997,Dona,1109.85,Sí,Grup A,Laia López López,Si,1997-05-03,29,0.05
20049413F,Eva,López Ferrer,Espanya,Bilbao,24,12,1952,Dona,2086.56,No,Grup B,Eva López Ferrer,Si,1952-12-24,73,0.035
89826839F,Marta,Castells López,Espanya,Bilbao,10,1,1964,Dona,1224.3,Sí,Grup A,Marta Castells López,Si,1964-01-10,62,0.05
78312427G,Toni,Romero Ferrer,Espanya,Bilbao,13,12,1970,Home,2392.92,No,Grup C,Toni Romero Ferrer,Si,1970-12-13,55,0.02
41625678H,Arnau,Romero,Espanya,Bilbao,18,11,1967,Home,1755.36,No,Grup B,Arnau Romero,Si,1967-11-18,58,0.035
79003381D,Eva,García,Espanya,Bilbao,17,3,1997,Dona,1085.7,No,Grup A,Eva García,Si,1997-03-17,29,0.05
15277702T,Toni,Castells,Espanya,Bilbao,25,7,1966,Home,2206.62,No,Grup B,Toni Castells,Si,1966-07-25,59,0.035
90958057L,Joan,Sánchez,Espanya,Bilbao,13,12,1974,Altres,1880.59,No,Grup B,Joan Sánchez,Si,1974-12-13,51,0.035
76741258Y,Carla,Castells Ferrer,Espanya,Bilbao,20,7,1952,Dona,1397.55,No,Grup A,Carla Castells Ferrer,Si,1952-07-20,73,0.05
98801519G,Jordi,García,Espanya,Bilbao,11,1,1970,Home,1757.43,Sí,Grup B,Jordi García,Si,1970-01-11,56,0.035
32149349F,Marta,Romero,Espanya,Bilbao,25,7,1973,Dona,1887.84,No,Grup B,Marta Romero,Si,1973-07-25,52,0.035
72513763X,Núria,Romero López,Espanya,Bilbao,15,6,1999,,1693.26,Sí,Grup B,Núria Romero López,Si,1999-06-15,26,0.035
24881645Q,Toni,Sánchez,Espanya,Bilbao,26,9,1992,Home,1405.53,No,Grup B,Toni Sánchez,Si,1992-09-26,33,0.035
69079699D,Marc,Martínez,Espanya,Bilbao,7,7,1988,Home,2033.78,No,Grup B,Marc Martínez,Si,1988-07-07,37,0.035
11119181K,Arnau,Ferrer,Espanya,Bilbao,20,5,1961,Home,1392.07,No,Grup B,Arnau Ferrer,Si,1961-05-20,65,0.035
21163199Y,Joan,Sánchez,Espanya,Bilbao,18,3,1982,Home,1713.6,No,Grup A,Joan Sánchez,Si,1982-03-18,44,0.05
75347458Q,Toni,Martínez,Espanya,Bilbao,25,12,1974,Home,1398.28,No,Grup B,Toni Martínez,Si,1974-12-25,51,0.035
24140397D,Oriol,Sánchez,Espanya,Bilbao,11,9,1989,Home,2189.02,Sí,Grup B,Oriol Sánchez,Si,1989-09-11,36,0.035
53176287C,Jordi,Castells,Espanya,Bilbao,6,2,1963,Home,1371.3,Sí,Grup A,Jordi Castells,Si,1963-02-06,63,0.05
80044333C,Núria,Martínez,Espanya,Bilbao,10,3,1971,Dona,1037.4,No,Grup A,Núria Martínez,Si,1971-03-10,55,0.05
77158777S,Núria,García,Espanya,Bilbao,15,6,2001,Dona,732.9,Sí,Grup A,Núria García,Si,2001-06-15,24,0.05
66460797A,Marc,López García,Espanya,Bilbao,10,9,2005,Home,1333.5,No,Grup A,Marc López García,Si,2005-09-10,20,0.05
12559305B,Núria,García Ferrer,Espanya,Bilbao,11,4,1982,Dona,1819.53,Sí,Grup B,Núria García Ferrer,Si,1982-04-11,44,0.035
82204716Y,Pau,López Ferrer,Espanya,Bilbao,13,4,1960,Home,1185.45,Sí,Grup A,Pau López Ferrer,Si,1960-04-13,66,0.05
96250825S,Jordi,Castells López,Espanya,Bilbao,12,2,1961,Home,2407.2,Sí,Grup C,Jordi Castells López,Si,1961-02-12,65,0.02
37902729B,Joan,Romero García,Espanya,Bilbao,25,1,1954,Home,2056.32,No,Grup C,Joan Romero García,Si,1954-01-25,72,0.02
71312672X,Jordi,López Romero,Espanya,Bilbao,17,12,1978,Home,1066.8,No,Grup A,Jordi López Romero,Si,1978-12-17,47,0.05
43437575V,Clara,Romero,Espanya,Bilbao,5,12,2004,Dona,1582.35,No,Grup A,Clara Romero,Si,2004-12-05,21,0.05
86899840T,Eva,García,Espanya,Bilbao,13,9,1978,Dona,1172.85,No,Grup A,Eva García,Si,1978-09-13,47,0.05
98430241N,Toni,López,Espanya,Bilbao,3,6,1956,Home,899.85,No,Grup A,Toni López,Si,1956-06-03,70,0.05
75634877M,Marc,Castells Castells,Espanya,Bilbao,18,12,1955,Home,1396.5,Sí,Grup A,Marc Castells Castells,Si,1955-12-18,70,0.05
58558026P,Toni,Romero Martínez,Espanya,Bilbao,15,9,1980,Home,1282.05,No,Grup A,Toni Romero Martínez,Si,1980-09-15,45,0.05
25564518R,Joan,López García,Espanya,Bilbao,21,11,1987,Home,2681.58,No,Grup C,Joan López García,Si,1987-11-21,38,0.02
80867475E,Arnau,Martínez,Espanya,Bilbao,9,10,1996,Home,1230.6,Sí,Grup A,Arnau Martínez,Si,1996-10-09,29,0.05
88633819Y,Clara,Romero López,Espanya,Bilbao,11,1,1955,Altres,2418.42,Sí,Grup C,Clara Romero López,Si,1955-01-11,71,0.02
89253307W,Clara,Sánchez López,Espanya,Bilbao,1,8,1952,Dona,1277.85,No,Grup A,Clara Sánchez López,Si,1952-08-01,73,0.05
26930927E,Laia,Castells Ferrer,Espanya,Madrid,16,12,1953,Altres,2819.88,No,Grup D,Laia Castells Ferrer,Si,1953-12-16,72,0.08
33234964B,Marta,Romero,Espanya,Madrid,10,5,2001,Dona,3034.8,Sí,Grup D,Marta Romero,Si,2001-05-10,25,0.08
22021087Z,Núria,García López,Espanya,Madrid,8,6,1969,Dona,1422.09,No,Grup B,Núria García López,Si,1969-06-08,56,0.035
98967015K,Laia,Martínez Sánchez,Espanya,Madrid,14,6,1961,Dona,2803.68,No,Grup D,Laia Martínez Sánchez,Si,1961-06-14,64,0.08
58465525T,Clara,Ferrer,Espanya,Madrid,17,7,1990,Dona,2893.32,No,Grup D,Clara Ferrer,Si,1990-07-17,35,0.08
43855905B,Eva,Castells,Espanya,Madrid,1,12,1965,Dona,922.95,No,Grup A,Eva Castells,Si,1965-12-01,60,0.05
90731738C,Pau,Martínez,Espanya,Madrid,17,8,1999,Home,2039.98,No,Grup B,Pau Martínez,Si,1999-08-17,26,0.035
58027402M,Joan,López,Espanya,Madrid,5,3,1957,Home,1015.35,No,Grup A,Joan López,Si,1957-03-05,69,0.05
29075001G,Eva,Ferrer,Espanya,Madrid,27,1,1974,Dona,1051.05,No,Grup A,Eva Ferrer,Si,1974-01-27,52,0.05
32306507M,Laia,López,Espanya,Madrid,11,7,1964,,2104.26,Sí,Grup C,Laia López,Si,1964-07-11,61,0.02
69153285Z,Pau,Sánchez,Espanya,Madrid,8,10,2001,Home,2132.82,No,Grup C,Pau Sánchez,Si,2001-10-08,24,0.02
86310227T,Núria,Martínez,Espanya,Madrid,19,3,1986,Dona,1475.25,No,Grup A,Núria Martínez,Si,1986-03-19,40,0.05
41282325G,Marc,García,Espanya,Madrid,19,10,1955,Home,2219.52,Sí,Grup C,Marc García,Si,1955-10-19,70,0.02
17081236L,Eva,Sánchez,Espanya,Madrid,9,9,1992,Dona,3115.8,Sí,Grup D,Eva Sánchez,Si,1992-09-09,33,0.08
82284855A,Pau,Romero Romero,Espanya,Madrid,6,12,1988,Home,2776.44,No,Grup C,Pau Romero Romero,Si,1988-12-06,37,0.02
45581974X,Núria,Romero,Espanya,Madrid,26,10,1993,Dona,1399.32,Sí,Grup B,Núria Romero,Si,1993-10-26,32,0.035
97855153L,Carla,Martínez,Espanya,Madrid,21,3,1973,Dona,3078.0,No,Grup D,Carla Martínez,Si,1973-03-21,53,0.08
60585845J,Arnau,Castells Castells,Espanya,Madrid,7,11,1963,Home,2200.14,No,Grup C,Arnau Castells Castells,Si,1963-11-07,62,0.02
42278299Y,Toni,Ferrer,Espanya,Madrid,19,8,1967,Home,1641.15,No,Grup A,Toni Ferrer,Si,1967-08-19,58,0.05
98253101W,Arnau,Romero,Espanya,Madrid,26,6,1985,Home,2790.72,No,Grup C,Arnau Romero,Si,1985-06-26,40,0.02
18522481J,Oriol,Martínez,Espanya,Madrid,18,1,1994,Home,1580.25,No,Grup A,Oriol Martínez,Si,1994-01-18,32,0.05
96178808S,Pau,Romero Castells,Espanya,Madrid,14,7,1996,Home,1629.6,Sí,Grup A,Pau Romero Castells,Si,1996-07-14,29,0.05
58966169Z,Núria,Sánchez Castells,Espanya,Madrid,12,5,1981,,2961.36,No,Grup D,Núria Sánchez Castells,Si,1981-05-12,45,0.08
76564295Y,Clara,Romero,Espanya,Madrid,5,12,1986,Dona,2593.86,No,Grup C,Clara Romero,Si,1986-12-05,39,0.02
30574341W,Oriol,García,Espanya,Madrid,8,3,1954,Altres,1640.1,No,Grup A,Oriol García,Si,1954-03-08,72,0.05
53967981Q,Pau,Sánchez,Espanya,Madrid,1,12,1982,Altres,896.7,No,Grup A,Pau Sánchez,Si,1982-12-01,43,0.05
13695774G,Eva,Castells,Espanya,Madrid,20,11,1957,Dona,1445.85,No,Grup A,Eva Castells,Si,1957-11-20,68,0.05
15812105B,Marc,Martínez Ferrer,Espanya,Madrid,14,7,1971,Altres,1258.95,No,Grup A,Marc Martínez Ferrer,Si,1971-07-14,54,0.05
12763903J,Eva,Martínez,Espanya,Madrid,19,10,1974,,2085.52,No,Grup B,Eva Martínez,Si,1974-10-19,51,0.035
88845881E,Pau,Martínez López,Espanya,Madrid,3,11,2000,Home,3007.8,Sí,Grup D,Pau Martínez López,Si,2000-11-03,25,0.08
68523497H,Marta,Ferrer,Espanya,Madrid,6,10,1986,Dona,1344.0,No,Grup A,Marta Ferrer,Si,1986-10-06,39,0.05
83703395A,Pau,Martínez,Espanya,Madrid,14,2,1959,Home,2173.5,No,Grup B,Pau Martínez,Si,1959-02-14,67,0.035
42823610D,Eva,Castells,Espanya,Madrid,9,7,1956,Dona,1727.42,Sí,Grup B,Eva Castells,Si,1956-07-09,69,0.035
33058070M,Marta,Romero García,Espanya,Madrid,11,5,1973,Dona,1996.52,No,Grup B,Marta Romero García,Si,1973-05-11,53,0.035
58786173A,Laia,Martínez,Espanya,Madrid,26,2,1979,Dona,1371.3,No,Grup A,Laia Martínez,Si,1979-02-26,47,0.05
73563832M,Oriol,Ferrer Romero,Espanya,Madrid,9,2,1985,Home,2038.95,No,Grup B,Oriol Ferrer Romero,Si,1985-02-09,41,0.035
60439277L,Marc,Castells Sánchez,Espanya,Madrid,24,10,1974,Home,884.1,No,Grup A,Marc Castells Sánchez,Si,1974-10-24,51,0.05
86767469V,Eva,García Martínez,Espanya,Madrid,10,7,1965,Dona,2033.88,Sí,Grup C,Eva García Martínez,Si,1965-07-10,60,0.02
16775772V,Pau,López,Espanya,Madrid,24,5,1977,Home,889.35,No,Grup A,Pau López,Si,1977-05-24,49,0.05
56628392X,Carla,García Martínez,Espanya,Madrid,19,4,1981,Dona,1565.55,Sí,Grup A,Carla García Martínez,Si,1981-04-19,45,0.05
77632270Q,Laia,Castells,Espanya,Madrid,11,4,1986,Dona,962.85,No,Grup A,Laia Castells,Si,1986-04-11,40,0.05
56070621Z,Marc,Castells,Espanya,Madrid,28,11,1976,Home,2261.34,No,Grup C,Marc Castells,Si,1976-11-28,49,0.02
49833520M,Marta,García Romero,Espanya,Madrid,27,10,1984,Dona,1001.7,No,Grup A,Marta García Romero,Si,1984-10-27,41,0.05
12401771G,Anna,García,Espanya,Madrid,19,7,1972,,1069.95,No,Grup A,Anna García,Si,1972-07-19,53,0.05
29758839B,Eva,García Sánchez,Espanya,Madrid,28,5,1968,Dona,995.4,No,Grup A,Eva García Sánchez,Si,1968-05-28,58,0.05
59810160K,Jordi,Romero Ferrer,Espanya,Madrid,15,4,2002,Home,1353.45,No,Grup A,Jordi Romero Ferrer,Si,2002-04-15,24,0.05
10102138Q,Núria,Sánchez Martínez,Espanya,Madrid,4,1,1958,Dona,1522.5,No,Grup A,Núria Sánchez Martínez,Si,1958-01-04,68,0.05
59071537P,Carla,Sánchez,Espanya,Madrid,2,7,1990,Dona,1575.27,Sí,Grup B,Carla Sánchez,Si,1990-07-02,35,0.035
12700084Q,Pau,Ferrer López,Espanya,Madrid,16,2,1966,,1242.15,Sí,Grup A,Pau Ferrer López,Si,1966-02-16,60,0.05
62868203H,Marta,López,Espanya,Madrid,26,8,1988,Dona,1405.95,Sí,Grup A,Marta López,Si,1988-08-26,37,0.05
62152209S,Laia,García,Espanya,Madrid,9,8,1991,Dona,1547.32,No,Grup B,Laia García,Si,1991-08-09,34,0.035
57378189F,Toni,López,Espanya,Madrid,12,10,1964,Home,1414.84,Sí,Grup B,Toni López,Si,1964-10-12,61,0.035
25373007Z,Eva,García,Espanya,Madrid,10,3,1971,,1289.4,Sí,Grup A,Eva García,Si,1971-03-10,55,0.05
92922593Z,Arnau,López,Espanya,Madrid,4,4,1994,Altres,1866.1,No,Grup B,Arnau López,Si,1994-04-04,32,0.035
37195438N,Carla,Romero,Espanya,Madrid,8,11,1991,Dona,2567.34,Sí,Grup C,Carla Romero,Si,1991-11-08,34,0.02
50292113M,Laia,López,Espanya,Madrid,21,4,1984,Dona,1220.26,Sí,Grup B,Laia López,Si,1984-04-21,42,0.035
17966918Y,Arnau,Ferrer Sánchez,Espanya,Madrid,17,7,1964,Home,2357.22,No,Grup C,Arnau Ferrer Sánchez,Si,1964-07-17,61,0.02
90904549G,Marc,López Martínez,Espanya,Madrid,18,11,2004,Home,1338.75,Sí,Grup A,Marc López Martínez,Si,2004-11-18,21,0.05
48610709N,Toni,García García,Espanya,Madrid,9,6,1958,Home,1470.0,Sí,Grup A,Toni García García,Si,1958-06-09,67,0.05
27295557B,Laia,García García,Espanya,Madrid,8,12,1972,Dona,2269.5,Sí,Grup C,Laia García García,Si,1972-12-08,53,0.02
38394682L,Clara,Sánchez Ferrer,Espanya,Madrid,21,4,1963,Dona,1390.2,Sí,Grup A,Clara Sánchez Ferrer,Si,1963-04-21,63,0.05
30011388C,Jordi,Sánchez Ferrer,Espanya,Madrid,2,4,1977,Home,1064.7,No,Grup A,Jordi Sánchez Ferrer,Si,1977-04-02,49,0.05
53118513Z,Carla,Martínez Sánchez,Espanya,Madrid,6,2,2004,Dona,723.45,Sí,Grup A,Carla Martínez Sánchez,Si,2004-02-06,22,0.05
50085415G,Joan,García,Espanya,Madrid,22,10,2000,Home,2139.34,No,Grup B,Joan García,Si,2000-10-22,25,0.035
53588164S,Jordi,Ferrer López,Espanya,Madrid,13,9,1955,Home,1750.18,Sí,Grup B,Jordi Ferrer López,Si,1955-09-13,70,0.035
97241617V,Marta,López Sánchez,Espanya,Madrid,17,5,1992,Dona,1936.48,Sí,Grup B,Marta López Sánchez,Si,1992-05-17,34,0.035
77786231R,Marc,García López,Espanya,Madrid,11,8,1963,Home,1075.2,No,Grup A,Marc García López,Si,1963-08-11,62,0.05
67448348B,Pau,García Romero,Espanya,Madrid,27,12,1983,Home,3046.68,No,Grup D,Pau García Romero,Si,1983-12-27,42,0.08
19835344L,Anna,Ferrer,Espanya,Madrid,8,5,1966,Dona,805.35,No,Grup A,Anna Ferrer,Si,1966-05-08,60,0.05
83461359C,Marc,Romero,Espanya,Madrid,2,8,1984,Home,1692.22,No,Grup B,Marc Romero,Si,1984-08-02,41,0.035
17266104D,Oriol,Ferrer,Espanya,Madrid,9,7,1985,Altres,762.3,No,Grup A,Oriol Ferrer,Si,1985-07-09,40,0.05
49562152B,Marta,Ferrer,Espanya,Madrid,25,5,1976,Dona,1989.27,No,Grup B,Marta Ferrer,Si,1976-05-25,50,0.035
91690612P,Clara,Castells,Espanya,Madrid,15,3,1981,Dona,1594.95,Sí,Grup A,Clara Castells,Si,1981-03-15,45,0.05
12767161T,Toni,Castells Castells,Espanya,Madrid,20,3,1950,Home,1609.65,No,Grup A,Toni Castells Castells,Si,1950-03-20,76,0.05
87906075W,Arnau,Sánchez Martínez,Espanya,Madrid,12,11,2003,Home,804.3,No,Grup A,Arnau Sánchez Martínez,Si,2003-11-12,22,0.05
87631058F,Joan,Ferrer Castells,Espanya,Madrid,25,10,1967,Home,1311.45,Sí,Grup A,Joan Ferrer Castells,Si,1967-10-25,58,0.05
16378767Z,Marc,Ferrer Romero,Espanya,Madrid,9,10,1973,Home,1135.05,No,Grup A,Marc Ferrer Romero,Si,1973-10-09,52,0.05
39929911E,Eva,Castells Romero,Espanya,Madrid,24,1,1958,Altres,1974.78,No,Grup B,Eva Castells Romero,Si,1958-01-24,68,0.035
28210536A,Anna,Sánchez López,Espanya,Madrid,4,8,1997,Altres,1256.85,No,Grup A,Anna Sánchez López,Si,1997-08-04,28,0.05
66842033A,Núria,Romero Romero,Espanya,Madrid,3,3,1962,Dona,938.7,No,Grup A,Núria Romero Romero,Si,1962-03-03,64,0.05
44569678M,Laia,Castells,Espanya,Madrid,9,8,1977,Dona,1030.05,No,Grup A,Laia Castells,Si,1977-08-09,48,0.05
49180523M,Oriol,López Martínez,Espanya,Madrid,17,3,1978,Home,2328.66,Sí,Grup C,Oriol López Martínez,Si,1978-03-17,48,0.02
71377022P,Pau,López,Espanya,Madrid,28,12,1971,Home,833.7,Sí,Grup A,Pau López,Si,1971-12-28,54,0.05
69931972C,Toni,Martínez López,Espanya,Madrid,4,12,1983,Home,1687.35,Sí,Grup A,Toni Martínez López,Si,1983-12-04,42,0.05
86555403J,Marc,García,Espanya,Madrid,14,7,1977,Home,1678.95,No,Grup A,Marc García,Si,1977-07-14,48,0.05
53653173V,Anna,López,Espanya,Madrid,17,1,1964,Altres,1348.6,No,Grup B,Anna López,Si,1964-01-17,62,0.035
46129359E,Laia,Castells Martínez,Espanya,Madrid,8,4,1975,Dona,1492.47,No,Grup B,Laia Castells Martínez,Si,1975-04-08,51,0.035
38832908L,Arnau,Martínez,Espanya,Madrid,20,12,1999,Home,2173.5,No,Grup B,Arnau Martínez,Si,1999-12-20,26,0.035
37757421G,Núria,Martínez Sánchez,Espanya,Madrid,23,5,1967,Dona,959.7,Sí,Grup A,Núria Martínez Sánchez,Si,1967-05-23,59,0.05
14219190G,Carla,Ferrer García,Espanya,Madrid,19,12,1960,Dona,1475.25,Sí,Grup A,Carla Ferrer García,Si,1960-12-19,65,0.05
14778034E,Eva,Romero,Espanya,Madrid,21,1,1972,Dona,1073.1,Sí,Grup A,Eva Romero,Si,1972-01-21,54,0.05
60352406T,Eva,Martínez,Espanya,Madrid,13,6,1994,Dona,1189.21,No,Grup B,Eva Martínez,Si,1994-06-13,31,0.035
29661736H,Marta,López,Espanya,Madrid,16,7,2001,Dona,2002.26,Sí,Grup C,Marta López,Si,2001-07-16,24,0.02
48928716V,Eva,Ferrer,Espanya,Madrid,22,5,1997,Dona,1268.91,No,Grup B,Eva Ferrer,Si,1997-05-22,29,0.035
92136991X,Laia,Ferrer,Espanya,Madrid,18,8,1973,Dona,1137.15,Sí,Grup A,Laia Ferrer,Si,1973-08-18,52,0.05
80745485X,Pau,Sánchez Martínez,Espanya,Madrid,2,3,1981,Home,2560.2,Sí,Grup C,Pau Sánchez Martínez,Si,1981-03-02,45,0.02
77617404G,Joan,Martínez Romero,Espanya,Madrid,19,6,1972,Home,1185.45,Sí,Grup A,Joan Martínez Romero,Si,1972-06-19,53,0.05
33366982Q,Pau,García,Espanya,Madrid,11,3,1976,,3142.8,No,Grup D,Pau García,Si,1976-03-11,50,0.08
94864855F,Toni,Sánchez,Espanya,Madrid,6,3,1996,Home,2123.82,No,Grup B,Toni Sánchez,Si,1996-03-06,30,0.035
22768293W,Jordi,López,Espanya,Madrid,27,4,1996,Home,2899.86,Sí,Grup C,Jordi López,Si,1996-04-27,30,0.02
54035649P,Eva,Martínez Martínez,Espanya,Madrid,16,9,2003,Dona,1355.55,No,Grup A,Eva Martínez Martínez,Si,2003-09-16,22,0.05
54906134P,Laia,López,Espanya,Madrid,15,10,1978,Dona,1497.64,Sí,Grup B,Laia López,Si,1978-10-15,47,0.035
96810023K,Jordi,López,Espanya,Madrid,25,6,1995,Home,3518.64,No,Grup D,Jordi López,Si,1995-06-25,30,0.08
48918423X,Arnau,Ferrer Romero,Espanya,Madrid,2,7,1975,Home,2272.86,No,Grup B,Arnau Ferrer Romero,Si,1975-07-02,50,0.035
27743987C,Joan,García Ferrer,Espanya,Madrid,1,6,1975,Home,840.0,Sí,Grup A,Joan García Ferrer,Si,1975-06-01,51,0.05
60786095W,Marc,García,Espanya,Madrid,8,1,1972,Altres,1630.65,No,Grup A,Marc García,Si,1972-01-08,54,0.05
87285985P,Clara,Sánchez,Espanya,Madrid,1,10,2002,Altres,3393.36,Sí,Grup D,Clara Sánchez,Si,2002-10-01,23,0.08
23290905N,Laia,López Castells,Espanya,Madrid,13,8,1971,,2824.2,Sí,Grup D,Laia López Castells,Si,1971-08-13,54,0.08
30561064P,Oriol,López Castells,Espanya,Madrid,14,4,1987,Home,3624.48,No,Grup D,Oriol López Castells,Si,1987-04-14,39,0.08
16082109P,Clara,López,Espanya,Madrid,12,5,1989,Dona,1449.0,No,Grup B,Clara López,Si,1989-05-12,37,0.035
23397473D,Anna,Romero,Espanya,Madrid,11,3,1990,Dona,1010.1,No,Grup A,Anna Romero,Si,1990-03-11,36,0.05
41326173T,Laia,Martínez,Espanya,Madrid,9,9,1977,Dona,2124.86,No,Grup B,Laia Martínez,Si,1977-09-09,48,0.035
59876171G,Arnau,Sánchez,Espanya,Madrid,28,10,1973,Home,1024.8,Sí,Grup A,Arnau Sánchez,Si,1973-10-28,52,0.05
99565242W,Joan,Sánchez Sánchez,Espanya,Madrid,28,7,2005,,1482.12,No,Grup B,Joan Sánchez Sánchez,Si,2005-07-28,20,0.035
19888245C,Pau,Romero,Espanya,Madrid,20,2,1953,Home,1412.25,No,Grup A,Pau Romero,Si,1953-02-20,73,0.05
40194783Y,Núria,Sánchez García,Espanya,Madrid,14,1,1966,Dona,2027.56,Sí,Grup B,Núria Sánchez García,Si,1966-01-14,60,0.035
28421457Z,Pau,Romero Castells,Espanya,Madrid,8,8,1968,Home,1500.45,Sí,Grup A,Pau Romero Castells,Si,1968-08-08,57,0.05
27247467S,Anna,López,Espanya,Madrid,2,1,1952,Dona,1115.1,Sí,Grup A,Anna López,Si,1952-01-02,74,0.05
60305889V,Oriol,Ferrer,Espanya,Madrid,12,3,1995,Home,3517.56,Sí,Grup D,Oriol Ferrer,Si,1995-03-12,31,0.08
86893272V,Marc,Ferrer,Espanya,Madrid,27,4,1954,Home,1717.8,Sí,Grup A,Marc Ferrer,Si,1954-04-27,72,0.05
70418524X,Laia,Castells Ferrer,Espanya,Madrid,7,5,1971,Dona,1591.8,Sí,Grup A,Laia Castells Ferrer,Si,1971-05-07,55,0.05
49712589T,Marta,López,Espanya,Madrid,9,7,2004,Dona,2986.2,No,Grup D,Marta López,Si,2004-07-09,21,0.08
90985453R,Pau,Ferrer,Espanya,Madrid,24,11,1997,Home,2300.8,No,Grup B,Pau Ferrer,Si,1997-11-24,28,0.035
19304110P,Arnau,García Romero,Espanya,Madrid,13,12,1970,Home,2362.32,No,Grup C,Arnau García Romero,Si,1970-12-13,55,0.02
23895788L,Marc,Castells,Espanya,Madrid,3,8,1978,Home,1778.88,No,Grup C,Marc Castells,Si,1978-08-03,47,0.02
59758346F,Laia,Martínez Romero,Espanya,Madrid,28,12,1957,Altres,764.4,Sí,Grup A,Laia Martínez Romero,Si,1957-12-28,68,0.05
56408493L,Anna,García García,Espanya,Madrid,8,5,2003,Dona,889.35,Sí,Grup A,Anna García García,Si,2003-05-08,23,0.05
89195587K,Carla,López Martínez,Espanya,Madrid,14,10,1962,Altres,1603.22,No,Grup B,Carla López Martínez,Si,1962-10-14,63,0.035
40039044H,Núria,Romero,Espanya,Madrid,9,4,1974,Dona,717.15,Sí,Grup A,Núria Romero,Si,1974-04-09,52,0.05
54263997Y,Núria,Romero,Espanya,Madrid,9,3,1956,Dona,1485.75,No,Grup A,Núria Romero,Si,1956-03-09,70,0.05
92018667L,Joan,Martínez Castells,Espanya,Madrid,4,10,1985,Home,1195.95,No,Grup A,Joan Martínez Castells,Si,1985-10-04,40,0.05
34370425H,Oriol,Ferrer,Espanya,Madrid,2,4,1974,Home,1370.34,Sí,Grup B,Oriol Ferrer,Si,1974-04-02,52,0.035
58088881Q,Anna,García,Espanya,Madrid,15,3,1960,Dona,1186.5,Sí,Grup A,Anna García,Si,1960-03-15,66,0.05
86366713Z,Carla,Sánchez Romero,Espanya,Madrid,22,1,2005,,936.6,No,Grup A,Carla Sánchez Romero,Si,2005-01-22,21,0.05
48597672J,Toni,Romero Romero,Espanya,Madrid,15,2,1984,Altres,1819.53,Sí,Grup B,Toni Romero Romero,Si,1984-02-15,42,0.035
13600054Y,Carla,Romero,Espanya,Madrid,18,3,1964,Dona,1736.73,Sí,Grup B,Carla Romero,Si,1964-03-18,62,0.035
47075714S,Marta,López,Espanya,Madrid,13,3,1999,Dona,1227.51,No,Grup B,Marta López,Si,1999-03-13,27,0.035
44074013Q,Toni,Sánchez,Espanya,Madrid,13,3,1976,,1777.09,Sí,Grup B,Toni Sánchez,Si,1976-03-13,50,0.035
83982081H,Eva,Castells,Espanya,Sevilla,3,5,1968,,1309.35,Sí,Grup A,Eva Castells,Si,1968-05-03,58,0.05
87645157V,Joan,López,Espanya,Sevilla,13,10,1964,Home,2657.1,Sí,Grup C,Joan López,Si,1964-10-13,61,0.02
60170471X,Toni,Martínez Castells,Espanya,Sevilla,20,4,1952,Altres,2203.52,No,Grup B,Toni Martínez Castells,Si,1952-04-20,74,0.035
33445957H,Eva,Ferrer Martínez,Espanya,Sevilla,4,5,1960,Dona,1470.74,No,Grup B,Eva Ferrer Martínez,Si,1960-05-04,66,0.035
95012750D,Carla,García,Espanya,Sevilla,17,5,1952,Dona,1011.15,Sí,Grup A,Carla García,Si,1952-05-17,74,0.05
38605068P,Toni,Martínez,Espanya,Sevilla,24,7,1982,Home,1590.75,Sí,Grup A,Toni Martínez,Si,1982-07-24,43,0.05
89187959Z,Anna,Sánchez,Espanya,Sevilla,21,10,1955,Dona,1349.64,No,Grup B,Anna Sánchez,Si,1955-10-21,70,0.035
10911456V,Marta,López,Espanya,Sevilla,6,6,1954,Dona,1558.2,No,Grup A,Marta López,Si,1954-06-06,72,0.05
32447081S,Marc,Martínez,Espanya,Sevilla,1,8,1977,Home,3283.2,No,Grup D,Marc Martínez,Si,1977-08-01,48,0.08
94678339J,Anna,Martínez Martínez,Espanya,Sevilla,10,4,1985,Dona,1399.65,No,Grup A,Anna Martínez Martínez,Si,1985-04-10,41,0.05
39421964W,Marta,Ferrer López,Espanya,Sevilla,19,7,1969,,2471.46,No,Grup C,Marta Ferrer López,Si,1969-07-19,56,0.02
63852668M,Anna,Sánchez García,Espanya,Sevilla,13,7,1993,Dona,1502.82,No,Grup B,Anna Sánchez García,Si,1993-07-13,32,0.035
96108474K,Clara,García,Espanya,Sevilla,10,3,1955,Dona,849.45,No,Grup A,Clara García,Si,1955-03-10,71,0.05
45293682M,Joan,Sánchez,Espanya,Sevilla,5,8,1988,Home,1125.6,Sí,Grup A,Joan Sánchez,Si,1988-08-05,37,0.05
43378401L,Núria,Castells Sánchez,Espanya,Sevilla,26,3,1975,Dona,698.25,No,Grup A,Núria Castells Sánchez,Si,1975-03-26,51,0.05
77333333Q,Pau,Ferrer,Espanya,Sevilla,1,1,1999,Home,1614.9,No,Grup A,Pau Ferrer,Si,1999-01-01,27,0.05
57021851P,Pau,Castells,Espanya,Sevilla,23,3,1978,Home,859.95,No,Grup A,Pau Castells,Si,1978-03-23,48,0.05
65405375Z,Marc,García Romero,Espanya,Sevilla,2,1,1982,Home,1182.3,No,Grup A,Marc García Romero,Si,1982-01-02,44,0.05
55464877X,Laia,Castells,Espanya,Sevilla,6,10,1992,,1544.55,No,Grup A,Laia Castells,Si,1992-10-06,33,0.05
54607036B,Eva,Ferrer,Espanya,Sevilla,24,1,1967,Dona,849.45,No,Grup A,Eva Ferrer,Si,1967-01-24,59,0.05
20733024B,Jordi,Ferrer Martínez,Espanya,Sevilla,26,1,1970,Home,1537.2,Sí,Grup A,Jordi Ferrer Martínez,Si,1970-01-26,56,0.05
83165476Y,Núria,García Ferrer,Espanya,Sevilla,17,6,1957,Altres,1283.4,No,Grup B,Núria García Ferrer,Si,1957-06-17,68,0.035
14065699S,Núria,Sánchez,Espanya,Sevilla,2,11,1991,Dona,1078.35,No,Grup A,Núria Sánchez,Si,1991-11-02,34,0.05
24435321M,Marta,Castells Ferrer,Espanya,Sevilla,15,3,1981,Dona,1937.52,Sí,Grup B,Marta Castells Ferrer,Si,1981-03-15,45,0.035
81229041Z,Carla,López Ferrer,Espanya,Sevilla,4,9,1962,Dona,3089.88,No,Grup D,Carla López Ferrer,Si,1962-09-04,63,0.08
28996393T,Oriol,Sánchez Martínez,Espanya,Sevilla,5,1,1981,Home,2008.94,No,Grup B,Oriol Sánchez Martínez,Si,1981-01-05,45,0.035
13453262F,Clara,Martínez,Espanya,Sevilla,4,7,2001,Dona,2576.52,Sí,Grup C,Clara Martínez,Si,2001-07-04,24,0.02
26724488C,Arnau,Ferrer Sánchez,Espanya,Sevilla,3,5,1994,Home,1132.95,No,Grup A,Arnau Ferrer Sánchez,Si,1994-05-03,32,0.05
85141625T,Clara,Ferrer,Espanya,Sevilla,21,12,1999,Altres,2440.86,Sí,Grup C,Clara Ferrer,Si,1999-12-21,26,0.02
59073585L,Oriol,Martínez Martínez,Espanya,Sevilla,14,6,1991,,1178.1,Sí,Grup A,Oriol Martínez Martínez,Si,1991-06-14,34,0.05
43586389Z,Jordi,Ferrer,Espanya,Sevilla,15,2,1958,Home,1859.89,No,Grup B,Jordi Ferrer,Si,1958-02-15,68,0.035
98144857C,Arnau,Sánchez,Espanya,Sevilla,21,10,1990,Home,2224.21,No,Grup B,Arnau Sánchez,Si,1990-10-21,35,0.035
18599075T,Eva,Sánchez,Espanya,Sevilla,7,8,1992,Dona,1048.95,Sí,Grup A,Eva Sánchez,Si,1992-08-07,33,0.05
41916963A,Marta,Romero,Espanya,Sevilla,27,4,1976,Dona,1820.56,No,Grup B,Marta Romero,Si,1976-04-27,50,0.035
79849410R,Carla,Ferrer López,Espanya,Sevilla,17,7,1982,Dona,856.8,No,Grup A,Carla Ferrer López,Si,1982-07-17,43,0.05
90216874S,Jordi,Ferrer,Espanya,Sevilla,12,7,2003,Home,1462.46,No,Grup B,Jordi Ferrer,Si,2003-07-12,22,0.035
35319597A,Toni,López Castells,Espanya,Sevilla,18,8,1977,Home,810.6,No,Grup A,Toni López Castells,Si,1977-08-18,48,0.05
10261037F,Clara,Sánchez,Espanya,Sevilla,14,10,1970,Dona,984.9,Sí,Grup A,Clara Sánchez,Si,1970-10-14,55,0.05
33077646V,Eva,Martínez,Espanya,Sevilla,18,3,1986,Dona,1836.0,No,Grup C,Eva Martínez,Si,1986-03-18,40,0.02
42831725E,Arnau,Sánchez,Espanya,Sevilla,13,11,1967,Home,2110.38,No,Grup C,Arnau Sánchez,Si,1967-11-13,58,0.02
41171214L,Jordi,Romero García,Espanya,Sevilla,6,8,2000,Home,2041.02,Sí,Grup B,Jordi Romero García,Si,2000-08-06,25,0.035
57192874B,Pau,Romero Romero,Espanya,Sevilla,12,4,1990,Home,987.0,No,Grup A,Pau Romero Romero,Si,1990-04-12,36,0.05
80471691R,Laia,Sánchez,Espanya,Sevilla,3,3,1982,Dona,1914.75,Sí,Grup B,Laia Sánchez,Si,1982-03-03,44,0.035
20637004R,Jordi,Romero López,Espanya,Sevilla,13,3,1973,Home,1434.3,No,Grup A,Jordi Romero López,Si,1973-03-13,53,0.05
93432185G,Oriol,Martínez,Espanya,Sevilla,26,7,1957,Home,2361.87,No,Grup B,Oriol Martínez,Si,1957-07-26,68,0.035
42280605C,Clara,García,Espanya,Sevilla,16,10,1951,Dona,1479.02,Sí,Grup B,Clara García,Si,1951-10-16,74,0.035
73661586C,Carla,Ferrer,Espanya,Sevilla,11,9,1955,Dona,2101.2,Sí,Grup C,Carla Ferrer,Si,1955-09-11,70,0.02
94719538H,Carla,Romero Ferrer,Espanya,Sevilla,28,5,1991,Dona,766.5,No,Grup A,Carla Romero Ferrer,Si,1991-05-28,35,0.05
65882859J,Arnau,Martínez,Espanya,Sevilla,3,6,1962,Home,1880.88,Sí,Grup C,Arnau Martínez,Si,1962-06-03,64,0.02
98830242H,Carla,Sánchez,Espanya,Sevilla,2,1,1952,Dona,1821.72,No,Grup C,Carla Sánchez,Si,1952-01-02,74,0.02
57180085D,Marta,López,Espanya,Sevilla,25,8,1971,Dona,1108.8,Sí,Grup A,Marta López,Si,1971-08-25,54,0.05
23492566L,Arnau,Ferrer García,Espanya,Sevilla,17,3,1989,Home,1445.85,No,Grup A,Arnau Ferrer García,Si,1989-03-17,37,0.05
13998302S,Clara,Ferrer Martínez,Espanya,Sevilla,24,5,1951,Dona,1828.84,No,Grup B,Clara Ferrer Martínez,Si,1951-05-24,75,0.035
99123197C,Marc,Sánchez Castells,Espanya,Sevilla,21,3,1980,Home,1323.76,No,Grup B,Marc Sánchez Castells,Si,1980-03-21,46,0.035
50829502T,Núria,Ferrer Romero,Espanya,Sevilla,16,3,1989,Dona,1300.99,No,Grup B,Núria Ferrer Romero,Si,1989-03-16,37,0.035
25403469P,Clara,García,Espanya,Sevilla,19,8,1998,Dona,784.35,No,Grup A,Clara García,Si,1998-08-19,27,0.05
94076717B,Marc,López,Espanya,Sevilla,8,2,1987,,3206.52,No,Grup D,Marc López,Si,1987-02-08,39,0.08
82052269P,Eva,Romero Romero,Espanya,Sevilla,26,2,1954,Dona,1766.64,No,Grup C,Eva Romero Romero,Si,1954-02-26,72,0.02
13508244R,Oriol,Martínez Martínez,Espanya,Sevilla,21,3,1951,Home,1539.3,No,Grup A,Oriol Martínez Martínez,Si,1951-03-21,75,0.05
85031552D,Laia,Ferrer Martínez,Espanya,Sevilla,23,10,1962,Dona,1478.4,Sí,Grup A,Laia Ferrer Martínez,Si,1962-10-23,63,0.05
17972901L,Carla,Sánchez López,Espanya,Sevilla,11,6,1989,Dona,1135.05,Sí,Grup A,Carla Sánchez López,Si,1989-06-11,36,0.05
92286029R,Núria,López,Espanya,Sevilla,5,5,1977,Dona,1075.2,No,Grup A,Núria López,Si,1977-05-05,49,0.05
93623062E,Pau,López García,Espanya,Sevilla,4,7,1992,Home,1751.4,No,Grup A,Pau López García,Si,1992-07-04,33,0.05
91797004K,Toni,Sánchez Sánchez,Espanya,Sevilla,16,7,1950,Home,1358.7,No,Grup A,Toni Sánchez Sánchez,Si,1950-07-16,75,0.05
98511923W,Carla,Castells Castells,Espanya,Sevilla,22,6,1979,Dona,1909.57,No,Grup B,Carla Castells Castells,Si,1979-06-22,46,0.035
20460695D,Laia,Ferrer Romero,Espanya,Sevilla,25,8,1951,Dona,1368.15,Sí,Grup A,Laia Ferrer Romero,Si,1951-08-25,74,0.05
31274825R,Clara,García Martínez,Espanya,Sevilla,2,9,1986,Dona,2587.68,No,Grup D,Clara García Martínez,Si,1986-09-02,39,0.08
14828163F,Marc,Martínez García,Espanya,Sevilla,12,3,1965,Home,1664.25,No,Grup A,Marc Martínez García,Si,1965-03-12,61,0.05
15838881W,Marta,Romero,Espanya,Sevilla,26,10,2002,Dona,1336.18,Sí,Grup B,Marta Romero,Si,2002-10-26,23,0.035
29092175V,Marc,López Sánchez,Espanya,Sevilla,11,4,1968,Home,1361.02,No,Grup B,Marc López Sánchez,Si,1968-04-11,58,0.035
89595235W,Clara,Romero,Espanya,Sevilla,23,3,1999,Dona,795.9,No,Grup A,Clara Romero,Si,1999-03-23,27,0.05
32909990R,Laia,Romero,Espanya,Sevilla,18,5,1960,Dona,1401.39,No,Grup B,Laia Romero,Si,1960-05-18,66,0.035
72374089J,Joan,Martínez Romero,Espanya,Sevilla,20,4,1994,,1871.7,No,Grup C,Joan Martínez Romero,Si,1994-04-20,32,0.02
68247465J,Joan,Martínez Romero,Espanya,Sevilla,4,7,1971,Home,3213.0,No,Grup D,Joan Martínez Romero,Si,1971-07-04,54,0.08
74074321A,Carla,Ferrer Castells,Espanya,Sevilla,2,8,1957,Dona,1145.55,Sí,Grup A,Carla Ferrer Castells,Si,1957-08-02,68,0.05
23058334Y,Jordi,Ferrer,Espanya,Sevilla,5,3,1993,Home,1710.85,Sí,Grup B,Jordi Ferrer,Si,1993-03-05,33,0.035
48242975Q,Arnau,Sánchez Sánchez,Espanya,Sevilla,5,7,1974,Home,1559.25,No,Grup A,Arnau Sánchez Sánchez,Si,1974-07-05,51,0.05
81901030H,Marc,Castells,Espanya,Sevilla,20,9,1970,Home,1163.4,Sí,Grup A,Marc Castells,Si,1970-09-20,55,0.05
33400905A,Joan,Ferrer,Espanya,Sevilla,19,12,1970,,1062.6,No,Grup A,Joan Ferrer,Si,1970-12-19,55,0.05
73063501Z,Eva,Ferrer,Espanya,Sevilla,4,11,1990,Dona,1433.25,Sí,Grup A,Eva Ferrer,Si,1990-11-04,35,0.05
36106979Y,Pau,Sánchez,Espanya,Sevilla,1,2,1953,Home,1088.85,No,Grup A,Pau Sánchez,Si,1953-02-01,73,0.05
41260739H,Anna,Ferrer,Espanya,Sevilla,25,5,2000,Dona,2207.28,No,Grup C,Anna Ferrer,Si,2000-05-25,26,0.02
83602803G,Joan,Ferrer,Espanya,Sevilla,2,2,1964,Home,1273.65,No,Grup A,Joan Ferrer,Si,1964-02-02,62,0.05
80909731Y,Jordi,García López,Espanya,Sevilla,6,6,1971,Home,1311.45,Sí,Grup A,Jordi García López,Si,1971-06-06,54,0.05
54853635H,Laia,Castells Ferrer,Espanya,Sevilla,23,6,1986,Dona,1219.23,Sí,Grup B,Laia Castells Ferrer,Si,1986-06-23,39,0.035
87865381W,Marta,Martínez,Espanya,Sevilla,17,7,2000,Dona,1256.85,No,Grup A,Marta Martínez,Si,2000-07-17,25,0.05
13357124H,Arnau,Martínez Martínez,Espanya,Sevilla,6,12,1960,Home,1851.61,No,Grup B,Arnau Martínez Martínez,Si,1960-12-06,65,0.035
26414747E,Oriol,Martínez,Espanya,Sevilla,23,12,1991,Home,843.15,Sí,Grup A,Oriol Martínez,Si,1991-12-23,34,0.05
19863880V,Carla,López Romero,Espanya,Sevilla,22,4,1954,Dona,1231.65,Sí,Grup A,Carla López Romero,Si,1954-04-22,72,0.05
30525996L,Marc,López,Espanya,Sevilla,23,1,1965,Home,884.1,Sí,Grup A,Marc López,Si,1965-01-23,61,0.05
46035899S,Marc,Romero,Espanya,Sevilla,2,11,1975,Home,1623.92,No,Grup B,Marc Romero,Si,1975-11-02,50,0.035
12868239Z,Toni,López,Espanya,Sevilla,10,3,1989,Home,3112.56,No,Grup D,Toni López,Si,1989-03-10,37,0.08
31958336Z,Núria,Martínez Castells,Espanya,Sevilla,8,12,1962,Dona,1345.5,No,Grup B,Núria Martínez Castells,Si,1962-12-08,63,0.035
45203656T,Laia,Ferrer,Espanya,Sevilla,18,6,1988,Dona,994.35,No,Grup A,Laia Ferrer,Si,1988-06-18,37,0.05
18873517G,Jordi,García Martínez,Espanya,Sevilla,7,2,1974,Home,812.7,Sí,Grup A,Jordi García Martínez,Si,1974-02-07,52,0.05
53730243G,Anna,Ferrer Romero,Espanya,Sevilla,24,1,2005,Dona,753.9,No,Grup A,Anna Ferrer Romero,Si,2005-01-24,21,0.05
11962486C,Oriol,Sánchez,Espanya,Sevilla,27,2,1958,Home,2589.78,No,Grup C,Oriol Sánchez,Si,1958-02-27,68,0.02
63666276G,Joan,Romero,Espanya,Sevilla,10,11,1952,Home,1942.08,No,Grup C,Joan Romero,Si,1952-11-10,73,0.02
66795744Q,Núria,López,Espanya,Sevilla,7,6,1956,Dona,1379.7,No,Grup A,Núria López,Si,1956-06-07,69,0.05
38900939H,Pau,Ferrer,Espanya,Sevilla,23,2,1996,Home,1582.35,Sí,Grup A,Pau Ferrer,Si,1996-02-23,30,0.05
29356893J,Jordi,García,Espanya,Sevilla,13,6,1987,Home,2784.6,Sí,Grup C,Jordi García,Si,1987-06-13,38,0.02
95233500R,Clara,López García,Espanya,Sevilla,18,8,1955,Dona,1037.4,No,Grup A,Clara López García,Si,1955-08-18,70,0.05
58423324H,Núria,Castells Ferrer,Espanya,Sevilla,13,10,2005,Dona,2130.03,No,Grup B,Núria Castells Ferrer,Si,2005-10-13,20,0.035
76315436N,Joan,Martínez,Espanya,Sevilla,26,5,1976,Home,2873.34,No,Grup C,Joan Martínez,Si,1976-05-26,50,0.02
87416108F,Marta,Martínez Romero,Espanya,Sevilla,7,9,1955,Dona,2001.24,No,Grup C,Marta Martínez Romero,Si,1955-09-07,70,0.02
90131757Y,Toni,Castells,Espanya,Sevilla,11,5,2004,Home,1420.65,No,Grup A,Toni Castells,Si,2004-05-11,22,0.05
95250887Z,Arnau,García,Espanya,Sevilla,10,9,1966,,1291.5,No,Grup A,Arnau García,Si,1966-09-10,59,0.05
14157308N,Eva,Sánchez,Espanya,Sevilla,28,6,1958,Altres,738.15,No,Grup A,Eva Sánchez,Si,1958-06-28,67,0.05
83294970L,Jordi,López,Espanya,Sevilla,18,2,1998,Home,922.95,No,Grup A,Jordi López,Si,1998-02-18,28,0.05
43409433Y,Marta,López López,Espanya,Sevilla,24,2,1986,Dona,1337.22,No,Grup B,Marta López López,Si,1986-02-24,40,0.035
39025961G,Pau,Sánchez,Espanya,Sevilla,20,10,1953,Home,2820.3,No,Grup C,Pau Sánchez,Si,1953-10-20,72,0.02
82936531F,Pau,López Martínez,Espanya,Sevilla,17,12,1958,Home,1458.31,No,Grup B,Pau López Martínez,Si,1958-12-17,67,0.035
84414697K,Jordi,García Ferrer,Espanya,Sevilla,21,8,1959,Home,1140.3,Sí,Grup A,Jordi García Ferrer,Si,1959-08-21,66,0.05
21546595T,Anna,Martínez,Espanya,Sevilla,24,2,1973,Dona,1212.75,No,Grup A,Anna Martínez,Si,1973-02-24,53,0.05
47853239E,Núria,López,Espanya,Sevilla,14,4,1969,Dona,1848.51,No,Grup B,Núria López,Si,1969-04-14,57,0.035
20752389X,Eva,Romero,Espanya,Sevilla,16,11,1964,,1999.2,No,Grup C,Eva Romero,Si,1964-11-16,61,0.02
81124534E,Oriol,Sánchez,Espanya,Sevilla,1,4,1969,Home,1472.8,No,Grup B,Oriol Sánchez,Si,1969-04-01,57,0.035
23733093T,Joan,López,Espanya,Sevilla,12,8,1992,Home,1025.85,No,Grup A,Joan López,Si,1992-08-12,33,0.05
65476112E,Marta,Romero Romero,Espanya,Sevilla,24,9,1991,Dona,1687.05,No,Grup B,Marta Romero Romero,Si,1991-09-24,34,0.035
10736038P,Oriol,Castells,Espanya,Sevilla,27,3,1998,Home,1642.2,Sí,Grup A,Oriol Castells,Si,1998-03-27,28,0.05
49176508C,Pau,García López,Espanya,Sevilla,22,8,1996,Home,1395.18,Sí,Grup B,Pau García López,Si,1996-08-22,29,0.035
63445794B,Oriol,Romero Romero,Espanya,Sevilla,11,7,1964,Altres,1989.0,No,Grup C,Oriol Romero Romero,Si,1964-07-11,61,0.02
61051397G,Marta,Sánchez,Espanya,Sevilla,17,3,1999,Dona,1458.45,No,Grup A,Marta Sánchez,Si,1999-03-17,27,0.05
63040392X,Oriol,Martínez,Espanya,Sevilla,22,7,1977,Home,1415.4,Sí,Grup A,Oriol Martínez,Si,1977-07-22,48,0.05
58632182Z,Laia,Romero,Espanya,Sevilla,16,11,1962,Dona,1253.38,Sí,Grup B,Laia Romero,Si,1962-11-16,63,0.035
66120457F,Núria,Sánchez Romero,Espanya,Sevilla,9,1,1974,Dona,1939.02,No,Grup C,Núria Sánchez Romero,Si,1974-01-09,52,0.02
80657664E,Eva,López Castells,Espanya,Sevilla,4,12,2004,,917.7,Sí,Grup A,Eva López Castells,Si,2004-12-04,21,0.05
38279546W,Marc,Castells,Espanya,Sevilla,24,3,1974,Home,1058.4,No,Grup A,Marc Castells,Si,1974-03-24,52,0.05
91233007A,Joan,García,Espanya,Sevilla,23,3,2003,,1651.86,Sí,Grup B,Joan García,Si,2003-03-23,23,0.035
95216936L,Jordi,Castells,Espanya,Sevilla,14,12,1986,Altres,2304.18,Sí,Grup C,Jordi Castells,Si,1986-12-14,39,0.02
69734812N,Anna,Sánchez,Espanya,Sevilla,17,7,1971,Dona,805.35,Sí,Grup A,Anna Sánchez,Si,1971-07-17,54,0.05
87213442J,Clara,Ferrer Castells,Espanya,Sevilla,25,7,1998,Dona,1462.65,No,Grup A,Clara Ferrer Castells,Si,1998-07-25,27,0.05
78458482P,Pau,Ferrer,Espanya,Sevilla,6,3,1997,Home,1499.4,No,Grup A,Pau Ferrer,Si,1997-03-06,29,0.05
83600087R,Toni,Romero,Espanya,Sevilla,26,9,1952,,1283.1,Sí,Grup A,Toni Romero,Si,1952-09-26,73,0.05
96650060J,Anna,Sánchez Castells,Espanya,Sevilla,1,2,1960,Dona,2840.4,No,Grup D,Anna Sánchez Castells,Si,1960-02-01,66,0.08
93349542M,Marc,Sánchez García,Espanya,Sevilla,4,3,1974,Altres,1643.22,Sí,Grup C,Marc Sánchez García,Si,1974-03-04,52,0.02
77573960D,Laia,Romero López,Espanya,Sevilla,23,6,2005,Dona,2407.2,No,Grup C,Laia Romero López,Si,2005-06-23,20,0.02
69520375Z,Núria,García Castells,Espanya,Sevilla,23,12,1986,Dona,1321.95,No,Grup A,Núria García Castells,Si,1986-12-23,39,0.05
59083606S,Toni,López,Espanya,Sevilla,20,10,1950,,1614.9,No,Grup A,Toni López,Si,1950-10-20,75,0.05
25161375F,Marta,Ferrer Ferrer,Espanya,Sevilla,1,6,1951,Dona,1258.56,No,Grup B,Marta Ferrer Ferrer,Si,1951-06-01,75,0.035
52145541P,Joan,García,Espanya,Sevilla,11,4,1959,Home,1019.55,No,Grup A,Joan García,Si,1959-04-11,67,0.05
78247593G,Carla,García,Espanya,València,24,12,1957,Dona,989.1,No,Grup A,Carla García,Si,1957-12-24,68,0.05
47103299Z,Núria,Ferrer Romero,Espanya,València,6,2,2003,,1318.8,No,Grup A,Núria Ferrer Romero,Si,2003-02-06,23,0.05
75145716V,Joan,López,Espanya,València,1,2,1952,Home,1577.1,No,Grup A,Joan López,Si,1952-02-01,74,0.05
61151031X,Toni,Martínez,Espanya,València,12,9,1992,Home,2599.98,Sí,Grup C,Toni Martínez,Si,1992-09-12,33,0.02
83083855T,Oriol,García,Espanya,València,12,6,2002,Home,1352.4,Sí,Grup A,Oriol García,Si,2002-06-12,23,0.05
66876326G,Jordi,Sánchez,Espanya,València,19,6,1984,Home,1305.15,Sí,Grup A,Jordi Sánchez,Si,1984-06-19,41,0.05
32384138R,Clara,Sánchez López,Espanya,València,27,7,1955,Dona,2083.46,Sí,Grup B,Clara Sánchez López,Si,1955-07-27,70,0.035
27772301M,Anna,Castells Romero,Espanya,València,25,8,1978,Dona,1730.52,No,Grup B,Anna Castells Romero,Si,1978-08-25,47,0.035
23876940J,Marta,Romero,Espanya,València,25,11,2002,Dona,1302.03,No,Grup B,Marta Romero,Si,2002-11-25,23,0.035
91110497A,Arnau,García,Espanya,València,2,1,1954,Home,2200.41,No,Grup B,Arnau García,Si,1954-01-02,72,0.035
92828803F,Eva,Romero,Espanya,València,16,4,1985,Dona,1130.85,Sí,Grup A,Eva Romero,Si,1985-04-16,41,0.05
35957209T,Pau,López Martínez,Espanya,València,1,1,1988,Home,2861.1,No,Grup C,Pau López Martínez,Si,1988-01-01,38,0.02
36035835A,Toni,Romero,Espanya,València,26,11,1991,Home,1445.85,Sí,Grup A,Toni Romero,Si,1991-11-26,34,0.05
82953871E,Toni,Castells,Espanya,València,1,4,1963,Home,1825.74,Sí,Grup B,Toni Castells,Si,1963-04-01,63,0.035
58847232T,Arnau,Sánchez García,Espanya,València,24,2,1978,Home,3545.64,No,Grup D,Arnau Sánchez García,Si,1978-02-24,48,0.08
22972474K,Marta,Romero,Espanya,València,3,12,1958,Dona,1562.64,No,Grup C,Marta Romero,Si,1958-12-03,67,0.02
78286678X,Marc,García Ferrer,Espanya,València,16,8,1998,Home,1252.65,No,Grup A,Marc García Ferrer,Si,1998-08-16,27,0.05
99521295N,Anna,Castells Martínez,Espanya,València,3,4,1991,Dona,1463.49,No,Grup B,Anna Castells Martínez,Si,1991-04-03,35,0.035
99620931S,Clara,Sánchez Castells,Espanya,València,19,3,1972,Dona,1213.8,No,Grup A,Clara Sánchez Castells,Si,1972-03-19,54,0.05
15110846Z,Oriol,López,Espanya,València,27,6,2002,Home,1353.78,No,Grup B,Oriol López,Si,2002-06-27,23,0.035
47304350Y,Jordi,Ferrer,Espanya,València,21,6,1967,Home,1376.55,Sí,Grup B,Jordi Ferrer,Si,1967-06-21,58,0.035
55395479J,Anna,Ferrer,Espanya,València,6,10,1984,Dona,1584.58,Sí,Grup B,Anna Ferrer,Si,1984-10-06,41,0.035
73749390X,Eva,Romero Ferrer,Espanya,València,7,12,1965,Dona,1926.13,No,Grup B,Eva Romero Ferrer,Si,1965-12-07,60,0.035
33287222R,Toni,Romero,Espanya,València,19,1,1974,Home,1501.78,No,Grup B,Toni Romero,Si,1974-01-19,52,0.035
77962069Z,Carla,Ferrer López,Espanya,València,2,4,1984,Dona,1569.75,Sí,Grup A,Carla Ferrer López,Si,1984-04-02,42,0.05
29151933K,Arnau,Romero Romero,Espanya,València,8,10,1968,Home,1874.38,No,Grup B,Arnau Romero Romero,Si,1968-10-08,57,0.035
74017954Q,Anna,Sánchez,Espanya,València,25,2,1981,Dona,1242.0,No,Grup B,Anna Sánchez,Si,1981-02-25,45,0.035
73128127J,Arnau,Castells Sánchez,Espanya,València,17,4,1998,Home,3014.28,No,Grup D,Arnau Castells Sánchez,Si,1998-04-17,28,0.08
37718344N,Marta,García Sánchez,Espanya,València,3,2,1962,Dona,1176.0,Sí,Grup A,Marta García Sánchez,Si,1962-02-03,64,0.05
87813160D,Arnau,Ferrer,Espanya,València,24,3,1990,Altres,2813.4,Sí,Grup D,Arnau Ferrer,Si,1990-03-24,36,0.08
21526488C,Joan,Sánchez,Espanya,València,9,8,1997,Home,2383.6,Sí,Grup B,Joan Sánchez,Si,1997-08-09,28,0.035
81401769X,Clara,Ferrer,Espanya,València,14,12,2002,Dona,1027.95,Sí,Grup A,Clara Ferrer,Si,2002-12-14,23,0.05
68625528R,Jordi,López,Espanya,València,1,5,1996,Home,1384.95,Sí,Grup A,Jordi López,Si,1996-05-01,30,0.05
16472230S,Clara,Ferrer García,Espanya,València,26,1,1957,Dona,730.8,Sí,Grup A,Clara Ferrer García,Si,1957-01-26,69,0.05
38355195J,Pau,Ferrer García,Espanya,València,14,9,1984,Home,1332.45,Sí,Grup A,Pau Ferrer García,Si,1984-09-14,41,0.05
43764388P,Clara,Castells Castells,Espanya,València,15,8,1962,Dona,2372.52,Sí,Grup C,Clara Castells Castells,Si,1962-08-15,63,0.02
61862070S,Núria,Castells,Espanya,València,25,12,1992,Dona,2093.8,Sí,Grup B,Núria Castells,Si,1992-12-25,33,0.035
71930041T,Oriol,Romero Castells,Espanya,València,25,4,1970,Home,1539.3,No,Grup A,Oriol Romero Castells,Si,1970-04-25,56,0.05
38867232T,Eva,García,Espanya,València,28,9,1950,Dona,793.8,No,Grup A,Eva García,Si,1950-09-28,75,0.05
28269893J,Joan,Martínez Martínez,Espanya,València,1,2,1960,Home,1060.5,No,Grup A,Joan Martínez Martínez,Si,1960-02-01,66,0.05
17102266H,Marta,Romero García,Espanya,València,3,4,1972,Altres,1397.25,Sí,Grup B,Marta Romero García,Si,1972-04-03,54,0.035
79676573H,Marta,Ferrer Sánchez,Espanya,València,18,3,1952,Dona,1344.46,Sí,Grup B,Marta Ferrer Sánchez,Si,1952-03-18,74,0.035
16129804M,Arnau,García,Espanya,València,11,2,1953,Home,1952.01,No,Grup B,Arnau García,Si,1953-02-11,73,0.035
54523654J,Jordi,Romero Romero,Espanya,València,11,6,1984,Home,1020.6,No,Grup A,Jordi Romero Romero,Si,1984-06-11,41,0.05
14486584J,Marta,Romero Castells,Espanya,València,12,12,1988,Dona,876.75,No,Grup A,Marta Romero Castells,Si,1988-12-12,37,0.05
29043853R,Toni,García Ferrer,Espanya,València,22,9,1988,Home,1068.9,No,Grup A,Toni García Ferrer,Si,1988-09-22,37,0.05
44910416G,Toni,Romero,Espanya,València,17,2,2003,Home,1705.2,Sí,Grup A,Toni Romero,Si,2003-02-17,23,0.05
10882370B,Núria,Romero Martínez,Espanya,València,16,3,2004,Dona,1426.23,Sí,Grup B,Núria Romero Martínez,Si,2004-03-16,22,0.035
47195129C,Jordi,López,Espanya,València,24,10,1954,Home,1107.75,No,Grup A,Jordi López,Si,1954-10-24,71,0.05
89805468T,Marc,García Ferrer,Espanya,València,21,5,1968,Home,2185.86,Sí,Grup C,Marc García Ferrer,Si,1968-05-21,58,0.02
63108914N,Joan,Martínez Sánchez,Espanya,València,18,2,1986,Home,3583.44,Sí,Grup D,Joan Martínez Sánchez,Si,1986-02-18,40,0.08
13299063V,Marc,Ferrer García,Espanya,València,21,4,1996,Home,1674.63,No,Grup B,Marc Ferrer García,Si,1996-04-21,30,0.035
59487847J,Carla,Sánchez Romero,Espanya,València,17,10,1959,Dona,2453.1,Sí,Grup C,Carla Sánchez Romero,Si,1959-10-17,66,0.02
47905259N,Clara,López García,Espanya,València,13,10,1988,Dona,866.25,Sí,Grup A,Clara López García,Si,1988-10-13,37,0.05
80116589E,Toni,Castells Romero,Espanya,València,26,8,1988,Home,1337.22,Sí,Grup B,Toni Castells Romero,Si,1988-08-26,37,0.035
53672811D,Carla,Sánchez,Espanya,València,6,3,1957,Dona,3187.08,Sí,Grup D,Carla Sánchez,Si,1957-03-06,69,0.08
30289780L,Clara,López,Espanya,València,17,2,1951,Dona,3150.36,Sí,Grup D,Clara López,Si,1951-02-17,75,0.08
35909931K,Laia,Martínez López,Espanya,València,17,5,1976,Dona,1237.95,Sí,Grup A,Laia Martínez López,Si,1976-05-17,50,0.05
75690264M,Anna,Romero,Espanya,València,17,11,1976,Dona,1350.3,No,Grup A,Anna Romero,Si,1976-11-17,49,0.05
35978728B,Jordi,García García,Espanya,València,18,6,1967,Home,2438.82,Sí,Grup C,Jordi García García,Si,1967-06-18,58,0.02
44603694F,Toni,Castells,Espanya,València,4,9,1964,Home,1342.4,No,Grup B,Toni Castells,Si,1964-09-04,61,0.035
72548015K,Núria,Romero Castells,Espanya,València,10,4,1996,,814.8,No,Grup A,Núria Romero Castells,Si,1996-04-10,30,0.05
15071348H,Núria,Romero,Espanya,València,11,6,1951,Dona,747.6,No,Grup A,Núria Romero,Si,1951-06-11,74,0.05
36334567G,Pau,Martínez López,Espanya,València,19,12,1994,Home,1572.9,No,Grup A,Pau Martínez López,Si,1994-12-19,31,0.05
41974885N,Arnau,Ferrer Romero,Espanya,València,13,7,1958,Home,1848.51,Sí,Grup B,Arnau Ferrer Romero,Si,1958-07-13,67,0.035
47691452T,Laia,Romero,Espanya,València,18,7,1950,Dona,1057.35,No,Grup A,Laia Romero,Si,1950-07-18,75,0.05
48127366Y,Pau,Sánchez,Espanya,València,26,5,1954,Home,1481.55,No,Grup A,Pau Sánchez,Si,1954-05-26,72,0.05
18457673C,Carla,Martínez,Espanya,València,17,4,1999,Dona,1325.83,No,Grup B,Carla Martínez,Si,1999-04-17,27,0.035
32219930D,Eva,García Ferrer,Espanya,València,22,2,1991,Dona,698.25,Sí,Grup A,Eva García Ferrer,Si,1991-02-22,35,0.05
82680101W,Marc,Romero Ferrer,Espanya,València,22,9,1993,Home,1777.86,Sí,Grup C,Marc Romero Ferrer,Si,1993-09-22,32,0.02
26689120S,Clara,Romero,Espanya,València,4,1,1974,Dona,3262.68,Sí,Grup D,Clara Romero,Si,1974-01-04,52,0.08
99688433B,Toni,Castells,Espanya,València,1,5,1960,Home,1715.7,Sí,Grup A,Toni Castells,Si,1960-05-01,66,0.05
29203160E,Arnau,López Martínez,Espanya,València,24,1,1970,Home,3513.24,Sí,Grup D,Arnau López Martínez,Si,1970-01-24,56,0.08
87257820C,Marta,García,Espanya,València,14,5,1976,Dona,1637.37,No,Grup B,Marta García,Si,1976-05-14,50,0.035
90389717L,Clara,Martínez Romero,Espanya,València,9,7,1973,Dona,1118.25,Sí,Grup A,Clara Martínez Romero,Si,1973-07-09,52,0.05
70806232V,Arnau,Romero,Espanya,València,24,6,1976,Home,810.6,No,Grup A,Arnau Romero,Si,1976-06-24,49,0.05
89141927S,Eva,Ferrer Ferrer,Espanya,València,24,12,1979,Dona,1642.54,No,Grup B,Eva Ferrer Ferrer,Si,1979-12-24,46,0.035
44346665J,Laia,Romero Martínez,Espanya,València,18,7,1963,Altres,2089.98,No,Grup C,Laia Romero Martínez,Si,1963-07-18,62,0.02
52759329M,Jordi,Martínez Ferrer,Espanya,València,18,2,1972,Altres,816.9,No,Grup A,Jordi Martínez Ferrer,Si,1972-02-18,54,0.05
76029605D,Carla,Ferrer García,Espanya,València,25,2,1970,Dona,2564.28,No,Grup C,Carla Ferrer García,Si,1970-02-25,56,0.02
15664344B,Pau,García,Espanya,València,1,3,2000,Home,2437.8,No,Grup C,Pau García,Si,2000-03-01,26,0.02
51635247N,Clara,Sánchez Castells,Espanya,València,6,10,1973,Dona,1225.35,No,Grup A,Clara Sánchez Castells,Si,1973-10-06,52,0.05
42128077K,Núria,Castells,Espanya,València,16,2,2001,Dona,936.6,No,Grup A,Núria Castells,Si,2001-02-16,25,0.05
53983933P,Marta,Martínez Ferrer,Espanya,València,2,11,2001,Dona,846.3,No,Grup A,Marta Martínez Ferrer,Si,2001-11-02,24,0.05
90464341H,Jordi,Ferrer Martínez,Espanya,València,12,11,1981,Home,1747.2,No,Grup A,Jordi Ferrer Martínez,Si,1981-11-12,44,0.05
11156851X,Carla,Sánchez,Espanya,València,17,8,1975,Dona,1560.78,Sí,Grup B,Carla Sánchez,Si,1975-08-17,50,0.035
61239482R,Eva,López Sánchez,Espanya,València,25,4,1987,Dona,2159.01,No,Grup B,Eva López Sánchez,Si,1987-04-25,39,0.035
95204020C,Oriol,Castells Ferrer,Espanya,València,14,10,1959,Home,1654.8,Sí,Grup A,Oriol Castells Ferrer,Si,1959-10-14,66,0.05
68222849D,Marta,López,Espanya,València,4,11,1971,Dona,2398.02,Sí,Grup C,Marta López,Si,1971-11-04,54,0.02
82495492K,Jordi,García Castells,Espanya,València,4,7,1970,Home,1912.68,Sí,Grup B,Jordi García Castells,Si,1970-07-04,55,0.035
22553315Z,Carla,López,Espanya,València,27,6,1972,Dona,957.6,No,Grup A,Carla López,Si,1972-06-27,53,0.05
50017849P,Núria,Martínez,Espanya,València,26,9,1958,Dona,1978.92,No,Grup B,Núria Martínez,Si,1958-09-26,67,0.035
81908160Z,Toni,Martínez,Espanya,València,13,7,1978,Home,1966.56,Sí,Grup C,Toni Martínez,Si,1978-07-13,47,0.02
93864786W,Marc,Romero,Espanya,València,8,6,1957,Home,832.65,Sí,Grup A,Marc Romero,Si,1957-06-08,68,0.05
39256461F,Oriol,Martínez,Espanya,València,17,7,1951,Home,1672.65,No,Grup A,Oriol Martínez,Si,1951-07-17,74,0.05
21123762J,Toni,Sánchez Sánchez,Espanya,València,20,1,1989,Home,2373.25,No,Grup B,Toni Sánchez Sánchez,Si,1989-01-20,37,0.035
61643122A,Marta,Sánchez,Espanya,València,28,10,1980,Dona,1424.85,Sí,Grup A,Marta Sánchez,Si,1980-10-28,45,0.05
80132051V,Carla,López,Espanya,València,4,6,1994,Dona,1043.7,Sí,Grup A,Carla López,Si,1994-06-04,31,0.05
36744704Y,Carla,López López,Espanya,València,9,10,1970,Dona,2245.02,No,Grup C,Carla López López,Si,1970-10-09,55,0.02
99934405Q,Oriol,Martínez Sánchez,Espanya,València,3,9,1969,Home,1274.7,Sí,Grup A,Oriol Martínez Sánchez,Si,1969-09-03,56,0.05
10570045V,Carla,Castells López,Espanya,València,17,10,1966,Dona,1085.7,No,Grup A,Carla Castells López,Si,1966-10-17,59,0.05
87956285P,Clara,García López,Espanya,València,21,1,1983,Dona,1156.05,Sí,Grup A,Clara García López,Si,1983-01-21,43,0.05
44026048T,Joan,López,Espanya,València,15,10,1982,Home,2370.15,No,Grup B,Joan López,Si,1982-10-15,43,0.035
32095971T,Laia,López López,Espanya,València,8,5,1962,Dona,1281.33,Sí,Grup B,Laia López López,Si,1962-05-08,64,0.035
70201568H,Joan,Martínez Ferrer,Espanya,València,12,3,1964,Home,3137.4,No,Grup D,Joan Martínez Ferrer,Si,1964-03-12,62,0.08
62062006Z,Jordi,Romero,Espanya,València,1,1,1973,Home,2352.12,No,Grup C,Jordi Romero,Si,1973-01-01,53,0.02
73130661B,Clara,Martínez Romero,Espanya,València,1,10,1975,Dona,2047.23,Sí,Grup B,Clara Martínez Romero,Si,1975-10-01,50,0.035
70773495X,Eva,Martínez,Espanya,València,4,12,1970,Dona,1299.9,No,Grup A,Eva Martínez,Si,1970-12-04,55,0.05
83262533Z,Jordi,Martínez Ferrer,Espanya,València,17,6,1950,Home,2360.84,Sí,Grup B,Jordi Martínez Ferrer,Si,1950-06-17,75,0.035
83094572C,Carla,Sánchez,Espanya,València,10,6,1981,Dona,754.95,Sí,Grup A,Carla Sánchez,Si,1981-06-10,44,0.05
22914113G,Laia,Sánchez Sánchez,Espanya,València,25,9,1995,,1403.46,No,Grup B,Laia Sánchez Sánchez,Si,1995-09-25,30,0.035
31281157W,Joan,García,Espanya,València,1,4,1977,Home,1670.55,Sí,Grup A,Joan García,Si,1977-04-01,49,0.05
23188733V,Núria,García,Espanya,València,11,4,1993,Dona,838.95,No,Grup A,Núria García,Si,1993-04-11,33,0.05
20335877M,Arnau,García Ferrer,Espanya,València,20,1,1951,Home,2116.57,No,Grup B,Arnau García Ferrer,Si,1951-01-20,75,0.035
11305351X,Eva,García,Espanya,València,22,6,1993,Dona,1516.2,No,Grup A,Eva García,Si,1993-06-22,32,0.05
44065719N,Pau,Ferrer Ferrer,Espanya,València,9,11,1991,Home,1444.86,Sí,Grup B,Pau Ferrer Ferrer,Si,1991-11-09,34,0.035
99383081M,Oriol,Sánchez García,Espanya,València,21,5,1993,Home,939.75,No,Grup A,Oriol Sánchez García,Si,1993-05-21,33,0.05
17088262F,Eva,Sánchez,Espanya,València,18,2,1971,Dona,2160.04,No,Grup B,Eva Sánchez,Si,1971-02-18,55,0.035
31713444D,Arnau,Romero Martínez,Espanya,València,7,5,1962,Home,1307.25,Sí,Grup A,Arnau Romero Martínez,Si,1962-05-07,64,0.05
23333032N,Oriol,Martínez,Espanya,València,21,12,1986,Home,1826.78,No,Grup B,Oriol Martínez,Si,1986-12-21,39,0.035
68438696L,Clara,López Castells,Espanya,València,9,4,1982,Dona,3242.16,No,Grup D,Clara López Castells,Si,1982-04-09,44,0.08
84844149K,Marc,Sánchez Ferrer,Espanya,València,1,4,1998,Home,1016.4,No,Grup A,Marc Sánchez Ferrer,Si,1998-04-01,28,0.05
26365080Y,Anna,Sánchez,Espanya,València,5,6,1988,Dona,1013.25,No,Grup A,Anna Sánchez,Si,1988-06-05,37,0.05
55178117L,Marc,García Castells,Espanya,València,20,12,1983,Home,2970.24,Sí,Grup C,Marc García Castells,Si,1983-12-20,42,0.02
22118978G,Núria,Ferrer,Espanya,València,26,4,1995,Dona,1294.65,No,Grup A,Núria Ferrer,Si,1995-04-26,31,0.05
29153728J,Joan,Romero García,Espanya,València,4,3,1956,Home,2293.56,No,Grup B,Joan Romero García,Si,1956-03-04,70,0.035
43414375Y,Joan,López,Espanya,València,28,3,1995,Home,2227.32,No,Grup B,Joan López,Si,1995-03-28,31,0.035
20428037K,Anna,García,Espanya,València,22,11,1976,Dona,1605.28,Sí,Grup B,Anna García,Si,1976-11-22,49,0.035
95842086Q,Anna,López López,Espanya,València,7,7,1988,Dona,1375.52,Sí,Grup B,Anna López López,Si,1988-07-07,37,0.035
23931178W,Toni,García,Espanya,València,4,5,1952,Home,1132.95,No,Grup A,Toni García,Si,1952-05-04,74,0.05
42807414J,Laia,Sánchez,Espanya,València,17,7,1967,Dona,2300.1,No,Grup C,Laia Sánchez,Si,1967-07-17,58,0.02
38147748A,Núria,Martínez Ferrer,Espanya,València,4,11,1976,Dona,1079.4,No,Grup A,Núria Martínez Ferrer,Si,1976-11-04,49,0.05
48749091Z,Oriol,Sánchez García,Espanya,València,16,7,1965,Home,1336.65,No,Grup A,Oriol Sánchez García,Si,1965-07-16,60,0.05
29019539A,Clara,Romero García,Espanya,València,8,2,1989,Dona,1308.3,Sí,Grup A,Clara Romero García,Si,1989-02-08,37,0.05
22942395H,Carla,Ferrer Martínez,Espanya,València,3,5,1992,Dona,1773.99,No,Grup B,Carla Ferrer Martínez,Si,1992-05-03,34,0.035
82819660N,Michel,Moreau,França,Lió,2,5,1970,Home,850.5,No,Grup A,Michel Moreau,No,1970-05-02,56,0.05
45820844F,Michel,Lefevre,França,Lió,14,1,1985,Home,862.05,Sí,Grup A,Michel Lefevre,No,1985-01-14,41,0.05
76202240S,Louis,Moreau,França,Lió,13,2,1974,Home,1747.2,Sí,Grup A,Louis Moreau,No,1974-02-13,52,0.05
92913286B,Michel,Dubois Dubois,França,Lió,4,9,1979,Home,1149.75,No,Grup A,Michel Dubois Dubois,No,1979-09-04,46,0.05
93040786Z,Élise,Dubois,França,Lió,4,12,1950,Dona,1907.4,No,Grup C,Élise Dubois,No,1950-12-04,75,0.02
38127780Y,Louis,Dubois Girard,França,Lió,21,11,1950,Home,1139.25,No,Grup A,Louis Dubois Girard,No,1950-11-21,75,0.05
93384627N,Camille,Moreau Moreau,França,Lió,16,7,1993,Dona,2030.67,No,Grup B,Camille Moreau Moreau,No,1993-07-16,32,0.035
67762046W,Chloé,Moreau,França,Lió,21,2,1989,Dona,1491.44,No,Grup B,Chloé Moreau,No,1989-02-21,37,0.035
28196940Z,Michel,Moreau,França,Lió,12,12,1992,Home,2072.07,Sí,Grup B,Michel Moreau,No,1992-12-12,33,0.035
76568322R,Antoine,Lefevre,França,Lió,17,6,1999,Home,1303.05,No,Grup A,Antoine Lefevre,No,1999-06-17,26,0.05
71514483K,Jean,Girard Lefevre,França,Lió,28,12,1960,Home,976.5,No,Grup A,Jean Girard Lefevre,No,1960-12-28,65,0.05
58404017Q,Jean,Dubois,França,Lió,13,2,1960,Home,1051.05,Sí,Grup A,Jean Dubois,No,1960-02-13,66,0.05
66129686T,Jean,Dubois,França,Marsella,16,12,1964,Home,1672.65,Sí,Grup A,Jean Dubois,No,1964-12-16,61,0.05
83874145K,Chloé,Lefevre,França,Marsella,10,9,1973,Dona,1967.54,Sí,Grup B,Chloé Lefevre,No,1973-09-10,52,0.035
76101195A,Jean,Lefevre,França,Marsella,8,10,1959,Home,819.0,No,Grup A,Jean Lefevre,No,1959-10-08,66,0.05
12234836K,Chloé,Girard,França,Marsella,17,4,1977,Dona,2054.48,Sí,Grup B,Chloé Girard,No,1977-04-17,49,0.035
80554783G,Sophie,Moreau Dubois,França,Marsella,27,4,1956,Dona,1581.3,No,Grup A,Sophie Moreau Dubois,No,1956-04-27,70,0.05
57544317R,Louis,Girard Lefevre,França,Marsella,26,3,1983,Home,1059.45,Sí,Grup A,Louis Girard Lefevre,No,1983-03-26,43,0.05
89173930Q,Sophie,Moreau Lefevre,França,Marsella,11,1,1995,Dona,1802.97,Sí,Grup B,Sophie Moreau Lefevre,No,1995-01-11,31,0.035
19178233C,Jean,Moreau Girard,França,Marsella,12,11,1989,Home,909.3,No,Grup A,Jean Moreau Girard,No,1989-11-12,36,0.05
74822167B,Antoine,Lefevre,França,Marsella,1,10,1953,Home,1806.07,No,Grup B,Antoine Lefevre,No,1953-10-01,72,0.035
12118177C,Jean,Dubois,França,Marsella,24,11,1970,Home,1097.25,No,Grup A,Jean Dubois,No,1970-11-24,55,0.05
21285125Z,Chloé,Moreau,França,Marsella,5,5,1976,Dona,1231.65,Sí,Grup A,Chloé Moreau,No,1976-05-05,50,0.05
14532429J,Jean,Dubois Moreau,França,Marsella,7,12,1967,Home,2008.94,No,Grup B,Jean Dubois Moreau,No,1967-12-07,58,0.035
83613978F,Antoine,Lefevre Girard,França,Marsella,22,12,1981,Home,1676.7,Sí,Grup B,Antoine Lefevre Girard,No,1981-12-22,44,0.035
51525932J,Michel,Moreau,França,Marsella,27,6,1978,Home,2157.98,Sí,Grup B,Michel Moreau,No,1978-06-27,47,0.035
56029646T,Camille,Girard Lefevre,França,Marsella,7,12,2003,Dona,2495.94,Sí,Grup C,Camille Girard Lefevre,No,2003-12-07,22,0.02
92984183N,Michel,Lefevre,França,Marsella,28,1,1988,Home,1176.0,No,Grup A,Michel Lefevre,No,1988-01-28,38,0.05
54542153E,Chloé,Girard Girard,França,Marsella,17,12,1956,Dona,1504.65,No,Grup A,Chloé Girard Girard,No,1956-12-17,69,0.05
89245220G,Michel,Lefevre,França,París,21,8,1974,Home,2873.88,No,Grup D,Michel Lefevre,No,1974-08-21,51,0.08
28394981G,Jean,Girard Moreau,França,París,26,9,1991,,1628.05,Sí,Grup B,Jean Girard Moreau,No,1991-09-26,34,0.035
53263676R,Chloé,Girard,França,París,5,10,1952,Dona,778.05,Sí,Grup A,Chloé Girard,No,1952-10-05,73,0.05
30736318Q,Élise,Moreau,França,París,25,7,2001,Dona,976.5,No,Grup A,Élise Moreau,No,2001-07-25,24,0.05
78532778V,Élise,Lefevre,França,París,7,11,1972,Dona,1729.92,Sí,Grup C,Élise Lefevre,No,1972-11-07,53,0.02
29471837G,Camille,Moreau,França,París,6,2,1957,Dona,836.85,No,Grup A,Camille Moreau,No,1957-02-06,69,0.05
88164399Q,Camille,Girard Lefevre,França,París,26,1,2001,Dona,1574.24,Sí,Grup B,Camille Girard Lefevre,No,2001-01-26,25,0.035
94035504X,Louis,Dubois Dubois,França,París,22,9,1964,Home,1050.0,No,Grup A,Louis Dubois Dubois,No,1964-09-22,61,0.05
14345055N,Michel,Girard Dubois,França,París,9,8,1970,Home,3210.84,No,Grup D,Michel Girard Dubois,No,1970-08-09,55,0.08
72654945E,Michel,Girard,França,París,12,3,2004,Home,1593.9,Sí,Grup A,Michel Girard,No,2004-03-12,22,0.05
32285371X,Louis,Lefevre Girard,França,París,23,10,1970,Home,773.85,Sí,Grup A,Louis Lefevre Girard,No,1970-10-23,55,0.05
90836935Y,Élise,Moreau,França,París,9,10,1959,Dona,2149.14,Sí,Grup C,Élise Moreau,No,1959-10-09,66,0.02
30892443R,Élise,Moreau Moreau,França,París,10,6,1992,Dona,1446.9,No,Grup A,Élise Moreau Moreau,No,1992-06-10,33,0.05
87316866D,Alessia,Rossi,Itàlia,Milà,6,12,1989,Dona,1434.3,No,Grup A,Alessia Rossi,No,1989-12-06,36,0.05
98226417L,Giulia,Russo Conti,Itàlia,Milà,25,2,1971,Dona,1096.2,No,Grup A,Giulia Russo Conti,No,1971-02-25,55,0.05
45888164B,Giulia,Conti,Itàlia,Roma,8,7,1998,Dona,2036.88,Sí,Grup B,Giulia Conti,No,1998-07-08,27,0.035
93759961P,Alessandro,Russo Ferrari,Itàlia,Roma,13,8,1965,Home,987.0,No,Grup A,Alessandro Russo Ferrari,No,1965-08-13,60,0.05
56555741Z,Marco,Conti Rossi,Itàlia,Roma,4,1,1986,Home,1500.75,No,Grup B,Marco Conti Rossi,No,1986-01-04,40,0.035
97143963K,Chiara,Russo Conti,Itàlia,Roma,6,11,1985,Altres,1491.44,Sí,Grup B,Chiara Russo Conti,No,1985-11-06,40,0.035
76257088H,Francesca,Conti,Itàlia,Roma,10,8,1955,Dona,850.5,Sí,Grup A,Francesca Conti,No,1955-08-10,70,0.05
50496524Y,Alessia,Russo Russo,Itàlia,Roma,14,2,1983,Dona,1405.53,No,Grup B,Alessia Russo Russo,No,1983-02-14,43,0.035
21774231J,Marco,Rossi,Itàlia,Torí,3,11,2002,Altres,1568.7,No,Grup A,Marco Rossi,No,2002-11-03,23,0.05
61746871V,Alessandro,Ferrari,Itàlia,Torí,13,4,1972,Altres,1400.7,Sí,Grup A,Alessandro Ferrari,No,1972-04-13,54,0.05
96964440V,Marco,Russo,Itàlia,Torí,13,7,1982,Home,2270.79,No,Grup B,Marco Russo,No,1982-07-13,43,0.035
10352133N,Marco,Conti Russo,Itàlia,Torí,28,1,2005,Home,2072.07,No,Grup B,Marco Conti Russo,No,2005-01-28,21,0.035
73587985T,Francesca,Ferrari,Itàlia,Torí,25,3,1999,Dona,1097.25,Sí,Grup A,Francesca Ferrari,No,1999-03-25,27,0.05
67472696R,Francesca,Ferrari Ferrari,Itàlia,Torí,21,4,1990,,1362.06,No,Grup B,Francesca Ferrari Ferrari,No,1990-04-21,36,0.035
20214876P,Alessia,Russo,Itàlia,Torí,28,11,1954,Dona,1017.45,Sí,Grup A,Alessia Russo,No,1954-11-28,71,0.05
35241609K,Francesca,Russo,Itàlia,Torí,9,11,1986,Dona,1411.2,Sí,Grup A,Francesca Russo,No,1986-11-09,39,0.05
14098793R,Alessandro,Ferrari,Itàlia,Torí,22,7,2003,Home,1515.15,Sí,Grup A,Alessandro Ferrari,No,2003-07-22,22,0.05
45620823H,Alessia,Russo Russo,Itàlia,Torí,18,5,1995,Dona,1220.1,No,Grup A,Alessia Russo Russo,No,1995-05-18,31,0.05
85975055P,Giovanni,Rossi Ferrari,Itàlia,Torí,14,6,1991,Home,1073.1,No,Grup A,Giovanni Rossi Ferrari,No,1991-06-14,34,0.05
25144352S,Francesca,Rossi Russo,Itàlia,Torí,1,9,1994,Dona,1316.7,No,Grup A,Francesca Rossi Russo,No,1994-09-01,31,0.05
42177426S,Giovanni,Ferrari,Itàlia,Torí,8,2,1964,Home,1519.38,No,Grup B,Giovanni Ferrari,No,1964-02-08,62,0.035
28237150F,Giovanni,Rossi Russo,Itàlia,Torí,10,12,2000,Home,3093.12,Sí,Grup D,Giovanni Rossi Russo,No,2000-12-10,25,0.08
54347378D,Giulia,Russo,Itàlia,Torí,14,6,2005,Dona,1447.96,Sí,Grup B,Giulia Russo,No,2005-06-14,20,0.035
98288475Z,Youssef,Bennani,Marroc,Casablanca,20,9,1957,Home,819.0,Sí,Grup A,Youssef Bennani,No,1957-09-20,68,0.05
99258742G,Amina,Bennani,Marroc,Casablanca,22,10,2004,Dona,3183.84,Sí,Grup D,Amina Bennani,No,2004-10-22,21,0.08
75141877A,Fatima,Fassi,Marroc,Casablanca,18,3,1958,Dona,1194.39,No,Grup B,Fatima Fassi,No,1958-03-18,68,0.035
63099488Q,Youssef,Fassi Zahraoui,Marroc,Casablanca,8,3,2003,Home,1300.95,Sí,Grup A,Youssef Fassi Zahraoui,No,2003-03-08,23,0.05
49061102W,Mohamed,El Amrani Zahraoui,Marroc,Casablanca,12,8,1984,Altres,1599.07,Sí,Grup B,Mohamed El Amrani Zahraoui,No,1984-08-12,41,0.035
87981337P,Amina,Zahraoui Fassi,Marroc,Casablanca,20,1,1984,Dona,1162.35,No,Grup A,Amina Zahraoui Fassi,No,1984-01-20,42,0.05
47351659S,Salma,El Amrani,Marroc,Casablanca,12,10,1987,Dona,1484.7,No,Grup A,Salma El Amrani,No,1987-10-12,38,0.05
94310395L,Ali,Bennani,Marroc,Casablanca,22,3,1980,Home,2235.6,Sí,Grup B,Ali Bennani,No,1980-03-22,46,0.035
65339008Z,Salma,Zahraoui,Marroc,Casablanca,20,12,1971,Dona,1468.95,Sí,Grup A,Salma Zahraoui,No,1971-12-20,54,0.05
31059050X,Amina,Fassi,Marroc,Casablanca,13,12,1971,,1533.0,No,Grup A,Amina Fassi,No,1971-12-13,54,0.05
68343127F,Youssef,Zahraoui,Marroc,Casablanca,2,3,1998,Home,1678.95,No,Grup A,Youssef Zahraoui,No,1998-03-02,28,0.05
41366739S,Khadija,El Amrani,Marroc,Casablanca,13,9,1998,Dona,1192.8,Sí,Grup A,Khadija El Amrani,No,1998-09-13,27,0.05
79888539R,Ali,Bennani Fassi,Marroc,Casablanca,14,12,1983,Home,1585.5,No,Grup A,Ali Bennani Fassi,No,1983-12-14,42,0.05
18279367H,Amina,Zahraoui Zahraoui,Marroc,Casablanca,20,4,1973,Dona,1526.7,No,Grup A,Amina Zahraoui Zahraoui,No,1973-04-20,53,0.05
26977768S,Fatima,Zahraoui Zahraoui,Marroc,Casablanca,6,2,1993,Dona,1276.8,No,Grup A,Fatima Zahraoui Zahraoui,No,1993-02-06,33,0.05
86656444H,Salma,Zahraoui,Marroc,Casablanca,18,4,1999,Dona,1213.02,No,Grup B,Salma Zahraoui,No,1999-04-18,27,0.035
38141675A,Fatima,Fassi,Marroc,Rabat,6,11,2005,Altres,1513.05,Sí,Grup A,Fatima Fassi,No,2005-11-06,20,0.05
59157262R,Khadija,Bennani Bennani,Marroc,Rabat,20,1,1995,Dona,2012.04,No,Grup B,Khadija Bennani Bennani,No,1995-01-20,31,0.035
57230838V,Khadija,Fassi,Marroc,Rabat,10,5,1970,Dona,1471.77,No,Grup B,Khadija Fassi,No,1970-05-10,56,0.035
64074954W,Mohamed,Zahraoui,Marroc,Rabat,18,11,1950,Home,1570.8,No,Grup A,Mohamed Zahraoui,No,1950-11-18,75,0.05
89715580M,Salma,Zahraoui El Amrani,Marroc,Rabat,28,9,1950,Dona,1198.05,No,Grup A,Salma Zahraoui El Amrani,No,1950-09-28,75,0.05
27053674Z,Amina,El Amrani,Marroc,Rabat,25,1,1959,Dona,896.7,Sí,Grup A,Amina El Amrani,No,1959-01-25,67,0.05
72488520Y,Youssef,Fassi El Amrani,Marroc,Rabat,26,5,1968,Home,1044.75,Sí,Grup A,Youssef Fassi El Amrani,No,1968-05-26,58,0.05
33585026G,Youssef,El Amrani Fassi,Marroc,Rabat,13,10,1981,Home,1847.48,No,Grup B,Youssef El Amrani Fassi,No,1981-10-13,44,0.035
60378955C,Fatima,Zahraoui El Amrani,Marroc,Rabat,27,1,1986,Dona,1377.6,No,Grup A,Fatima Zahraoui El Amrani,No,1986-01-27,40,0.05
53822006D,Ali,El Amrani El Amrani,Marroc,Rabat,4,5,1971,Home,2201.44,No,Grup B,Ali El Amrani El Amrani,No,1971-05-04,55,0.035
13257049V,Youssef,Fassi Zahraoui,Marroc,Rabat,13,7,1974,Altres,1164.45,Sí,Grup A,Youssef Fassi Zahraoui,No,1974-07-13,51,0.05
78697534Q,Omar,Zahraoui Zahraoui,Marroc,Rabat,1,7,1983,,1334.55,Sí,Grup A,Omar Zahraoui Zahraoui,No,1983-07-01,42,0.05
77665617B,Youssef,Bennani El Amrani,Marroc,Rabat,5,9,1960,Home,1699.95,No,Grup A,Youssef Bennani El Amrani,No,1960-09-05,65,0.05
55802716W,Miguel,González,Mèxic,Ciutat de Mèxic,22,3,2002,Home,1607.55,No,Grup A,Miguel González,No,2002-03-22,24,0.05
57340670Z,Gabriela,González,Mèxic,Ciutat de Mèxic,17,6,1955,Dona,1668.42,Sí,Grup B,Gabriela González,No,1955-06-17,70,0.035
32044922L,Gabriela,Ramírez González,Mèxic,Ciutat de Mèxic,7,5,1980,Dona,2403.12,No,Grup C,Gabriela Ramírez González,No,1980-05-07,46,0.02
52655443Q,Gabriela,Cruz González,Mèxic,Ciutat de Mèxic,3,1,1955,Dona,1084.65,Sí,Grup A,Gabriela Cruz González,No,1955-01-03,71,0.05
83710837G,José,González Ramírez,Mèxic,Ciutat de Mèxic,2,3,1955,Home,1735.7,No,Grup B,José González Ramírez,No,1955-03-02,71,0.035
81992107P,María,Cruz,Mèxic,Ciutat de Mèxic,14,3,1958,Dona,2865.24,Sí,Grup D,María Cruz,No,1958-03-14,68,0.08
91287275Z,Luisa,González Cruz,Mèxic,Ciutat de Mèxic,20,11,1990,Dona,1243.03,Sí,Grup B,Luisa González Cruz,No,1990-11-20,35,0.035
16777341F,José,González,Mèxic,Ciutat de Mèxic,16,8,1973,Home,1077.3,No,Grup A,José González,No,1973-08-16,52,0.05
72888019J,María,González Hernández,Mèxic,Ciutat de Mèxic,14,7,1965,Dona,1671.52,No,Grup B,María González Hernández,No,1965-07-14,60,0.035
64394445D,Gabriela,Ramírez,Mèxic,Ciutat de Mèxic,19,2,1990,Dona,1623.92,Sí,Grup B,Gabriela Ramírez,No,1990-02-19,36,0.035
44505750Y,Gabriela,Ramírez González,Mèxic,Ciutat de Mèxic,26,3,1988,Dona,1262.7,No,Grup B,Gabriela Ramírez González,No,1988-03-26,38,0.035
81156988L,Miguel,González Cruz,Mèxic,Ciutat de Mèxic,7,8,1965,Home,2122.78,No,Grup B,Miguel González Cruz,No,1965-08-07,60,0.035
73829702G,Miguel,Ramírez,Mèxic,Ciutat de Mèxic,26,4,2005,Home,1748.25,No,Grup A,Miguel Ramírez,No,2005-04-26,21,0.05
97687146Q,Gabriela,González Cruz,Mèxic,Ciutat de Mèxic,20,2,1985,,1638.4,No,Grup B,Gabriela González Cruz,No,1985-02-20,41,0.035
93347578D,José,Cruz González,Mèxic,Ciutat de Mèxic,24,10,1983,Home,1501.5,No,Grup A,José Cruz González,No,1983-10-24,42,0.05
94224511S,Camila,Cruz Cruz,Mèxic,Ciutat de Mèxic,19,7,1954,Dona,1356.6,Sí,Grup A,Camila Cruz Cruz,No,1954-07-19,71,0.05
92292409L,Carlos,Ramírez Cruz,Mèxic,Ciutat de Mèxic,28,12,1971,Home,1605.45,Sí,Grup A,Carlos Ramírez Cruz,No,1971-12-28,54,0.05
93782971H,Luisa,González Hernández,Mèxic,Ciutat de Mèxic,19,4,2005,Dona,721.35,No,Grup A,Luisa González Hernández,No,2005-04-19,21,0.05
94364172S,Andrés,Hernández Hernández,Mèxic,Ciutat de Mèxic,11,12,1983,Home,2215.44,No,Grup C,Andrés Hernández Hernández,No,1983-12-11,42,0.02
26804172P,Andrés,Ramírez Hernández,Mèxic,Ciutat de Mèxic,2,9,1956,Home,1529.85,Sí,Grup A,Andrés Ramírez Hernández,No,1956-09-02,69,0.05
86981189A,Camila,Hernández Ramírez,Mèxic,Guadalajara,17,12,1996,Dona,1228.5,Sí,Grup A,Camila Hernández Ramírez,No,1996-12-17,29,0.05
43485739Q,Andrés,González,Mèxic,Guadalajara,26,2,1992,Home,2358.76,Sí,Grup B,Andrés González,No,1992-02-26,34,0.035
53037156T,José,Ramírez Hernández,Mèxic,Guadalajara,11,6,1966,Home,1967.58,No,Grup C,José Ramírez Hernández,No,1966-06-11,59,0.02
80377928E,José,Hernández,Mèxic,Guadalajara,12,1,1992,Altres,1440.6,No,Grup A,José Hernández,No,1992-01-12,34,0.05
90781919E,Miguel,González,Mèxic,Guadalajara,15,9,1955,Home,1232.7,No,Grup A,Miguel González,No,1955-09-15,70,0.05
89271483K,Camila,Ramírez González,Mèxic,Guadalajara,10,4,1965,Dona,1917.85,No,Grup B,Camila Ramírez González,No,1965-04-10,61,0.035
66183009R,Miguel,Cruz,Mèxic,Guadalajara,28,9,1955,Home,1318.8,Sí,Grup A,Miguel Cruz,No,1955-09-28,70,0.05
93868679R,María,Cruz,Mèxic,Guadalajara,23,6,1978,Dona,783.3,Sí,Grup A,María Cruz,No,1978-06-23,47,0.05
75949005H,María,Cruz,Mèxic,Guadalajara,27,1,1963,Dona,2461.26,No,Grup C,María Cruz,No,1963-01-27,63,0.02
44245943V,Gabriela,Cruz,Mèxic,Guadalajara,27,1,1955,Dona,1465.8,No,Grup A,Gabriela Cruz,No,1955-01-27,71,0.05
86198614J,Camila,Cruz Cruz,Mèxic,Guadalajara,2,1,1952,Dona,880.95,No,Grup A,Camila Cruz Cruz,No,1952-01-02,74,0.05
20554785E,Andrés,González,Mèxic,Guadalajara,13,10,1977,Home,1794.69,No,Grup B,Andrés González,No,1977-10-13,48,0.035
25380605S,Luisa,Ramírez,Mèxic,Guadalajara,8,6,1984,Dona,1897.2,No,Grup C,Luisa Ramírez,No,1984-06-08,41,0.02
92210964M,Camila,Hernández,Mèxic,Guadalajara,26,9,1978,Dona,2340.9,Sí,Grup C,Camila Hernández,No,1978-09-26,47,0.02
65159318X,Luisa,Cruz Ramírez,Mèxic,Guadalajara,19,2,1985,Dona,758.1,No,Grup A,Luisa Cruz Ramírez,No,1985-02-19,41,0.05
59717596Z,Camila,Cruz Ramírez,Mèxic,Guadalajara,4,10,1994,Dona,1860.48,Sí,Grup C,Camila Cruz Ramírez,No,1994-10-04,31,0.02
56402346W,Carlos,Ramírez,Mèxic,Guadalajara,21,3,1959,Home,1516.28,Sí,Grup B,Carlos Ramírez,No,1959-03-21,67,0.035
16928694K,Inês,Ferreira Silva,Portugal,Lisboa,25,2,1953,Dona,1184.04,No,Grup B,Inês Ferreira Silva,No,1953-02-25,73,0.035
23837247D,Miguel,Oliveira Pereira,Portugal,Lisboa,19,9,1978,Home,2293.98,No,Grup C,Miguel Oliveira Pereira,No,1978-09-19,47,0.02
78873166E,Beatriz,Ferreira Ferreira,Portugal,Lisboa,17,11,1952,,1022.7,No,Grup A,Beatriz Ferreira Ferreira,No,1952-11-17,73,0.05
91487269P,Maria,Silva Oliveira,Portugal,Lisboa,4,9,1993,,3125.52,No,Grup D,Maria Silva Oliveira,No,1993-09-04,32,0.08
18575690Y,João,Oliveira Ferreira,Portugal,Lisboa,21,3,1985,Home,1286.25,No,Grup A,João Oliveira Ferreira,No,1985-03-21,41,0.05
29550519X,Miguel,Silva,Portugal,Lisboa,12,6,1971,,941.85,No,Grup A,Miguel Silva,No,1971-06-12,54,0.05
93757958D,Inês,Silva,Portugal,Lisboa,20,8,1990,Dona,1177.05,Sí,Grup A,Inês Silva,No,1990-08-20,35,0.05
74821823F,Beatriz,Oliveira Ferreira,Portugal,Lisboa,5,9,1985,Dona,1602.18,Sí,Grup B,Beatriz Oliveira Ferreira,No,1985-09-05,40,0.035
19113138L,João,Oliveira,Portugal,Lisboa,1,7,1979,Home,1339.8,No,Grup A,João Oliveira,No,1979-07-01,46,0.05
31397148Y,João,Silva,Portugal,Lisboa,2,7,1994,Home,1715.7,No,Grup A,João Silva,No,1994-07-02,31,0.05
15021643F,Tiago,Ferreira Pereira,Portugal,Lisboa,15,3,1959,Altres,1326.15,No,Grup A,Tiago Ferreira Pereira,No,1959-03-15,67,0.05
69796526G,Inês,Oliveira Ferreira,Portugal,Lisboa,2,5,1970,Dona,721.35,No,Grup A,Inês Oliveira Ferreira,No,1970-05-02,56,0.05
74293523P,Sofia,Oliveira,Portugal,Lisboa,2,4,1998,Dona,2076.21,No,Grup B,Sofia Oliveira,No,1998-04-02,28,0.035
49962478C,Sofia,Silva Oliveira,Portugal,Lisboa,13,8,1977,,1499.72,No,Grup B,Sofia Silva Oliveira,No,1977-08-13,48,0.035
96925654W,Rui,Oliveira Silva,Portugal,Lisboa,25,8,1992,Home,1727.42,No,Grup B,Rui Oliveira Silva,No,1992-08-25,33,0.035
25997800F,Beatriz,Ferreira Pereira,Portugal,Lisboa,25,10,2004,Dona,2566.08,Sí,Grup D,Beatriz Ferreira Pereira,No,2004-10-25,21,0.08
22381649M,Inês,Silva,Portugal,Lisboa,28,2,1980,Dona,1589.16,Sí,Grup C,Inês Silva,No,1980-02-28,46,0.02
88420532P,Rui,Oliveira,Portugal,Lisboa,9,3,1951,Home,1931.88,No,Grup C,Rui Oliveira,No,1951-03-09,75,0.02
85620401P,Rui,Silva Silva,Portugal,Lisboa,6,5,1958,Home,1311.34,No,Grup B,Rui Silva Silva,No,1958-05-06,68,0.035
91877877E,Tiago,Ferreira,Portugal,Porto,22,11,1993,Home,1308.3,Sí,Grup A,Tiago Ferreira,No,1993-11-22,32,0.05
62356732M,Tiago,Silva Pereira,Portugal,Porto,24,3,1980,Home,1502.55,No,Grup A,Tiago Silva Pereira,No,1980-03-24,46,0.05
68455541R,Sofia,Oliveira,Portugal,Porto,5,7,1952,Dona,1462.46,No,Grup B,Sofia Oliveira,No,1952-07-05,73,0.035
72940295V,Tiago,Oliveira,Portugal,Porto,22,3,1989,Home,1421.7,Sí,Grup A,Tiago Oliveira,No,1989-03-22,37,0.05
87072861Y,Miguel,Ferreira,Portugal,Porto,19,2,1990,Home,1262.1,No,Grup A,Miguel Ferreira,No,1990-02-19,36,0.05
99946609J,Inês,Silva Oliveira,Portugal,Porto,11,2,1986,Dona,1000.65,No,Grup A,Inês Silva Oliveira,No,1986-02-11,40,0.05
69723912X,Miguel,Oliveira Pereira,Portugal,Porto,19,4,1958,Home,1081.5,No,Grup A,Miguel Oliveira Pereira,No,1958-04-19,68,0.05
51927396G,Maria,Pereira Pereira,Portugal,Porto,19,6,1980,Dona,1730.52,No,Grup B,Maria Pereira Pereira,No,1980-06-19,45,0.035
18647358J,Maria,Silva,Portugal,Porto,14,12,1991,Altres,2507.16,No,Grup C,Maria Silva,No,1991-12-14,34,0.02
49127195L,Beatriz,Ferreira,Portugal,Porto,11,5,1950,Altres,1629.09,Sí,Grup B,Beatriz Ferreira,No,1950-05-11,76,0.035
77255461X,Maria,Ferreira Ferreira,Portugal,Porto,4,3,1996,Dona,1962.36,Sí,Grup B,Maria Ferreira Ferreira,No,1996-03-04,30,0.035
73326255V,João,Silva,Portugal,Porto,23,10,1970,Home,2053.44,Sí,Grup B,João Silva,No,1970-10-23,55,0.035
49728917R,Sophie,Taylor,Regne Unit,Londres,27,2,1983,Dona,1542.45,No,Grup A,Sophie Taylor,No,1983-02-27,43,0.05
30477300W,Sophie,Brown,Regne Unit,Londres,12,5,1956,Dona,1562.64,No,Grup C,Sophie Brown,No,1956-05-12,70,0.02
98761038G,Olivia,Jones Brown,Regne Unit,Londres,20,1,1965,Altres,2509.2,Sí,Grup C,Olivia Jones Brown,No,1965-01-20,61,0.02
43731528C,Oliver,Jones,Regne Unit,Londres,1,6,1959,Home,956.55,Sí,Grup A,Oliver Jones,No,1959-06-01,67,0.05
15594293F,Emily,Jones,Regne Unit,Londres,15,11,1969,Dona,1318.59,No,Grup B,Emily Jones,No,1969-11-15,56,0.035
66854670R,George,Jones Taylor,Regne Unit,Londres,27,5,2000,,2173.5,No,Grup B,George Jones Taylor,No,2000-05-27,25,0.035
15056420W,George,Taylor Taylor,Regne Unit,Londres,8,9,1965,Home,1191.75,Sí,Grup A,George Taylor Taylor,No,1965-09-08,60,0.05
66434842X,James,Smith,Regne Unit,Londres,1,6,1954,Home,1131.9,No,Grup A,James Smith,No,1954-06-01,72,0.05
65737147M,William,Brown Smith,Regne Unit,Londres,17,7,1959,Home,1204.35,Sí,Grup A,William Brown Smith,No,1959-07-17,66,0.05
25331092S,Sophie,Jones,Regne Unit,Londres,26,1,1963,Dona,718.2,No,Grup A,Sophie Jones,No,1963-01-26,63,0.05
58817861M,Isla,Brown Jones,Regne Unit,Londres,5,3,1954,Altres,2325.6,Sí,Grup C,Isla Brown Jones,No,1954-03-05,72,0.02
16218169P,William,Brown,Regne Unit,Londres,24,2,1991,Home,1046.85,Sí,Grup A,William Brown,No,1991-02-24,35,0.05
52604206S,Olivia,Taylor,Regne Unit,Londres,13,9,1992,,1486.8,Sí,Grup A,Olivia Taylor,No,1992-09-13,33,0.05
96612764F,Isla,Smith Brown,Regne Unit,Londres,24,9,1991,Dona,2212.38,Sí,Grup C,Isla Smith Brown,No,1991-09-24,34,0.02
42592903R,Emily,Taylor,Regne Unit,Londres,24,3,1976,Dona,1312.5,Sí,Grup A,Emily Taylor,No,1976-03-24,50,0.05
25490219L,William,Smith Smith,Regne Unit,Londres,1,12,1952,Home,1700.5,Sí,Grup B,William Smith Smith,No,1952-12-01,73,0.035
50261072D,Sophie,Taylor Smith,Regne Unit,Londres,26,12,2005,Dona,1721.2,No,Grup B,Sophie Taylor Smith,No,2005-12-26,20,0.035
74953524F,Sophie,Brown,Regne Unit,Londres,17,5,1983,Dona,2232.78,Sí,Grup C,Sophie Brown,No,1983-05-17,43,0.02
67837921D,Isla,Taylor Smith,Regne Unit,Londres,7,5,1965,Dona,1298.85,No,Grup A,Isla Taylor Smith,No,1965-05-07,61,0.05
14371347B,William,Taylor,Regne Unit,Londres,11,10,1957,Home,1067.85,No,Grup A,William Taylor,No,1957-10-11,68,0.05
37846341L,Isla,Jones,Regne Unit,Manchester,26,6,1985,Dona,1461.42,Sí,Grup B,Isla Jones,No,1985-06-26,40,0.035
86350703G,Sophie,Smith,Regne Unit,Manchester,8,1,1957,Dona,1297.89,Sí,Grup B,Sophie Smith,No,1957-01-08,69,0.035
89577876S,Emily,Taylor Jones,Regne Unit,Manchester,28,3,1958,Dona,2104.15,No,Grup B,Emily Taylor Jones,No,1958-03-28,68,0.035
57441590Y,George,Brown Jones,Regne Unit,Manchester,27,12,1979,Home,1186.5,Sí,Grup A,George Brown Jones,No,1979-12-27,46,0.05
58204038A,Olivia,Brown Brown,Regne Unit,Manchester,28,8,1952,Altres,1074.15,No,Grup A,Olivia Brown Brown,No,1952-08-28,73,0.05
28367234K,Isla,Jones Brown,Regne Unit,Manchester,28,3,1999,Dona,1256.85,No,Grup A,Isla Jones Brown,No,1999-03-28,27,0.05
82046699J,William,Smith,Regne Unit,Manchester,19,5,1997,Home,1475.25,Sí,Grup A,William Smith,No,1997-05-19,29,0.05
